timestamp,model_name,method,rho,epsilon_input,epsilon_eval,run_id,iteration,mean_loss
2026-03-26T12:34:26,l1/init1/convnext_small_l1_2_init1,baseline_l2norm,,1.0,127.5,deterministic,1,0.6581589221954346
2026-03-26T12:34:26,l1/init1/convnext_small_l1_2_init1,baseline_l2norm,,1.0,127.5,deterministic,2,1.04058837890625
2026-03-26T12:34:26,l1/init1/convnext_small_l1_2_init1,baseline_l2norm,,1.0,127.5,deterministic,3,1.174524474143982
2026-03-26T12:34:26,l1/init1/convnext_small_l1_2_init1,baseline_l2norm,,1.0,127.5,deterministic,4,1.2301708936691285
2026-03-26T12:34:26,l1/init1/convnext_small_l1_2_init1,baseline_l2norm,,1.0,127.5,deterministic,5,1.3063819646835326
2026-03-26T12:34:26,l1/init1/convnext_small_l1_2_init1,baseline_l2norm,,1.0,127.5,deterministic,6,1.330411159992218
2026-03-26T12:34:26,l1/init1/convnext_small_l1_2_init1,baseline_l2norm,,1.0,127.5,deterministic,7,1.363749098777771
2026-03-26T12:34:26,l1/init1/convnext_small_l1_2_init1,baseline_l2norm,,1.0,127.5,deterministic,8,1.3772345066070557
2026-03-26T12:34:26,l1/init1/convnext_small_l1_2_init1,baseline_l2norm,,1.0,127.5,deterministic,9,1.3982195019721986
2026-03-26T12:34:26,l1/init1/convnext_small_l1_2_init1,baseline_l2norm,,1.0,127.5,deterministic,10,1.403343963623047
2026-03-26T12:34:37,l1/init1/convnext_small_l1_2_init1,baseline_l2norm,,1.0,127.5,random_restart_1,1,0.658172357082367
2026-03-26T12:34:37,l1/init1/convnext_small_l1_2_init1,baseline_l2norm,,1.0,127.5,random_restart_1,2,1.0405882358551026
2026-03-26T12:34:37,l1/init1/convnext_small_l1_2_init1,baseline_l2norm,,1.0,127.5,random_restart_1,3,1.1747243642807006
2026-03-26T12:34:37,l1/init1/convnext_small_l1_2_init1,baseline_l2norm,,1.0,127.5,random_restart_1,4,1.2302974224090577
2026-03-26T12:34:37,l1/init1/convnext_small_l1_2_init1,baseline_l2norm,,1.0,127.5,random_restart_1,5,1.3066386818885802
2026-03-26T12:34:37,l1/init1/convnext_small_l1_2_init1,baseline_l2norm,,1.0,127.5,random_restart_1,6,1.3307793498039246
2026-03-26T12:34:37,l1/init1/convnext_small_l1_2_init1,baseline_l2norm,,1.0,127.5,random_restart_1,7,1.3639626979827881
2026-03-26T12:34:37,l1/init1/convnext_small_l1_2_init1,baseline_l2norm,,1.0,127.5,random_restart_1,8,1.3769285082817078
2026-03-26T12:34:37,l1/init1/convnext_small_l1_2_init1,baseline_l2norm,,1.0,127.5,random_restart_1,9,1.3979814529418946
2026-03-26T12:34:37,l1/init1/convnext_small_l1_2_init1,baseline_l2norm,,1.0,127.5,random_restart_1,10,1.4039490938186645
2026-03-26T12:34:49,l1/init1/convnext_small_l1_2_init1,baseline_l2norm,,1.0,127.5,random_restart_2,1,0.6581537246704101
2026-03-26T12:34:49,l1/init1/convnext_small_l1_2_init1,baseline_l2norm,,1.0,127.5,random_restart_2,2,1.0406079411506652
2026-03-26T12:34:49,l1/init1/convnext_small_l1_2_init1,baseline_l2norm,,1.0,127.5,random_restart_2,3,1.1748926162719726
2026-03-26T12:34:49,l1/init1/convnext_small_l1_2_init1,baseline_l2norm,,1.0,127.5,random_restart_2,4,1.230060350894928
2026-03-26T12:34:49,l1/init1/convnext_small_l1_2_init1,baseline_l2norm,,1.0,127.5,random_restart_2,5,1.3059497594833374
2026-03-26T12:34:49,l1/init1/convnext_small_l1_2_init1,baseline_l2norm,,1.0,127.5,random_restart_2,6,1.3299222707748413
2026-03-26T12:34:49,l1/init1/convnext_small_l1_2_init1,baseline_l2norm,,1.0,127.5,random_restart_2,7,1.3629220724105835
2026-03-26T12:34:49,l1/init1/convnext_small_l1_2_init1,baseline_l2norm,,1.0,127.5,random_restart_2,8,1.3766879081726073
2026-03-26T12:34:49,l1/init1/convnext_small_l1_2_init1,baseline_l2norm,,1.0,127.5,random_restart_2,9,1.3984501600265502
2026-03-26T12:34:49,l1/init1/convnext_small_l1_2_init1,baseline_l2norm,,1.0,127.5,random_restart_2,10,1.4034173488616943
2026-03-26T12:35:01,l1/init1/convnext_small_l1_2_init1,baseline_l2norm,,1.0,127.5,random_restart_3,1,0.6581519484519959
2026-03-26T12:35:01,l1/init1/convnext_small_l1_2_init1,baseline_l2norm,,1.0,127.5,random_restart_3,2,1.0407222986221314
2026-03-26T12:35:01,l1/init1/convnext_small_l1_2_init1,baseline_l2norm,,1.0,127.5,random_restart_3,3,1.1746620416641236
2026-03-26T12:35:01,l1/init1/convnext_small_l1_2_init1,baseline_l2norm,,1.0,127.5,random_restart_3,4,1.2301820993423462
2026-03-26T12:35:01,l1/init1/convnext_small_l1_2_init1,baseline_l2norm,,1.0,127.5,random_restart_3,5,1.3065412759780883
2026-03-26T12:35:01,l1/init1/convnext_small_l1_2_init1,baseline_l2norm,,1.0,127.5,random_restart_3,6,1.330152976512909
2026-03-26T12:35:01,l1/init1/convnext_small_l1_2_init1,baseline_l2norm,,1.0,127.5,random_restart_3,7,1.3639437794685363
2026-03-26T12:35:01,l1/init1/convnext_small_l1_2_init1,baseline_l2norm,,1.0,127.5,random_restart_3,8,1.3765729904174804
2026-03-26T12:35:01,l1/init1/convnext_small_l1_2_init1,baseline_l2norm,,1.0,127.5,random_restart_3,9,1.3976728200912476
2026-03-26T12:35:01,l1/init1/convnext_small_l1_2_init1,baseline_l2norm,,1.0,127.5,random_restart_3,10,1.4038966655731202
2026-03-26T12:35:12,l1/init1/convnext_small_l1_2_init1,l1norm_step,,1.0,127.5,deterministic,1,0.6581589221954346
2026-03-26T12:35:12,l1/init1/convnext_small_l1_2_init1,l1norm_step,,1.0,127.5,deterministic,2,0.6848892509937287
2026-03-26T12:35:12,l1/init1/convnext_small_l1_2_init1,l1norm_step,,1.0,127.5,deterministic,3,0.7127105176448822
2026-03-26T12:35:12,l1/init1/convnext_small_l1_2_init1,l1norm_step,,1.0,127.5,deterministic,4,0.7414966285228729
2026-03-26T12:35:12,l1/init1/convnext_small_l1_2_init1,l1norm_step,,1.0,127.5,deterministic,5,0.7711267590522766
2026-03-26T12:35:12,l1/init1/convnext_small_l1_2_init1,l1norm_step,,1.0,127.5,deterministic,6,0.8015684902667999
2026-03-26T12:35:12,l1/init1/convnext_small_l1_2_init1,l1norm_step,,1.0,127.5,deterministic,7,0.8183973908424378
2026-03-26T12:35:12,l1/init1/convnext_small_l1_2_init1,l1norm_step,,1.0,127.5,deterministic,8,0.8332171142101288
2026-03-26T12:35:12,l1/init1/convnext_small_l1_2_init1,l1norm_step,,1.0,127.5,deterministic,9,0.8466850161552429
2026-03-26T12:35:12,l1/init1/convnext_small_l1_2_init1,l1norm_step,,1.0,127.5,deterministic,10,0.8590410470962524
2026-03-26T12:35:24,l1/init1/convnext_small_l1_2_init1,l1norm_step,,1.0,127.5,random_restart_1,1,0.658172357082367
2026-03-26T12:35:24,l1/init1/convnext_small_l1_2_init1,l1norm_step,,1.0,127.5,random_restart_1,2,0.6846563756465912
2026-03-26T12:35:24,l1/init1/convnext_small_l1_2_init1,l1norm_step,,1.0,127.5,random_restart_1,3,0.7108380675315857
2026-03-26T12:35:24,l1/init1/convnext_small_l1_2_init1,l1norm_step,,1.0,127.5,random_restart_1,4,0.7357206284999848
2026-03-26T12:35:24,l1/init1/convnext_small_l1_2_init1,l1norm_step,,1.0,127.5,random_restart_1,5,0.7587933421134949
2026-03-26T12:35:24,l1/init1/convnext_small_l1_2_init1,l1norm_step,,1.0,127.5,random_restart_1,6,0.7798491597175599
2026-03-26T12:35:24,l1/init1/convnext_small_l1_2_init1,l1norm_step,,1.0,127.5,random_restart_1,7,0.7988968253135681
2026-03-26T12:35:24,l1/init1/convnext_small_l1_2_init1,l1norm_step,,1.0,127.5,random_restart_1,8,0.8161723136901855
2026-03-26T12:35:24,l1/init1/convnext_small_l1_2_init1,l1norm_step,,1.0,127.5,random_restart_1,9,0.8318882167339325
2026-03-26T12:35:24,l1/init1/convnext_small_l1_2_init1,l1norm_step,,1.0,127.5,random_restart_1,10,0.8462453246116638
2026-03-26T12:35:36,l1/init1/convnext_small_l1_2_init1,l1norm_step,,1.0,127.5,random_restart_2,1,0.6581537246704101
2026-03-26T12:35:36,l1/init1/convnext_small_l1_2_init1,l1norm_step,,1.0,127.5,random_restart_2,2,0.6846502184867859
2026-03-26T12:35:36,l1/init1/convnext_small_l1_2_init1,l1norm_step,,1.0,127.5,random_restart_2,3,0.7108315348625183
2026-03-26T12:35:36,l1/init1/convnext_small_l1_2_init1,l1norm_step,,1.0,127.5,random_restart_2,4,0.73571298122406
2026-03-26T12:35:36,l1/init1/convnext_small_l1_2_init1,l1norm_step,,1.0,127.5,random_restart_2,5,0.7587650656700134
2026-03-26T12:35:36,l1/init1/convnext_small_l1_2_init1,l1norm_step,,1.0,127.5,random_restart_2,6,0.7798058688640594
2026-03-26T12:35:36,l1/init1/convnext_small_l1_2_init1,l1norm_step,,1.0,127.5,random_restart_2,7,0.7988576054573059
2026-03-26T12:35:36,l1/init1/convnext_small_l1_2_init1,l1norm_step,,1.0,127.5,random_restart_2,8,0.8161188006401062
2026-03-26T12:35:36,l1/init1/convnext_small_l1_2_init1,l1norm_step,,1.0,127.5,random_restart_2,9,0.8318293392658234
2026-03-26T12:35:36,l1/init1/convnext_small_l1_2_init1,l1norm_step,,1.0,127.5,random_restart_2,10,0.8461816012859344
2026-03-26T12:35:48,l1/init1/convnext_small_l1_2_init1,l1norm_step,,1.0,127.5,random_restart_3,1,0.6581519484519959
2026-03-26T12:35:48,l1/init1/convnext_small_l1_2_init1,l1norm_step,,1.0,127.5,random_restart_3,2,0.6846508741378784
2026-03-26T12:35:48,l1/init1/convnext_small_l1_2_init1,l1norm_step,,1.0,127.5,random_restart_3,3,0.710847020149231
2026-03-26T12:35:48,l1/init1/convnext_small_l1_2_init1,l1norm_step,,1.0,127.5,random_restart_3,4,0.7357304871082306
2026-03-26T12:35:48,l1/init1/convnext_small_l1_2_init1,l1norm_step,,1.0,127.5,random_restart_3,5,0.7588027775287628
2026-03-26T12:35:48,l1/init1/convnext_small_l1_2_init1,l1norm_step,,1.0,127.5,random_restart_3,6,0.7798377513885498
2026-03-26T12:35:48,l1/init1/convnext_small_l1_2_init1,l1norm_step,,1.0,127.5,random_restart_3,7,0.798899793624878
2026-03-26T12:35:48,l1/init1/convnext_small_l1_2_init1,l1norm_step,,1.0,127.5,random_restart_3,8,0.8161740481853486
2026-03-26T12:35:48,l1/init1/convnext_small_l1_2_init1,l1norm_step,,1.0,127.5,random_restart_3,9,0.8318924188613892
2026-03-26T12:35:48,l1/init1/convnext_small_l1_2_init1,l1norm_step,,1.0,127.5,random_restart_3,10,0.846251928806305
2026-03-26T12:35:59,l1/init1/convnext_small_l1_2_init1,raw_grad_step,,1.0,127.5,deterministic,1,0.6581589221954346
2026-03-26T12:35:59,l1/init1/convnext_small_l1_2_init1,raw_grad_step,,1.0,127.5,deterministic,2,0.7437103867530823
2026-03-26T12:35:59,l1/init1/convnext_small_l1_2_init1,raw_grad_step,,1.0,127.5,deterministic,3,0.8015918552875518
2026-03-26T12:35:59,l1/init1/convnext_small_l1_2_init1,raw_grad_step,,1.0,127.5,deterministic,4,0.8417772471904754
2026-03-26T12:35:59,l1/init1/convnext_small_l1_2_init1,raw_grad_step,,1.0,127.5,deterministic,5,0.8728045880794525
2026-03-26T12:35:59,l1/init1/convnext_small_l1_2_init1,raw_grad_step,,1.0,127.5,deterministic,6,0.8980284631252289
2026-03-26T12:35:59,l1/init1/convnext_small_l1_2_init1,raw_grad_step,,1.0,127.5,deterministic,7,0.9197356700897217
2026-03-26T12:35:59,l1/init1/convnext_small_l1_2_init1,raw_grad_step,,1.0,127.5,deterministic,8,0.9388167023658752
2026-03-26T12:35:59,l1/init1/convnext_small_l1_2_init1,raw_grad_step,,1.0,127.5,deterministic,9,0.9559046149253845
2026-03-26T12:35:59,l1/init1/convnext_small_l1_2_init1,raw_grad_step,,1.0,127.5,deterministic,10,0.9714841842651367
2026-03-26T12:36:11,l1/init1/convnext_small_l1_2_init1,raw_grad_step,,1.0,127.5,random_restart_1,1,0.658172357082367
2026-03-26T12:36:11,l1/init1/convnext_small_l1_2_init1,raw_grad_step,,1.0,127.5,random_restart_1,2,0.7355277180671692
2026-03-26T12:36:11,l1/init1/convnext_small_l1_2_init1,raw_grad_step,,1.0,127.5,random_restart_1,3,0.7916257619857788
2026-03-26T12:36:11,l1/init1/convnext_small_l1_2_init1,raw_grad_step,,1.0,127.5,random_restart_1,4,0.8325620770454407
2026-03-26T12:36:11,l1/init1/convnext_small_l1_2_init1,raw_grad_step,,1.0,127.5,random_restart_1,5,0.8647191226482391
2026-03-26T12:36:11,l1/init1/convnext_small_l1_2_init1,raw_grad_step,,1.0,127.5,random_restart_1,6,0.8912713766098023
2026-03-26T12:36:11,l1/init1/convnext_small_l1_2_init1,raw_grad_step,,1.0,127.5,random_restart_1,7,0.9138642072677612
2026-03-26T12:36:11,l1/init1/convnext_small_l1_2_init1,raw_grad_step,,1.0,127.5,random_restart_1,8,0.9335841298103332
2026-03-26T12:36:11,l1/init1/convnext_small_l1_2_init1,raw_grad_step,,1.0,127.5,random_restart_1,9,0.9511602401733399
2026-03-26T12:36:11,l1/init1/convnext_small_l1_2_init1,raw_grad_step,,1.0,127.5,random_restart_1,10,0.967106568813324
2026-03-26T12:36:23,l1/init1/convnext_small_l1_2_init1,raw_grad_step,,1.0,127.5,random_restart_2,1,0.6581537246704101
2026-03-26T12:36:23,l1/init1/convnext_small_l1_2_init1,raw_grad_step,,1.0,127.5,random_restart_2,2,0.7355124175548553
2026-03-26T12:36:23,l1/init1/convnext_small_l1_2_init1,raw_grad_step,,1.0,127.5,random_restart_2,3,0.7916153490543365
2026-03-26T12:36:23,l1/init1/convnext_small_l1_2_init1,raw_grad_step,,1.0,127.5,random_restart_2,4,0.8325257956981659
2026-03-26T12:36:23,l1/init1/convnext_small_l1_2_init1,raw_grad_step,,1.0,127.5,random_restart_2,5,0.8646673917770386
2026-03-26T12:36:23,l1/init1/convnext_small_l1_2_init1,raw_grad_step,,1.0,127.5,random_restart_2,6,0.8912106096744538
2026-03-26T12:36:23,l1/init1/convnext_small_l1_2_init1,raw_grad_step,,1.0,127.5,random_restart_2,7,0.9138198494911194
2026-03-26T12:36:23,l1/init1/convnext_small_l1_2_init1,raw_grad_step,,1.0,127.5,random_restart_2,8,0.9335761070251465
2026-03-26T12:36:23,l1/init1/convnext_small_l1_2_init1,raw_grad_step,,1.0,127.5,random_restart_2,9,0.951185142993927
2026-03-26T12:36:23,l1/init1/convnext_small_l1_2_init1,raw_grad_step,,1.0,127.5,random_restart_2,10,0.9671664118766785
2026-03-26T12:36:34,l1/init1/convnext_small_l1_2_init1,raw_grad_step,,1.0,127.5,random_restart_3,1,0.6581519484519959
2026-03-26T12:36:34,l1/init1/convnext_small_l1_2_init1,raw_grad_step,,1.0,127.5,random_restart_3,2,0.7355666518211365
2026-03-26T12:36:34,l1/init1/convnext_small_l1_2_init1,raw_grad_step,,1.0,127.5,random_restart_3,3,0.7916691958904266
2026-03-26T12:36:34,l1/init1/convnext_small_l1_2_init1,raw_grad_step,,1.0,127.5,random_restart_3,4,0.8325645864009857
2026-03-26T12:36:34,l1/init1/convnext_small_l1_2_init1,raw_grad_step,,1.0,127.5,random_restart_3,5,0.8647104620933532
2026-03-26T12:36:34,l1/init1/convnext_small_l1_2_init1,raw_grad_step,,1.0,127.5,random_restart_3,6,0.8912596702575684
2026-03-26T12:36:34,l1/init1/convnext_small_l1_2_init1,raw_grad_step,,1.0,127.5,random_restart_3,7,0.9138660192489624
2026-03-26T12:36:34,l1/init1/convnext_small_l1_2_init1,raw_grad_step,,1.0,127.5,random_restart_3,8,0.9336014509201049
2026-03-26T12:36:34,l1/init1/convnext_small_l1_2_init1,raw_grad_step,,1.0,127.5,random_restart_3,9,0.9512051820755005
2026-03-26T12:36:34,l1/init1/convnext_small_l1_2_init1,raw_grad_step,,1.0,127.5,random_restart_3,10,0.9671775817871093
2026-03-26T12:36:46,l1/init1/convnext_small_l1_2_init1,l1_apgd_topk,0.01,1.0,127.5,deterministic,1,0.6581589221954346
2026-03-26T12:36:46,l1/init1/convnext_small_l1_2_init1,l1_apgd_topk,0.01,1.0,127.5,deterministic,2,1.0785531520843505
2026-03-26T12:36:46,l1/init1/convnext_small_l1_2_init1,l1_apgd_topk,0.01,1.0,127.5,deterministic,3,1.175016164779663
2026-03-26T12:36:46,l1/init1/convnext_small_l1_2_init1,l1_apgd_topk,0.01,1.0,127.5,deterministic,4,1.2332635402679444
2026-03-26T12:36:46,l1/init1/convnext_small_l1_2_init1,l1_apgd_topk,0.01,1.0,127.5,deterministic,5,1.2632965326309205
2026-03-26T12:36:46,l1/init1/convnext_small_l1_2_init1,l1_apgd_topk,0.01,1.0,127.5,deterministic,6,1.288504993915558
2026-03-26T12:36:46,l1/init1/convnext_small_l1_2_init1,l1_apgd_topk,0.01,1.0,127.5,deterministic,7,1.3039199113845825
2026-03-26T12:36:46,l1/init1/convnext_small_l1_2_init1,l1_apgd_topk,0.01,1.0,127.5,deterministic,8,1.3164596915245057
2026-03-26T12:36:46,l1/init1/convnext_small_l1_2_init1,l1_apgd_topk,0.01,1.0,127.5,deterministic,9,1.3223096013069153
2026-03-26T12:36:46,l1/init1/convnext_small_l1_2_init1,l1_apgd_topk,0.01,1.0,127.5,deterministic,10,1.3296207666397095
2026-03-26T12:36:58,l1/init1/convnext_small_l1_2_init1,l1_apgd_topk,0.01,1.0,127.5,random_restart_1,1,0.658172357082367
2026-03-26T12:36:58,l1/init1/convnext_small_l1_2_init1,l1_apgd_topk,0.01,1.0,127.5,random_restart_1,2,1.078600239753723
2026-03-26T12:36:58,l1/init1/convnext_small_l1_2_init1,l1_apgd_topk,0.01,1.0,127.5,random_restart_1,3,1.1755696535110474
2026-03-26T12:36:58,l1/init1/convnext_small_l1_2_init1,l1_apgd_topk,0.01,1.0,127.5,random_restart_1,4,1.2332682371139527
2026-03-26T12:36:58,l1/init1/convnext_small_l1_2_init1,l1_apgd_topk,0.01,1.0,127.5,random_restart_1,5,1.263409161567688
2026-03-26T12:36:58,l1/init1/convnext_small_l1_2_init1,l1_apgd_topk,0.01,1.0,127.5,random_restart_1,6,1.2891676425933838
2026-03-26T12:36:58,l1/init1/convnext_small_l1_2_init1,l1_apgd_topk,0.01,1.0,127.5,random_restart_1,7,1.304573082923889
2026-03-26T12:36:58,l1/init1/convnext_small_l1_2_init1,l1_apgd_topk,0.01,1.0,127.5,random_restart_1,8,1.3168772459030151
2026-03-26T12:36:58,l1/init1/convnext_small_l1_2_init1,l1_apgd_topk,0.01,1.0,127.5,random_restart_1,9,1.3221640825271606
2026-03-26T12:36:58,l1/init1/convnext_small_l1_2_init1,l1_apgd_topk,0.01,1.0,127.5,random_restart_1,10,1.3298316717147827
2026-03-26T12:37:10,l1/init1/convnext_small_l1_2_init1,l1_apgd_topk,0.01,1.0,127.5,random_restart_2,1,0.6581537246704101
2026-03-26T12:37:10,l1/init1/convnext_small_l1_2_init1,l1_apgd_topk,0.01,1.0,127.5,random_restart_2,2,1.0787210583686828
2026-03-26T12:37:10,l1/init1/convnext_small_l1_2_init1,l1_apgd_topk,0.01,1.0,127.5,random_restart_2,3,1.175245213508606
2026-03-26T12:37:10,l1/init1/convnext_small_l1_2_init1,l1_apgd_topk,0.01,1.0,127.5,random_restart_2,4,1.2333988428115845
2026-03-26T12:37:10,l1/init1/convnext_small_l1_2_init1,l1_apgd_topk,0.01,1.0,127.5,random_restart_2,5,1.263395082950592
2026-03-26T12:37:10,l1/init1/convnext_small_l1_2_init1,l1_apgd_topk,0.01,1.0,127.5,random_restart_2,6,1.288686215877533
2026-03-26T12:37:10,l1/init1/convnext_small_l1_2_init1,l1_apgd_topk,0.01,1.0,127.5,random_restart_2,7,1.3039658069610596
2026-03-26T12:37:10,l1/init1/convnext_small_l1_2_init1,l1_apgd_topk,0.01,1.0,127.5,random_restart_2,8,1.3165481328964233
2026-03-26T12:37:10,l1/init1/convnext_small_l1_2_init1,l1_apgd_topk,0.01,1.0,127.5,random_restart_2,9,1.3212024569511414
2026-03-26T12:37:10,l1/init1/convnext_small_l1_2_init1,l1_apgd_topk,0.01,1.0,127.5,random_restart_2,10,1.3291836977005005
2026-03-26T12:37:21,l1/init1/convnext_small_l1_2_init1,l1_apgd_topk,0.01,1.0,127.5,random_restart_3,1,0.6581519484519959
2026-03-26T12:37:21,l1/init1/convnext_small_l1_2_init1,l1_apgd_topk,0.01,1.0,127.5,random_restart_3,2,1.0786943793296815
2026-03-26T12:37:21,l1/init1/convnext_small_l1_2_init1,l1_apgd_topk,0.01,1.0,127.5,random_restart_3,3,1.1750746846199036
2026-03-26T12:37:21,l1/init1/convnext_small_l1_2_init1,l1_apgd_topk,0.01,1.0,127.5,random_restart_3,4,1.2333502769470215
2026-03-26T12:37:21,l1/init1/convnext_small_l1_2_init1,l1_apgd_topk,0.01,1.0,127.5,random_restart_3,5,1.2634432792663575
2026-03-26T12:37:21,l1/init1/convnext_small_l1_2_init1,l1_apgd_topk,0.01,1.0,127.5,random_restart_3,6,1.288705551624298
2026-03-26T12:37:21,l1/init1/convnext_small_l1_2_init1,l1_apgd_topk,0.01,1.0,127.5,random_restart_3,7,1.3040435791015625
2026-03-26T12:37:21,l1/init1/convnext_small_l1_2_init1,l1_apgd_topk,0.01,1.0,127.5,random_restart_3,8,1.3167368650436402
2026-03-26T12:37:21,l1/init1/convnext_small_l1_2_init1,l1_apgd_topk,0.01,1.0,127.5,random_restart_3,9,1.3225682377815247
2026-03-26T12:37:21,l1/init1/convnext_small_l1_2_init1,l1_apgd_topk,0.01,1.0,127.5,random_restart_3,10,1.330093502998352
2026-03-26T12:37:33,l1/init1/convnext_small_l1_2_init1,l1_apgd_topk,0.05,1.0,127.5,deterministic,1,0.6581589221954346
2026-03-26T12:37:33,l1/init1/convnext_small_l1_2_init1,l1_apgd_topk,0.05,1.0,127.5,deterministic,2,0.9505491614341736
2026-03-26T12:37:33,l1/init1/convnext_small_l1_2_init1,l1_apgd_topk,0.05,1.0,127.5,deterministic,3,0.9819212317466736
2026-03-26T12:37:33,l1/init1/convnext_small_l1_2_init1,l1_apgd_topk,0.05,1.0,127.5,deterministic,4,0.9906553030014038
2026-03-26T12:37:33,l1/init1/convnext_small_l1_2_init1,l1_apgd_topk,0.05,1.0,127.5,deterministic,5,0.9940609097480774
2026-03-26T12:37:33,l1/init1/convnext_small_l1_2_init1,l1_apgd_topk,0.05,1.0,127.5,deterministic,6,0.9957103729248047
2026-03-26T12:37:33,l1/init1/convnext_small_l1_2_init1,l1_apgd_topk,0.05,1.0,127.5,deterministic,7,0.9966632843017578
2026-03-26T12:37:33,l1/init1/convnext_small_l1_2_init1,l1_apgd_topk,0.05,1.0,127.5,deterministic,8,0.9972576975822449
2026-03-26T12:37:33,l1/init1/convnext_small_l1_2_init1,l1_apgd_topk,0.05,1.0,127.5,deterministic,9,0.9976839542388916
2026-03-26T12:37:33,l1/init1/convnext_small_l1_2_init1,l1_apgd_topk,0.05,1.0,127.5,deterministic,10,0.9980162501335144
2026-03-26T12:37:45,l1/init1/convnext_small_l1_2_init1,l1_apgd_topk,0.05,1.0,127.5,random_restart_1,1,0.658172357082367
2026-03-26T12:37:45,l1/init1/convnext_small_l1_2_init1,l1_apgd_topk,0.05,1.0,127.5,random_restart_1,2,0.9505416035652161
2026-03-26T12:37:45,l1/init1/convnext_small_l1_2_init1,l1_apgd_topk,0.05,1.0,127.5,random_restart_1,3,0.9819230198860168
2026-03-26T12:37:45,l1/init1/convnext_small_l1_2_init1,l1_apgd_topk,0.05,1.0,127.5,random_restart_1,4,0.99066721200943
2026-03-26T12:37:45,l1/init1/convnext_small_l1_2_init1,l1_apgd_topk,0.05,1.0,127.5,random_restart_1,5,0.9940465688705444
2026-03-26T12:37:45,l1/init1/convnext_small_l1_2_init1,l1_apgd_topk,0.05,1.0,127.5,random_restart_1,6,0.9956096291542054
2026-03-26T12:37:45,l1/init1/convnext_small_l1_2_init1,l1_apgd_topk,0.05,1.0,127.5,random_restart_1,7,0.996528160572052
2026-03-26T12:37:45,l1/init1/convnext_small_l1_2_init1,l1_apgd_topk,0.05,1.0,127.5,random_restart_1,8,0.9970808863639832
2026-03-26T12:37:45,l1/init1/convnext_small_l1_2_init1,l1_apgd_topk,0.05,1.0,127.5,random_restart_1,9,0.9974890112876892
2026-03-26T12:37:45,l1/init1/convnext_small_l1_2_init1,l1_apgd_topk,0.05,1.0,127.5,random_restart_1,10,0.9977527856826782
2026-03-26T12:37:57,l1/init1/convnext_small_l1_2_init1,l1_apgd_topk,0.05,1.0,127.5,random_restart_2,1,0.6581537246704101
2026-03-26T12:37:57,l1/init1/convnext_small_l1_2_init1,l1_apgd_topk,0.05,1.0,127.5,random_restart_2,2,0.9504849195480347
2026-03-26T12:37:57,l1/init1/convnext_small_l1_2_init1,l1_apgd_topk,0.05,1.0,127.5,random_restart_2,3,0.981943917274475
2026-03-26T12:37:57,l1/init1/convnext_small_l1_2_init1,l1_apgd_topk,0.05,1.0,127.5,random_restart_2,4,0.9906280517578125
2026-03-26T12:37:57,l1/init1/convnext_small_l1_2_init1,l1_apgd_topk,0.05,1.0,127.5,random_restart_2,5,0.9941760420799255
2026-03-26T12:37:57,l1/init1/convnext_small_l1_2_init1,l1_apgd_topk,0.05,1.0,127.5,random_restart_2,6,0.9958466768264771
2026-03-26T12:37:57,l1/init1/convnext_small_l1_2_init1,l1_apgd_topk,0.05,1.0,127.5,random_restart_2,7,0.9968564867973327
2026-03-26T12:37:57,l1/init1/convnext_small_l1_2_init1,l1_apgd_topk,0.05,1.0,127.5,random_restart_2,8,0.9974583148956299
2026-03-26T12:37:57,l1/init1/convnext_small_l1_2_init1,l1_apgd_topk,0.05,1.0,127.5,random_restart_2,9,0.9978267788887024
2026-03-26T12:37:57,l1/init1/convnext_small_l1_2_init1,l1_apgd_topk,0.05,1.0,127.5,random_restart_2,10,0.998156213760376
2026-03-26T12:38:08,l1/init1/convnext_small_l1_2_init1,l1_apgd_topk,0.05,1.0,127.5,random_restart_3,1,0.6581519484519959
2026-03-26T12:38:08,l1/init1/convnext_small_l1_2_init1,l1_apgd_topk,0.05,1.0,127.5,random_restart_3,2,0.9505462169647216
2026-03-26T12:38:08,l1/init1/convnext_small_l1_2_init1,l1_apgd_topk,0.05,1.0,127.5,random_restart_3,3,0.9820096254348755
2026-03-26T12:38:08,l1/init1/convnext_small_l1_2_init1,l1_apgd_topk,0.05,1.0,127.5,random_restart_3,4,0.9907174110412598
2026-03-26T12:38:08,l1/init1/convnext_small_l1_2_init1,l1_apgd_topk,0.05,1.0,127.5,random_restart_3,5,0.9941308379173279
2026-03-26T12:38:08,l1/init1/convnext_small_l1_2_init1,l1_apgd_topk,0.05,1.0,127.5,random_restart_3,6,0.9958355545997619
2026-03-26T12:38:08,l1/init1/convnext_small_l1_2_init1,l1_apgd_topk,0.05,1.0,127.5,random_restart_3,7,0.9968841075897217
2026-03-26T12:38:08,l1/init1/convnext_small_l1_2_init1,l1_apgd_topk,0.05,1.0,127.5,random_restart_3,8,0.9974809646606445
2026-03-26T12:38:08,l1/init1/convnext_small_l1_2_init1,l1_apgd_topk,0.05,1.0,127.5,random_restart_3,9,0.9978857517242432
2026-03-26T12:38:08,l1/init1/convnext_small_l1_2_init1,l1_apgd_topk,0.05,1.0,127.5,random_restart_3,10,0.9982139945030213
2026-03-26T12:38:20,l1/init1/convnext_small_l1_2_init1,l1_apgd_topk,0.1,1.0,127.5,deterministic,1,0.6581589221954346
2026-03-26T12:38:20,l1/init1/convnext_small_l1_2_init1,l1_apgd_topk,0.1,1.0,127.5,deterministic,2,0.8837184309959412
2026-03-26T12:38:20,l1/init1/convnext_small_l1_2_init1,l1_apgd_topk,0.1,1.0,127.5,deterministic,3,0.9005724310874939
2026-03-26T12:38:20,l1/init1/convnext_small_l1_2_init1,l1_apgd_topk,0.1,1.0,127.5,deterministic,4,0.9046944856643677
2026-03-26T12:38:20,l1/init1/convnext_small_l1_2_init1,l1_apgd_topk,0.1,1.0,127.5,deterministic,5,0.9064074873924255
2026-03-26T12:38:20,l1/init1/convnext_small_l1_2_init1,l1_apgd_topk,0.1,1.0,127.5,deterministic,6,0.9071040034294129
2026-03-26T12:38:20,l1/init1/convnext_small_l1_2_init1,l1_apgd_topk,0.1,1.0,127.5,deterministic,7,0.9074764609336853
2026-03-26T12:38:20,l1/init1/convnext_small_l1_2_init1,l1_apgd_topk,0.1,1.0,127.5,deterministic,8,0.9076930403709411
2026-03-26T12:38:20,l1/init1/convnext_small_l1_2_init1,l1_apgd_topk,0.1,1.0,127.5,deterministic,9,0.9078038096427917
2026-03-26T12:38:20,l1/init1/convnext_small_l1_2_init1,l1_apgd_topk,0.1,1.0,127.5,deterministic,10,0.9079023361206054
2026-03-26T12:38:32,l1/init1/convnext_small_l1_2_init1,l1_apgd_topk,0.1,1.0,127.5,random_restart_1,1,0.658172357082367
2026-03-26T12:38:32,l1/init1/convnext_small_l1_2_init1,l1_apgd_topk,0.1,1.0,127.5,random_restart_1,2,0.8836524844169616
2026-03-26T12:38:32,l1/init1/convnext_small_l1_2_init1,l1_apgd_topk,0.1,1.0,127.5,random_restart_1,3,0.9006740927696228
2026-03-26T12:38:32,l1/init1/convnext_small_l1_2_init1,l1_apgd_topk,0.1,1.0,127.5,random_restart_1,4,0.9045857071876526
2026-03-26T12:38:32,l1/init1/convnext_small_l1_2_init1,l1_apgd_topk,0.1,1.0,127.5,random_restart_1,5,0.9064538478851318
2026-03-26T12:38:32,l1/init1/convnext_small_l1_2_init1,l1_apgd_topk,0.1,1.0,127.5,random_restart_1,6,0.9071581840515137
2026-03-26T12:38:32,l1/init1/convnext_small_l1_2_init1,l1_apgd_topk,0.1,1.0,127.5,random_restart_1,7,0.9075843811035156
2026-03-26T12:38:32,l1/init1/convnext_small_l1_2_init1,l1_apgd_topk,0.1,1.0,127.5,random_restart_1,8,0.9078482389450073
2026-03-26T12:38:32,l1/init1/convnext_small_l1_2_init1,l1_apgd_topk,0.1,1.0,127.5,random_restart_1,9,0.9080095052719116
2026-03-26T12:38:32,l1/init1/convnext_small_l1_2_init1,l1_apgd_topk,0.1,1.0,127.5,random_restart_1,10,0.9081639409065246
2026-03-26T12:38:44,l1/init1/convnext_small_l1_2_init1,l1_apgd_topk,0.1,1.0,127.5,random_restart_2,1,0.6581537246704101
2026-03-26T12:38:44,l1/init1/convnext_small_l1_2_init1,l1_apgd_topk,0.1,1.0,127.5,random_restart_2,2,0.8836242735385895
2026-03-26T12:38:44,l1/init1/convnext_small_l1_2_init1,l1_apgd_topk,0.1,1.0,127.5,random_restart_2,3,0.9006497263908386
2026-03-26T12:38:44,l1/init1/convnext_small_l1_2_init1,l1_apgd_topk,0.1,1.0,127.5,random_restart_2,4,0.9046873092651367
2026-03-26T12:38:44,l1/init1/convnext_small_l1_2_init1,l1_apgd_topk,0.1,1.0,127.5,random_restart_2,5,0.9063849925994873
2026-03-26T12:38:44,l1/init1/convnext_small_l1_2_init1,l1_apgd_topk,0.1,1.0,127.5,random_restart_2,6,0.9071013927459717
2026-03-26T12:38:44,l1/init1/convnext_small_l1_2_init1,l1_apgd_topk,0.1,1.0,127.5,random_restart_2,7,0.9075389504432678
2026-03-26T12:38:44,l1/init1/convnext_small_l1_2_init1,l1_apgd_topk,0.1,1.0,127.5,random_restart_2,8,0.9078370451927185
2026-03-26T12:38:44,l1/init1/convnext_small_l1_2_init1,l1_apgd_topk,0.1,1.0,127.5,random_restart_2,9,0.908118736743927
2026-03-26T12:38:44,l1/init1/convnext_small_l1_2_init1,l1_apgd_topk,0.1,1.0,127.5,random_restart_2,10,0.9083242177963257
2026-03-26T12:38:55,l1/init1/convnext_small_l1_2_init1,l1_apgd_topk,0.1,1.0,127.5,random_restart_3,1,0.6581519484519959
2026-03-26T12:38:55,l1/init1/convnext_small_l1_2_init1,l1_apgd_topk,0.1,1.0,127.5,random_restart_3,2,0.8836542725563049
2026-03-26T12:38:55,l1/init1/convnext_small_l1_2_init1,l1_apgd_topk,0.1,1.0,127.5,random_restart_3,3,0.900739336013794
2026-03-26T12:38:55,l1/init1/convnext_small_l1_2_init1,l1_apgd_topk,0.1,1.0,127.5,random_restart_3,4,0.90467928647995
2026-03-26T12:38:55,l1/init1/convnext_small_l1_2_init1,l1_apgd_topk,0.1,1.0,127.5,random_restart_3,5,0.9062677979469299
2026-03-26T12:38:55,l1/init1/convnext_small_l1_2_init1,l1_apgd_topk,0.1,1.0,127.5,random_restart_3,6,0.9069488525390625
2026-03-26T12:38:55,l1/init1/convnext_small_l1_2_init1,l1_apgd_topk,0.1,1.0,127.5,random_restart_3,7,0.9073806047439575
2026-03-26T12:38:55,l1/init1/convnext_small_l1_2_init1,l1_apgd_topk,0.1,1.0,127.5,random_restart_3,8,0.9076439499855041
2026-03-26T12:38:55,l1/init1/convnext_small_l1_2_init1,l1_apgd_topk,0.1,1.0,127.5,random_restart_3,9,0.9079240083694458
2026-03-26T12:38:55,l1/init1/convnext_small_l1_2_init1,l1_apgd_topk,0.1,1.0,127.5,random_restart_3,10,0.9081149816513061
2026-03-26T12:39:07,l1/init1/convnext_small_l1_2_init1,fw_onehot,,1.0,127.5,deterministic,1,0.6581589221954346
2026-03-26T12:39:07,l1/init1/convnext_small_l1_2_init1,fw_onehot,,1.0,127.5,deterministic,2,0.6603251159191131
2026-03-26T12:39:07,l1/init1/convnext_small_l1_2_init1,fw_onehot,,1.0,127.5,deterministic,3,0.6612888693809509
2026-03-26T12:39:07,l1/init1/convnext_small_l1_2_init1,fw_onehot,,1.0,127.5,deterministic,4,0.6620761752128601
2026-03-26T12:39:07,l1/init1/convnext_small_l1_2_init1,fw_onehot,,1.0,127.5,deterministic,5,0.6625709056854248
2026-03-26T12:39:07,l1/init1/convnext_small_l1_2_init1,fw_onehot,,1.0,127.5,deterministic,6,0.6632713496685028
2026-03-26T12:39:07,l1/init1/convnext_small_l1_2_init1,fw_onehot,,1.0,127.5,deterministic,7,0.6633799076080322
2026-03-26T12:39:07,l1/init1/convnext_small_l1_2_init1,fw_onehot,,1.0,127.5,deterministic,8,0.6642524063587188
2026-03-26T12:39:07,l1/init1/convnext_small_l1_2_init1,fw_onehot,,1.0,127.5,deterministic,9,0.6642588794231414
2026-03-26T12:39:07,l1/init1/convnext_small_l1_2_init1,fw_onehot,,1.0,127.5,deterministic,10,0.6648794531822204
2026-03-26T12:39:19,l1/init1/convnext_small_l1_2_init1,baseline_l2norm,,2.0,255.0,deterministic,1,0.6581589221954346
2026-03-26T12:39:19,l1/init1/convnext_small_l1_2_init1,baseline_l2norm,,2.0,255.0,deterministic,2,1.1913151025772095
2026-03-26T12:39:19,l1/init1/convnext_small_l1_2_init1,baseline_l2norm,,2.0,255.0,deterministic,3,1.4308053016662599
2026-03-26T12:39:19,l1/init1/convnext_small_l1_2_init1,baseline_l2norm,,2.0,255.0,deterministic,4,1.5400001287460328
2026-03-26T12:39:19,l1/init1/convnext_small_l1_2_init1,baseline_l2norm,,2.0,255.0,deterministic,5,1.6594890713691712
2026-03-26T12:39:19,l1/init1/convnext_small_l1_2_init1,baseline_l2norm,,2.0,255.0,deterministic,6,1.6828662395477294
2026-03-26T12:39:19,l1/init1/convnext_small_l1_2_init1,baseline_l2norm,,2.0,255.0,deterministic,7,1.759701943397522
2026-03-26T12:39:19,l1/init1/convnext_small_l1_2_init1,baseline_l2norm,,2.0,255.0,deterministic,8,1.7596388816833497
2026-03-26T12:39:19,l1/init1/convnext_small_l1_2_init1,baseline_l2norm,,2.0,255.0,deterministic,9,1.8083413362503051
2026-03-26T12:39:19,l1/init1/convnext_small_l1_2_init1,baseline_l2norm,,2.0,255.0,deterministic,10,1.8052994012832642
2026-03-26T12:39:31,l1/init1/convnext_small_l1_2_init1,baseline_l2norm,,2.0,255.0,random_restart_1,1,0.6582009375095368
2026-03-26T12:39:31,l1/init1/convnext_small_l1_2_init1,baseline_l2norm,,2.0,255.0,random_restart_1,2,1.1917886972427367
2026-03-26T12:39:31,l1/init1/convnext_small_l1_2_init1,baseline_l2norm,,2.0,255.0,random_restart_1,3,1.4335534572601318
2026-03-26T12:39:31,l1/init1/convnext_small_l1_2_init1,baseline_l2norm,,2.0,255.0,random_restart_1,4,1.5329422116279603
2026-03-26T12:39:31,l1/init1/convnext_small_l1_2_init1,baseline_l2norm,,2.0,255.0,random_restart_1,5,1.6551376342773438
2026-03-26T12:39:31,l1/init1/convnext_small_l1_2_init1,baseline_l2norm,,2.0,255.0,random_restart_1,6,1.6838884830474854
2026-03-26T12:39:31,l1/init1/convnext_small_l1_2_init1,baseline_l2norm,,2.0,255.0,random_restart_1,7,1.7614815473556518
2026-03-26T12:39:31,l1/init1/convnext_small_l1_2_init1,baseline_l2norm,,2.0,255.0,random_restart_1,8,1.7632185697555542
2026-03-26T12:39:31,l1/init1/convnext_small_l1_2_init1,baseline_l2norm,,2.0,255.0,random_restart_1,9,1.8079442501068115
2026-03-26T12:39:31,l1/init1/convnext_small_l1_2_init1,baseline_l2norm,,2.0,255.0,random_restart_1,10,1.8067331790924073
2026-03-26T12:39:42,l1/init1/convnext_small_l1_2_init1,baseline_l2norm,,2.0,255.0,random_restart_2,1,0.658170735836029
2026-03-26T12:39:42,l1/init1/convnext_small_l1_2_init1,baseline_l2norm,,2.0,255.0,random_restart_2,2,1.1919362187385558
2026-03-26T12:39:42,l1/init1/convnext_small_l1_2_init1,baseline_l2norm,,2.0,255.0,random_restart_2,3,1.430970025062561
2026-03-26T12:39:42,l1/init1/convnext_small_l1_2_init1,baseline_l2norm,,2.0,255.0,random_restart_2,4,1.5401267170906068
2026-03-26T12:39:42,l1/init1/convnext_small_l1_2_init1,baseline_l2norm,,2.0,255.0,random_restart_2,5,1.660016655921936
2026-03-26T12:39:42,l1/init1/convnext_small_l1_2_init1,baseline_l2norm,,2.0,255.0,random_restart_2,6,1.6843815088272094
2026-03-26T12:39:42,l1/init1/convnext_small_l1_2_init1,baseline_l2norm,,2.0,255.0,random_restart_2,7,1.7601900339126586
2026-03-26T12:39:42,l1/init1/convnext_small_l1_2_init1,baseline_l2norm,,2.0,255.0,random_restart_2,8,1.7626152753829956
2026-03-26T12:39:42,l1/init1/convnext_small_l1_2_init1,baseline_l2norm,,2.0,255.0,random_restart_2,9,1.8152929544448853
2026-03-26T12:39:42,l1/init1/convnext_small_l1_2_init1,baseline_l2norm,,2.0,255.0,random_restart_2,10,1.8075132608413695
2026-03-26T12:39:54,l1/init1/convnext_small_l1_2_init1,baseline_l2norm,,2.0,255.0,random_restart_3,1,0.6581700325012207
2026-03-26T12:39:54,l1/init1/convnext_small_l1_2_init1,baseline_l2norm,,2.0,255.0,random_restart_3,2,1.1918530941009522
2026-03-26T12:39:54,l1/init1/convnext_small_l1_2_init1,baseline_l2norm,,2.0,255.0,random_restart_3,3,1.4310772180557252
2026-03-26T12:39:54,l1/init1/convnext_small_l1_2_init1,baseline_l2norm,,2.0,255.0,random_restart_3,4,1.5416977405548096
2026-03-26T12:39:54,l1/init1/convnext_small_l1_2_init1,baseline_l2norm,,2.0,255.0,random_restart_3,5,1.6578916311264038
2026-03-26T12:39:54,l1/init1/convnext_small_l1_2_init1,baseline_l2norm,,2.0,255.0,random_restart_3,6,1.683596920967102
2026-03-26T12:39:54,l1/init1/convnext_small_l1_2_init1,baseline_l2norm,,2.0,255.0,random_restart_3,7,1.7625755548477173
2026-03-26T12:39:54,l1/init1/convnext_small_l1_2_init1,baseline_l2norm,,2.0,255.0,random_restart_3,8,1.7610638856887817
2026-03-26T12:39:54,l1/init1/convnext_small_l1_2_init1,baseline_l2norm,,2.0,255.0,random_restart_3,9,1.8123343467712403
2026-03-26T12:39:54,l1/init1/convnext_small_l1_2_init1,baseline_l2norm,,2.0,255.0,random_restart_3,10,1.8053514242172242
2026-03-26T12:40:06,l1/init1/convnext_small_l1_2_init1,l1norm_step,,2.0,255.0,deterministic,1,0.6581589221954346
2026-03-26T12:40:06,l1/init1/convnext_small_l1_2_init1,l1norm_step,,2.0,255.0,deterministic,2,0.7126099109649658
2026-03-26T12:40:06,l1/init1/convnext_small_l1_2_init1,l1norm_step,,2.0,255.0,deterministic,3,0.7709594607353211
2026-03-26T12:40:06,l1/init1/convnext_small_l1_2_init1,l1norm_step,,2.0,255.0,deterministic,4,0.8325468719005584
2026-03-26T12:40:06,l1/init1/convnext_small_l1_2_init1,l1norm_step,,2.0,255.0,deterministic,5,0.8972591400146485
2026-03-26T12:40:06,l1/init1/convnext_small_l1_2_init1,l1norm_step,,2.0,255.0,deterministic,6,0.9653721570968627
2026-03-26T12:40:06,l1/init1/convnext_small_l1_2_init1,l1norm_step,,2.0,255.0,deterministic,7,1.0041401028633117
2026-03-26T12:40:06,l1/init1/convnext_small_l1_2_init1,l1norm_step,,2.0,255.0,deterministic,8,1.0382784008979797
2026-03-26T12:40:06,l1/init1/convnext_small_l1_2_init1,l1norm_step,,2.0,255.0,deterministic,9,1.0696393489837646
2026-03-26T12:40:06,l1/init1/convnext_small_l1_2_init1,l1norm_step,,2.0,255.0,deterministic,10,1.0987040400505066
2026-03-26T12:40:17,l1/init1/convnext_small_l1_2_init1,l1norm_step,,2.0,255.0,random_restart_1,1,0.6582009375095368
2026-03-26T12:40:17,l1/init1/convnext_small_l1_2_init1,l1norm_step,,2.0,255.0,random_restart_1,2,0.7121447026729584
2026-03-26T12:40:17,l1/init1/convnext_small_l1_2_init1,l1norm_step,,2.0,255.0,random_restart_1,3,0.7669886708259582
2026-03-26T12:40:17,l1/init1/convnext_small_l1_2_init1,l1norm_step,,2.0,255.0,random_restart_1,4,0.8200037121772766
2026-03-26T12:40:17,l1/init1/convnext_small_l1_2_init1,l1norm_step,,2.0,255.0,random_restart_1,5,0.8699072480201722
2026-03-26T12:40:17,l1/init1/convnext_small_l1_2_init1,l1norm_step,,2.0,255.0,random_restart_1,6,0.9163581728935242
2026-03-26T12:40:17,l1/init1/convnext_small_l1_2_init1,l1norm_step,,2.0,255.0,random_restart_1,7,0.9591718435287475
2026-03-26T12:40:17,l1/init1/convnext_small_l1_2_init1,l1norm_step,,2.0,255.0,random_restart_1,8,0.9984892845153809
2026-03-26T12:40:17,l1/init1/convnext_small_l1_2_init1,l1norm_step,,2.0,255.0,random_restart_1,9,1.0346595168113708
2026-03-26T12:40:17,l1/init1/convnext_small_l1_2_init1,l1norm_step,,2.0,255.0,random_restart_1,10,1.0680391311645507
2026-03-26T12:40:29,l1/init1/convnext_small_l1_2_init1,l1norm_step,,2.0,255.0,random_restart_2,1,0.658170735836029
2026-03-26T12:40:29,l1/init1/convnext_small_l1_2_init1,l1norm_step,,2.0,255.0,random_restart_2,2,0.7121106863021851
2026-03-26T12:40:29,l1/init1/convnext_small_l1_2_init1,l1norm_step,,2.0,255.0,random_restart_2,3,0.7669389247894287
2026-03-26T12:40:29,l1/init1/convnext_small_l1_2_init1,l1norm_step,,2.0,255.0,random_restart_2,4,0.8199701726436615
2026-03-26T12:40:29,l1/init1/convnext_small_l1_2_init1,l1norm_step,,2.0,255.0,random_restart_2,5,0.8698527336120605
2026-03-26T12:40:29,l1/init1/convnext_small_l1_2_init1,l1norm_step,,2.0,255.0,random_restart_2,6,0.9162490606307984
2026-03-26T12:40:29,l1/init1/convnext_small_l1_2_init1,l1norm_step,,2.0,255.0,random_restart_2,7,0.9590361952781677
2026-03-26T12:40:29,l1/init1/convnext_small_l1_2_init1,l1norm_step,,2.0,255.0,random_restart_2,8,0.9983537197113037
2026-03-26T12:40:29,l1/init1/convnext_small_l1_2_init1,l1norm_step,,2.0,255.0,random_restart_2,9,1.0345262050628663
2026-03-26T12:40:29,l1/init1/convnext_small_l1_2_init1,l1norm_step,,2.0,255.0,random_restart_2,10,1.0679143786430358
2026-03-26T12:40:41,l1/init1/convnext_small_l1_2_init1,l1norm_step,,2.0,255.0,random_restart_3,1,0.6581700325012207
2026-03-26T12:40:41,l1/init1/convnext_small_l1_2_init1,l1norm_step,,2.0,255.0,random_restart_3,2,0.7121422350406647
2026-03-26T12:40:41,l1/init1/convnext_small_l1_2_init1,l1norm_step,,2.0,255.0,random_restart_3,3,0.7669597029685974
2026-03-26T12:40:41,l1/init1/convnext_small_l1_2_init1,l1norm_step,,2.0,255.0,random_restart_3,4,0.8199622869491577
2026-03-26T12:40:41,l1/init1/convnext_small_l1_2_init1,l1norm_step,,2.0,255.0,random_restart_3,5,0.8698895633220672
2026-03-26T12:40:41,l1/init1/convnext_small_l1_2_init1,l1norm_step,,2.0,255.0,random_restart_3,6,0.9163022041320801
2026-03-26T12:40:41,l1/init1/convnext_small_l1_2_init1,l1norm_step,,2.0,255.0,random_restart_3,7,0.9590891122817993
2026-03-26T12:40:41,l1/init1/convnext_small_l1_2_init1,l1norm_step,,2.0,255.0,random_restart_3,8,0.9984059691429138
2026-03-26T12:40:41,l1/init1/convnext_small_l1_2_init1,l1norm_step,,2.0,255.0,random_restart_3,9,1.034588623046875
2026-03-26T12:40:41,l1/init1/convnext_small_l1_2_init1,l1norm_step,,2.0,255.0,random_restart_3,10,1.067978596687317
2026-03-26T12:40:53,l1/init1/convnext_small_l1_2_init1,raw_grad_step,,2.0,255.0,deterministic,1,0.6581589221954346
2026-03-26T12:40:53,l1/init1/convnext_small_l1_2_init1,raw_grad_step,,2.0,255.0,deterministic,2,0.8290237069129944
2026-03-26T12:40:53,l1/init1/convnext_small_l1_2_init1,raw_grad_step,,2.0,255.0,deterministic,3,0.9544825315475464
2026-03-26T12:40:53,l1/init1/convnext_small_l1_2_init1,raw_grad_step,,2.0,255.0,deterministic,4,1.0450402736663817
2026-03-26T12:40:53,l1/init1/convnext_small_l1_2_init1,raw_grad_step,,2.0,255.0,deterministic,5,1.1152852296829223
2026-03-26T12:40:53,l1/init1/convnext_small_l1_2_init1,raw_grad_step,,2.0,255.0,deterministic,6,1.1747446298599242
2026-03-26T12:40:53,l1/init1/convnext_small_l1_2_init1,raw_grad_step,,2.0,255.0,deterministic,7,1.2279680967330933
2026-03-26T12:40:53,l1/init1/convnext_small_l1_2_init1,raw_grad_step,,2.0,255.0,deterministic,8,1.2763072490692138
2026-03-26T12:40:53,l1/init1/convnext_small_l1_2_init1,raw_grad_step,,2.0,255.0,deterministic,9,1.320437240600586
2026-03-26T12:40:53,l1/init1/convnext_small_l1_2_init1,raw_grad_step,,2.0,255.0,deterministic,10,1.361508846282959
2026-03-26T12:41:04,l1/init1/convnext_small_l1_2_init1,raw_grad_step,,2.0,255.0,random_restart_1,1,0.6582009375095368
2026-03-26T12:41:04,l1/init1/convnext_small_l1_2_init1,raw_grad_step,,2.0,255.0,random_restart_1,2,0.8129433274269104
2026-03-26T12:41:04,l1/init1/convnext_small_l1_2_init1,raw_grad_step,,2.0,255.0,random_restart_1,3,0.9331950306892395
2026-03-26T12:41:04,l1/init1/convnext_small_l1_2_init1,raw_grad_step,,2.0,255.0,random_restart_1,4,1.02439603805542
2026-03-26T12:41:04,l1/init1/convnext_small_l1_2_init1,raw_grad_step,,2.0,255.0,random_restart_1,5,1.0968172788619994
2026-03-26T12:41:04,l1/init1/convnext_small_l1_2_init1,raw_grad_step,,2.0,255.0,random_restart_1,6,1.1585169315338135
2026-03-26T12:41:04,l1/init1/convnext_small_l1_2_init1,raw_grad_step,,2.0,255.0,random_restart_1,7,1.2130455493927002
2026-03-26T12:41:04,l1/init1/convnext_small_l1_2_init1,raw_grad_step,,2.0,255.0,random_restart_1,8,1.2622138261795044
2026-03-26T12:41:04,l1/init1/convnext_small_l1_2_init1,raw_grad_step,,2.0,255.0,random_restart_1,9,1.307123565673828
2026-03-26T12:41:04,l1/init1/convnext_small_l1_2_init1,raw_grad_step,,2.0,255.0,random_restart_1,10,1.3485698223114013
2026-03-26T12:41:16,l1/init1/convnext_small_l1_2_init1,raw_grad_step,,2.0,255.0,random_restart_2,1,0.658170735836029
2026-03-26T12:41:16,l1/init1/convnext_small_l1_2_init1,raw_grad_step,,2.0,255.0,random_restart_2,2,0.8128993272781372
2026-03-26T12:41:16,l1/init1/convnext_small_l1_2_init1,raw_grad_step,,2.0,255.0,random_restart_2,3,0.9331006526947021
2026-03-26T12:41:16,l1/init1/convnext_small_l1_2_init1,raw_grad_step,,2.0,255.0,random_restart_2,4,1.0243102073669434
2026-03-26T12:41:16,l1/init1/convnext_small_l1_2_init1,raw_grad_step,,2.0,255.0,random_restart_2,5,1.0968453526496886
2026-03-26T12:41:16,l1/init1/convnext_small_l1_2_init1,raw_grad_step,,2.0,255.0,random_restart_2,6,1.1584158062934875
2026-03-26T12:41:16,l1/init1/convnext_small_l1_2_init1,raw_grad_step,,2.0,255.0,random_restart_2,7,1.2128055572509766
2026-03-26T12:41:16,l1/init1/convnext_small_l1_2_init1,raw_grad_step,,2.0,255.0,random_restart_2,8,1.261911356449127
2026-03-26T12:41:16,l1/init1/convnext_small_l1_2_init1,raw_grad_step,,2.0,255.0,random_restart_2,9,1.3068154573440551
2026-03-26T12:41:16,l1/init1/convnext_small_l1_2_init1,raw_grad_step,,2.0,255.0,random_restart_2,10,1.3484571695327758
2026-03-26T12:41:28,l1/init1/convnext_small_l1_2_init1,raw_grad_step,,2.0,255.0,random_restart_3,1,0.6581700325012207
2026-03-26T12:41:28,l1/init1/convnext_small_l1_2_init1,raw_grad_step,,2.0,255.0,random_restart_3,2,0.8129796385765076
2026-03-26T12:41:28,l1/init1/convnext_small_l1_2_init1,raw_grad_step,,2.0,255.0,random_restart_3,3,0.9332358241081238
2026-03-26T12:41:28,l1/init1/convnext_small_l1_2_init1,raw_grad_step,,2.0,255.0,random_restart_3,4,1.0243152976036072
2026-03-26T12:41:28,l1/init1/convnext_small_l1_2_init1,raw_grad_step,,2.0,255.0,random_restart_3,5,1.0967732071876526
2026-03-26T12:41:28,l1/init1/convnext_small_l1_2_init1,raw_grad_step,,2.0,255.0,random_restart_3,6,1.1583862900733948
2026-03-26T12:41:28,l1/init1/convnext_small_l1_2_init1,raw_grad_step,,2.0,255.0,random_restart_3,7,1.212840473651886
2026-03-26T12:41:28,l1/init1/convnext_small_l1_2_init1,raw_grad_step,,2.0,255.0,random_restart_3,8,1.2620434165000916
2026-03-26T12:41:28,l1/init1/convnext_small_l1_2_init1,raw_grad_step,,2.0,255.0,random_restart_3,9,1.306977665424347
2026-03-26T12:41:28,l1/init1/convnext_small_l1_2_init1,raw_grad_step,,2.0,255.0,random_restart_3,10,1.3485487461090089
2026-03-26T12:41:40,l1/init1/convnext_small_l1_2_init1,l1_apgd_topk,0.01,2.0,255.0,deterministic,1,0.6581589221954346
2026-03-26T12:41:40,l1/init1/convnext_small_l1_2_init1,l1_apgd_topk,0.01,2.0,255.0,deterministic,2,1.3464041948318481
2026-03-26T12:41:40,l1/init1/convnext_small_l1_2_init1,l1_apgd_topk,0.01,2.0,255.0,deterministic,3,1.622108244895935
2026-03-26T12:41:40,l1/init1/convnext_small_l1_2_init1,l1_apgd_topk,0.01,2.0,255.0,deterministic,4,1.8591192960739136
2026-03-26T12:41:40,l1/init1/convnext_small_l1_2_init1,l1_apgd_topk,0.01,2.0,255.0,deterministic,5,2.0059420347213743
2026-03-26T12:41:40,l1/init1/convnext_small_l1_2_init1,l1_apgd_topk,0.01,2.0,255.0,deterministic,6,2.1384002685546877
2026-03-26T12:41:40,l1/init1/convnext_small_l1_2_init1,l1_apgd_topk,0.01,2.0,255.0,deterministic,7,2.2514416217803954
2026-03-26T12:41:40,l1/init1/convnext_small_l1_2_init1,l1_apgd_topk,0.01,2.0,255.0,deterministic,8,2.3385878086090086
2026-03-26T12:41:40,l1/init1/convnext_small_l1_2_init1,l1_apgd_topk,0.01,2.0,255.0,deterministic,9,2.428363060951233
2026-03-26T12:41:40,l1/init1/convnext_small_l1_2_init1,l1_apgd_topk,0.01,2.0,255.0,deterministic,10,2.4887110233306884
2026-03-26T12:41:51,l1/init1/convnext_small_l1_2_init1,l1_apgd_topk,0.01,2.0,255.0,random_restart_1,1,0.6582009375095368
2026-03-26T12:41:51,l1/init1/convnext_small_l1_2_init1,l1_apgd_topk,0.01,2.0,255.0,random_restart_1,2,1.3470108270645142
2026-03-26T12:41:51,l1/init1/convnext_small_l1_2_init1,l1_apgd_topk,0.01,2.0,255.0,random_restart_1,3,1.6231444358825684
2026-03-26T12:41:51,l1/init1/convnext_small_l1_2_init1,l1_apgd_topk,0.01,2.0,255.0,random_restart_1,4,1.8587055921554565
2026-03-26T12:41:51,l1/init1/convnext_small_l1_2_init1,l1_apgd_topk,0.01,2.0,255.0,random_restart_1,5,2.0063093185424803
2026-03-26T12:41:51,l1/init1/convnext_small_l1_2_init1,l1_apgd_topk,0.01,2.0,255.0,random_restart_1,6,2.136029672622681
2026-03-26T12:41:51,l1/init1/convnext_small_l1_2_init1,l1_apgd_topk,0.01,2.0,255.0,random_restart_1,7,2.2535117864608765
2026-03-26T12:41:51,l1/init1/convnext_small_l1_2_init1,l1_apgd_topk,0.01,2.0,255.0,random_restart_1,8,2.3464591979980467
2026-03-26T12:41:51,l1/init1/convnext_small_l1_2_init1,l1_apgd_topk,0.01,2.0,255.0,random_restart_1,9,2.4329909801483156
2026-03-26T12:41:51,l1/init1/convnext_small_l1_2_init1,l1_apgd_topk,0.01,2.0,255.0,random_restart_1,10,2.4919064044952393
2026-03-26T12:42:03,l1/init1/convnext_small_l1_2_init1,l1_apgd_topk,0.01,2.0,255.0,random_restart_2,1,0.658170735836029
2026-03-26T12:42:03,l1/init1/convnext_small_l1_2_init1,l1_apgd_topk,0.01,2.0,255.0,random_restart_2,2,1.3471709966659546
2026-03-26T12:42:03,l1/init1/convnext_small_l1_2_init1,l1_apgd_topk,0.01,2.0,255.0,random_restart_2,3,1.6235438585281372
2026-03-26T12:42:03,l1/init1/convnext_small_l1_2_init1,l1_apgd_topk,0.01,2.0,255.0,random_restart_2,4,1.8603833198547364
2026-03-26T12:42:03,l1/init1/convnext_small_l1_2_init1,l1_apgd_topk,0.01,2.0,255.0,random_restart_2,5,2.0063928604125976
2026-03-26T12:42:03,l1/init1/convnext_small_l1_2_init1,l1_apgd_topk,0.01,2.0,255.0,random_restart_2,6,2.144208860397339
2026-03-26T12:42:03,l1/init1/convnext_small_l1_2_init1,l1_apgd_topk,0.01,2.0,255.0,random_restart_2,7,2.255026388168335
2026-03-26T12:42:03,l1/init1/convnext_small_l1_2_init1,l1_apgd_topk,0.01,2.0,255.0,random_restart_2,8,2.348292875289917
2026-03-26T12:42:03,l1/init1/convnext_small_l1_2_init1,l1_apgd_topk,0.01,2.0,255.0,random_restart_2,9,2.4324167490005495
2026-03-26T12:42:03,l1/init1/convnext_small_l1_2_init1,l1_apgd_topk,0.01,2.0,255.0,random_restart_2,10,2.4898759841918947
2026-03-26T12:42:15,l1/init1/convnext_small_l1_2_init1,l1_apgd_topk,0.01,2.0,255.0,random_restart_3,1,0.6581700325012207
2026-03-26T12:42:15,l1/init1/convnext_small_l1_2_init1,l1_apgd_topk,0.01,2.0,255.0,random_restart_3,2,1.3464118480682372
2026-03-26T12:42:15,l1/init1/convnext_small_l1_2_init1,l1_apgd_topk,0.01,2.0,255.0,random_restart_3,3,1.6229483366012574
2026-03-26T12:42:15,l1/init1/convnext_small_l1_2_init1,l1_apgd_topk,0.01,2.0,255.0,random_restart_3,4,1.860241174697876
2026-03-26T12:42:15,l1/init1/convnext_small_l1_2_init1,l1_apgd_topk,0.01,2.0,255.0,random_restart_3,5,2.009203052520752
2026-03-26T12:42:15,l1/init1/convnext_small_l1_2_init1,l1_apgd_topk,0.01,2.0,255.0,random_restart_3,6,2.144033408164978
2026-03-26T12:42:15,l1/init1/convnext_small_l1_2_init1,l1_apgd_topk,0.01,2.0,255.0,random_restart_3,7,2.2580847263336183
2026-03-26T12:42:15,l1/init1/convnext_small_l1_2_init1,l1_apgd_topk,0.01,2.0,255.0,random_restart_3,8,2.349349761009216
2026-03-26T12:42:15,l1/init1/convnext_small_l1_2_init1,l1_apgd_topk,0.01,2.0,255.0,random_restart_3,9,2.4355422973632814
2026-03-26T12:42:15,l1/init1/convnext_small_l1_2_init1,l1_apgd_topk,0.01,2.0,255.0,random_restart_3,10,2.489014196395874
2026-03-26T12:42:27,l1/init1/convnext_small_l1_2_init1,l1_apgd_topk,0.05,2.0,255.0,deterministic,1,0.6581589221954346
2026-03-26T12:42:27,l1/init1/convnext_small_l1_2_init1,l1_apgd_topk,0.05,2.0,255.0,deterministic,2,1.2745794892311095
2026-03-26T12:42:27,l1/init1/convnext_small_l1_2_init1,l1_apgd_topk,0.05,2.0,255.0,deterministic,3,1.426477885246277
2026-03-26T12:42:27,l1/init1/convnext_small_l1_2_init1,l1_apgd_topk,0.05,2.0,255.0,deterministic,4,1.490467083454132
2026-03-26T12:42:27,l1/init1/convnext_small_l1_2_init1,l1_apgd_topk,0.05,2.0,255.0,deterministic,5,1.5181158781051636
2026-03-26T12:42:27,l1/init1/convnext_small_l1_2_init1,l1_apgd_topk,0.05,2.0,255.0,deterministic,6,1.5335724472999572
2026-03-26T12:42:27,l1/init1/convnext_small_l1_2_init1,l1_apgd_topk,0.05,2.0,255.0,deterministic,7,1.5427187919616698
2026-03-26T12:42:27,l1/init1/convnext_small_l1_2_init1,l1_apgd_topk,0.05,2.0,255.0,deterministic,8,1.5482354998588561
2026-03-26T12:42:27,l1/init1/convnext_small_l1_2_init1,l1_apgd_topk,0.05,2.0,255.0,deterministic,9,1.5515567064285278
2026-03-26T12:42:27,l1/init1/convnext_small_l1_2_init1,l1_apgd_topk,0.05,2.0,255.0,deterministic,10,1.5537625908851624
2026-03-26T12:42:38,l1/init1/convnext_small_l1_2_init1,l1_apgd_topk,0.05,2.0,255.0,random_restart_1,1,0.6582009375095368
2026-03-26T12:42:38,l1/init1/convnext_small_l1_2_init1,l1_apgd_topk,0.05,2.0,255.0,random_restart_1,2,1.2746246457099915
2026-03-26T12:42:38,l1/init1/convnext_small_l1_2_init1,l1_apgd_topk,0.05,2.0,255.0,random_restart_1,3,1.4269464015960693
2026-03-26T12:42:38,l1/init1/convnext_small_l1_2_init1,l1_apgd_topk,0.05,2.0,255.0,random_restart_1,4,1.4896778345108033
2026-03-26T12:42:38,l1/init1/convnext_small_l1_2_init1,l1_apgd_topk,0.05,2.0,255.0,random_restart_1,5,1.5182977437973022
2026-03-26T12:42:38,l1/init1/convnext_small_l1_2_init1,l1_apgd_topk,0.05,2.0,255.0,random_restart_1,6,1.5340689301490784
2026-03-26T12:42:38,l1/init1/convnext_small_l1_2_init1,l1_apgd_topk,0.05,2.0,255.0,random_restart_1,7,1.5430635929107666
2026-03-26T12:42:38,l1/init1/convnext_small_l1_2_init1,l1_apgd_topk,0.05,2.0,255.0,random_restart_1,8,1.5486305356025696
2026-03-26T12:42:38,l1/init1/convnext_small_l1_2_init1,l1_apgd_topk,0.05,2.0,255.0,random_restart_1,9,1.551577639579773
2026-03-26T12:42:38,l1/init1/convnext_small_l1_2_init1,l1_apgd_topk,0.05,2.0,255.0,random_restart_1,10,1.5541160464286805
2026-03-26T12:42:50,l1/init1/convnext_small_l1_2_init1,l1_apgd_topk,0.05,2.0,255.0,random_restart_2,1,0.658170735836029
2026-03-26T12:42:50,l1/init1/convnext_small_l1_2_init1,l1_apgd_topk,0.05,2.0,255.0,random_restart_2,2,1.2744753241539002
2026-03-26T12:42:50,l1/init1/convnext_small_l1_2_init1,l1_apgd_topk,0.05,2.0,255.0,random_restart_2,3,1.427187943458557
2026-03-26T12:42:50,l1/init1/convnext_small_l1_2_init1,l1_apgd_topk,0.05,2.0,255.0,random_restart_2,4,1.490858781337738
2026-03-26T12:42:50,l1/init1/convnext_small_l1_2_init1,l1_apgd_topk,0.05,2.0,255.0,random_restart_2,5,1.5186368227005005
2026-03-26T12:42:50,l1/init1/convnext_small_l1_2_init1,l1_apgd_topk,0.05,2.0,255.0,random_restart_2,6,1.5339582681655883
2026-03-26T12:42:50,l1/init1/convnext_small_l1_2_init1,l1_apgd_topk,0.05,2.0,255.0,random_restart_2,7,1.5430567264556885
2026-03-26T12:42:50,l1/init1/convnext_small_l1_2_init1,l1_apgd_topk,0.05,2.0,255.0,random_restart_2,8,1.5486981391906738
2026-03-26T12:42:50,l1/init1/convnext_small_l1_2_init1,l1_apgd_topk,0.05,2.0,255.0,random_restart_2,9,1.5518590807914734
2026-03-26T12:42:50,l1/init1/convnext_small_l1_2_init1,l1_apgd_topk,0.05,2.0,255.0,random_restart_2,10,1.55400390625
2026-03-26T12:43:02,l1/init1/convnext_small_l1_2_init1,l1_apgd_topk,0.05,2.0,255.0,random_restart_3,1,0.6581700325012207
2026-03-26T12:43:02,l1/init1/convnext_small_l1_2_init1,l1_apgd_topk,0.05,2.0,255.0,random_restart_3,2,1.2743054509162903
2026-03-26T12:43:02,l1/init1/convnext_small_l1_2_init1,l1_apgd_topk,0.05,2.0,255.0,random_restart_3,3,1.4278256177902222
2026-03-26T12:43:02,l1/init1/convnext_small_l1_2_init1,l1_apgd_topk,0.05,2.0,255.0,random_restart_3,4,1.490286648273468
2026-03-26T12:43:02,l1/init1/convnext_small_l1_2_init1,l1_apgd_topk,0.05,2.0,255.0,random_restart_3,5,1.5175832629203796
2026-03-26T12:43:02,l1/init1/convnext_small_l1_2_init1,l1_apgd_topk,0.05,2.0,255.0,random_restart_3,6,1.533978283405304
2026-03-26T12:43:02,l1/init1/convnext_small_l1_2_init1,l1_apgd_topk,0.05,2.0,255.0,random_restart_3,7,1.5433598041534424
2026-03-26T12:43:02,l1/init1/convnext_small_l1_2_init1,l1_apgd_topk,0.05,2.0,255.0,random_restart_3,8,1.549078595638275
2026-03-26T12:43:02,l1/init1/convnext_small_l1_2_init1,l1_apgd_topk,0.05,2.0,255.0,random_restart_3,9,1.5520739197731017
2026-03-26T12:43:02,l1/init1/convnext_small_l1_2_init1,l1_apgd_topk,0.05,2.0,255.0,random_restart_3,10,1.553994369506836
2026-03-26T12:43:14,l1/init1/convnext_small_l1_2_init1,l1_apgd_topk,0.1,2.0,255.0,deterministic,1,0.6581589221954346
2026-03-26T12:43:14,l1/init1/convnext_small_l1_2_init1,l1_apgd_topk,0.1,2.0,255.0,deterministic,2,1.144481074810028
2026-03-26T12:43:14,l1/init1/convnext_small_l1_2_init1,l1_apgd_topk,0.1,2.0,255.0,deterministic,3,1.2272700428962708
2026-03-26T12:43:14,l1/init1/convnext_small_l1_2_init1,l1_apgd_topk,0.1,2.0,255.0,deterministic,4,1.2533966064453126
2026-03-26T12:43:14,l1/init1/convnext_small_l1_2_init1,l1_apgd_topk,0.1,2.0,255.0,deterministic,5,1.263747239112854
2026-03-26T12:43:14,l1/init1/convnext_small_l1_2_init1,l1_apgd_topk,0.1,2.0,255.0,deterministic,6,1.2705715894699097
2026-03-26T12:43:14,l1/init1/convnext_small_l1_2_init1,l1_apgd_topk,0.1,2.0,255.0,deterministic,7,1.2742261171340943
2026-03-26T12:43:14,l1/init1/convnext_small_l1_2_init1,l1_apgd_topk,0.1,2.0,255.0,deterministic,8,1.2765672087669373
2026-03-26T12:43:14,l1/init1/convnext_small_l1_2_init1,l1_apgd_topk,0.1,2.0,255.0,deterministic,9,1.27806499004364
2026-03-26T12:43:14,l1/init1/convnext_small_l1_2_init1,l1_apgd_topk,0.1,2.0,255.0,deterministic,10,1.279062020778656
2026-03-26T12:43:26,l1/init1/convnext_small_l1_2_init1,l1_apgd_topk,0.1,2.0,255.0,random_restart_1,1,0.6582009375095368
2026-03-26T12:43:26,l1/init1/convnext_small_l1_2_init1,l1_apgd_topk,0.1,2.0,255.0,random_restart_1,2,1.1444241523742675
2026-03-26T12:43:26,l1/init1/convnext_small_l1_2_init1,l1_apgd_topk,0.1,2.0,255.0,random_restart_1,3,1.2276007294654847
2026-03-26T12:43:26,l1/init1/convnext_small_l1_2_init1,l1_apgd_topk,0.1,2.0,255.0,random_restart_1,4,1.2535418748855591
2026-03-26T12:43:26,l1/init1/convnext_small_l1_2_init1,l1_apgd_topk,0.1,2.0,255.0,random_restart_1,5,1.2647523164749146
2026-03-26T12:43:26,l1/init1/convnext_small_l1_2_init1,l1_apgd_topk,0.1,2.0,255.0,random_restart_1,6,1.270168161392212
2026-03-26T12:43:26,l1/init1/convnext_small_l1_2_init1,l1_apgd_topk,0.1,2.0,255.0,random_restart_1,7,1.274092721939087
2026-03-26T12:43:26,l1/init1/convnext_small_l1_2_init1,l1_apgd_topk,0.1,2.0,255.0,random_restart_1,8,1.2766034007072449
2026-03-26T12:43:26,l1/init1/convnext_small_l1_2_init1,l1_apgd_topk,0.1,2.0,255.0,random_restart_1,9,1.27849338054657
2026-03-26T12:43:26,l1/init1/convnext_small_l1_2_init1,l1_apgd_topk,0.1,2.0,255.0,random_restart_1,10,1.2795795917510986
2026-03-26T12:43:37,l1/init1/convnext_small_l1_2_init1,l1_apgd_topk,0.1,2.0,255.0,random_restart_2,1,0.658170735836029
2026-03-26T12:43:37,l1/init1/convnext_small_l1_2_init1,l1_apgd_topk,0.1,2.0,255.0,random_restart_2,2,1.1443647623062134
2026-03-26T12:43:37,l1/init1/convnext_small_l1_2_init1,l1_apgd_topk,0.1,2.0,255.0,random_restart_2,3,1.2280755162239074
2026-03-26T12:43:37,l1/init1/convnext_small_l1_2_init1,l1_apgd_topk,0.1,2.0,255.0,random_restart_2,4,1.2540962100028992
2026-03-26T12:43:37,l1/init1/convnext_small_l1_2_init1,l1_apgd_topk,0.1,2.0,255.0,random_restart_2,5,1.2647533535957336
2026-03-26T12:43:37,l1/init1/convnext_small_l1_2_init1,l1_apgd_topk,0.1,2.0,255.0,random_restart_2,6,1.2699815034866333
2026-03-26T12:43:37,l1/init1/convnext_small_l1_2_init1,l1_apgd_topk,0.1,2.0,255.0,random_restart_2,7,1.2740841865539552
2026-03-26T12:43:37,l1/init1/convnext_small_l1_2_init1,l1_apgd_topk,0.1,2.0,255.0,random_restart_2,8,1.2765661954879761
2026-03-26T12:43:37,l1/init1/convnext_small_l1_2_init1,l1_apgd_topk,0.1,2.0,255.0,random_restart_2,9,1.2780062317848206
2026-03-26T12:43:37,l1/init1/convnext_small_l1_2_init1,l1_apgd_topk,0.1,2.0,255.0,random_restart_2,10,1.2790366411209106
2026-03-26T12:43:49,l1/init1/convnext_small_l1_2_init1,l1_apgd_topk,0.1,2.0,255.0,random_restart_3,1,0.6581700325012207
2026-03-26T12:43:49,l1/init1/convnext_small_l1_2_init1,l1_apgd_topk,0.1,2.0,255.0,random_restart_3,2,1.1443000197410584
2026-03-26T12:43:49,l1/init1/convnext_small_l1_2_init1,l1_apgd_topk,0.1,2.0,255.0,random_restart_3,3,1.2276808261871337
2026-03-26T12:43:49,l1/init1/convnext_small_l1_2_init1,l1_apgd_topk,0.1,2.0,255.0,random_restart_3,4,1.253110408782959
2026-03-26T12:43:49,l1/init1/convnext_small_l1_2_init1,l1_apgd_topk,0.1,2.0,255.0,random_restart_3,5,1.2644013166427612
2026-03-26T12:43:49,l1/init1/convnext_small_l1_2_init1,l1_apgd_topk,0.1,2.0,255.0,random_restart_3,6,1.2698591470718383
2026-03-26T12:43:49,l1/init1/convnext_small_l1_2_init1,l1_apgd_topk,0.1,2.0,255.0,random_restart_3,7,1.2731422305107116
2026-03-26T12:43:49,l1/init1/convnext_small_l1_2_init1,l1_apgd_topk,0.1,2.0,255.0,random_restart_3,8,1.2751749634742737
2026-03-26T12:43:49,l1/init1/convnext_small_l1_2_init1,l1_apgd_topk,0.1,2.0,255.0,random_restart_3,9,1.2767000079154969
2026-03-26T12:43:49,l1/init1/convnext_small_l1_2_init1,l1_apgd_topk,0.1,2.0,255.0,random_restart_3,10,1.2779233694076537
2026-03-26T12:44:01,l1/init1/convnext_small_l1_2_init1,fw_onehot,,2.0,255.0,deterministic,1,0.6581589221954346
2026-03-26T12:44:01,l1/init1/convnext_small_l1_2_init1,fw_onehot,,2.0,255.0,deterministic,2,0.6603251159191131
2026-03-26T12:44:01,l1/init1/convnext_small_l1_2_init1,fw_onehot,,2.0,255.0,deterministic,3,0.6612888693809509
2026-03-26T12:44:01,l1/init1/convnext_small_l1_2_init1,fw_onehot,,2.0,255.0,deterministic,4,0.6620761752128601
2026-03-26T12:44:01,l1/init1/convnext_small_l1_2_init1,fw_onehot,,2.0,255.0,deterministic,5,0.6625709056854248
2026-03-26T12:44:01,l1/init1/convnext_small_l1_2_init1,fw_onehot,,2.0,255.0,deterministic,6,0.6632713496685028
2026-03-26T12:44:01,l1/init1/convnext_small_l1_2_init1,fw_onehot,,2.0,255.0,deterministic,7,0.6633799076080322
2026-03-26T12:44:01,l1/init1/convnext_small_l1_2_init1,fw_onehot,,2.0,255.0,deterministic,8,0.6642524063587188
2026-03-26T12:44:01,l1/init1/convnext_small_l1_2_init1,fw_onehot,,2.0,255.0,deterministic,9,0.6642588794231414
2026-03-26T12:44:01,l1/init1/convnext_small_l1_2_init1,fw_onehot,,2.0,255.0,deterministic,10,0.6648794531822204
2026-03-26T12:44:13,l1/init1/convnext_small_l1_2_init1,baseline_l2norm,,4.0,510.0,deterministic,1,0.6581589221954346
2026-03-26T12:44:13,l1/init1/convnext_small_l1_2_init1,baseline_l2norm,,4.0,510.0,deterministic,2,1.323486363887787
2026-03-26T12:44:13,l1/init1/convnext_small_l1_2_init1,baseline_l2norm,,4.0,510.0,deterministic,3,1.5837777853012085
2026-03-26T12:44:13,l1/init1/convnext_small_l1_2_init1,baseline_l2norm,,4.0,510.0,deterministic,4,1.736171793937683
2026-03-26T12:44:13,l1/init1/convnext_small_l1_2_init1,baseline_l2norm,,4.0,510.0,deterministic,5,1.8879089593887328
2026-03-26T12:44:13,l1/init1/convnext_small_l1_2_init1,baseline_l2norm,,4.0,510.0,deterministic,6,1.8826170921325684
2026-03-26T12:44:13,l1/init1/convnext_small_l1_2_init1,baseline_l2norm,,4.0,510.0,deterministic,7,1.99077250957489
2026-03-26T12:44:13,l1/init1/convnext_small_l1_2_init1,baseline_l2norm,,4.0,510.0,deterministic,8,1.9794629335403442
2026-03-26T12:44:13,l1/init1/convnext_small_l1_2_init1,baseline_l2norm,,4.0,510.0,deterministic,9,2.058587598800659
2026-03-26T12:44:13,l1/init1/convnext_small_l1_2_init1,baseline_l2norm,,4.0,510.0,deterministic,10,2.047015357017517
2026-03-26T12:44:24,l1/init1/convnext_small_l1_2_init1,baseline_l2norm,,4.0,510.0,random_restart_1,1,0.6584345579147339
2026-03-26T12:44:24,l1/init1/convnext_small_l1_2_init1,baseline_l2norm,,4.0,510.0,random_restart_1,2,1.3258541584014893
2026-03-26T12:44:24,l1/init1/convnext_small_l1_2_init1,baseline_l2norm,,4.0,510.0,random_restart_1,3,1.5830926179885865
2026-03-26T12:44:24,l1/init1/convnext_small_l1_2_init1,baseline_l2norm,,4.0,510.0,random_restart_1,4,1.7357966661453248
2026-03-26T12:44:24,l1/init1/convnext_small_l1_2_init1,baseline_l2norm,,4.0,510.0,random_restart_1,5,1.897037720680237
2026-03-26T12:44:24,l1/init1/convnext_small_l1_2_init1,baseline_l2norm,,4.0,510.0,random_restart_1,6,1.9097578287124635
2026-03-26T12:44:24,l1/init1/convnext_small_l1_2_init1,baseline_l2norm,,4.0,510.0,random_restart_1,7,1.9742668867111206
2026-03-26T12:44:24,l1/init1/convnext_small_l1_2_init1,baseline_l2norm,,4.0,510.0,random_restart_1,8,1.9922057151794434
2026-03-26T12:44:24,l1/init1/convnext_small_l1_2_init1,baseline_l2norm,,4.0,510.0,random_restart_1,9,2.0623165369033813
2026-03-26T12:44:24,l1/init1/convnext_small_l1_2_init1,baseline_l2norm,,4.0,510.0,random_restart_1,10,2.0495575428009034
2026-03-26T12:44:36,l1/init1/convnext_small_l1_2_init1,baseline_l2norm,,4.0,510.0,random_restart_2,1,0.6583790183067322
2026-03-26T12:44:36,l1/init1/convnext_small_l1_2_init1,baseline_l2norm,,4.0,510.0,random_restart_2,2,1.3263709902763368
2026-03-26T12:44:36,l1/init1/convnext_small_l1_2_init1,baseline_l2norm,,4.0,510.0,random_restart_2,3,1.5823304891586303
2026-03-26T12:44:36,l1/init1/convnext_small_l1_2_init1,baseline_l2norm,,4.0,510.0,random_restart_2,4,1.7320338249206544
2026-03-26T12:44:36,l1/init1/convnext_small_l1_2_init1,baseline_l2norm,,4.0,510.0,random_restart_2,5,1.8990714073181152
2026-03-26T12:44:36,l1/init1/convnext_small_l1_2_init1,baseline_l2norm,,4.0,510.0,random_restart_2,6,1.8976155996322632
2026-03-26T12:44:36,l1/init1/convnext_small_l1_2_init1,baseline_l2norm,,4.0,510.0,random_restart_2,7,1.998472261428833
2026-03-26T12:44:36,l1/init1/convnext_small_l1_2_init1,baseline_l2norm,,4.0,510.0,random_restart_2,8,2.011555480957031
2026-03-26T12:44:36,l1/init1/convnext_small_l1_2_init1,baseline_l2norm,,4.0,510.0,random_restart_2,9,2.075500249862671
2026-03-26T12:44:36,l1/init1/convnext_small_l1_2_init1,baseline_l2norm,,4.0,510.0,random_restart_2,10,2.0624270677566527
2026-03-26T12:44:48,l1/init1/convnext_small_l1_2_init1,baseline_l2norm,,4.0,510.0,random_restart_3,1,0.6583845734596252
2026-03-26T12:44:48,l1/init1/convnext_small_l1_2_init1,baseline_l2norm,,4.0,510.0,random_restart_3,2,1.3247552990913392
2026-03-26T12:44:48,l1/init1/convnext_small_l1_2_init1,baseline_l2norm,,4.0,510.0,random_restart_3,3,1.5805121421813966
2026-03-26T12:44:48,l1/init1/convnext_small_l1_2_init1,baseline_l2norm,,4.0,510.0,random_restart_3,4,1.74736647605896
2026-03-26T12:44:48,l1/init1/convnext_small_l1_2_init1,baseline_l2norm,,4.0,510.0,random_restart_3,5,1.8962854623794556
2026-03-26T12:44:48,l1/init1/convnext_small_l1_2_init1,baseline_l2norm,,4.0,510.0,random_restart_3,6,1.8977751016616822
2026-03-26T12:44:48,l1/init1/convnext_small_l1_2_init1,baseline_l2norm,,4.0,510.0,random_restart_3,7,1.9994636297225952
2026-03-26T12:44:48,l1/init1/convnext_small_l1_2_init1,baseline_l2norm,,4.0,510.0,random_restart_3,8,2.003665900230408
2026-03-26T12:44:48,l1/init1/convnext_small_l1_2_init1,baseline_l2norm,,4.0,510.0,random_restart_3,9,2.066525769233704
2026-03-26T12:44:48,l1/init1/convnext_small_l1_2_init1,baseline_l2norm,,4.0,510.0,random_restart_3,10,2.0682473182678223
2026-03-26T12:45:00,l1/init1/convnext_small_l1_2_init1,l1norm_step,,4.0,510.0,deterministic,1,0.6581589221954346
2026-03-26T12:45:00,l1/init1/convnext_small_l1_2_init1,l1norm_step,,4.0,510.0,deterministic,2,0.7706108689308167
2026-03-26T12:45:00,l1/init1/convnext_small_l1_2_init1,l1norm_step,,4.0,510.0,deterministic,3,0.8964202284812928
2026-03-26T12:45:00,l1/init1/convnext_small_l1_2_init1,l1norm_step,,4.0,510.0,deterministic,4,1.0348138332366943
2026-03-26T12:45:00,l1/init1/convnext_small_l1_2_init1,l1norm_step,,4.0,510.0,deterministic,5,1.1863504290580749
2026-03-26T12:45:00,l1/init1/convnext_small_l1_2_init1,l1norm_step,,4.0,510.0,deterministic,6,1.3517226934432984
2026-03-26T12:45:00,l1/init1/convnext_small_l1_2_init1,l1norm_step,,4.0,510.0,deterministic,7,1.4540530443191528
2026-03-26T12:45:00,l1/init1/convnext_small_l1_2_init1,l1norm_step,,4.0,510.0,deterministic,8,1.5445890426635742
2026-03-26T12:45:00,l1/init1/convnext_small_l1_2_init1,l1norm_step,,4.0,510.0,deterministic,9,1.6299074411392211
2026-03-26T12:45:00,l1/init1/convnext_small_l1_2_init1,l1norm_step,,4.0,510.0,deterministic,10,1.7110254526138307
2026-03-26T12:45:11,l1/init1/convnext_small_l1_2_init1,l1norm_step,,4.0,510.0,random_restart_1,1,0.6584345579147339
2026-03-26T12:45:11,l1/init1/convnext_small_l1_2_init1,l1norm_step,,4.0,510.0,random_restart_1,2,0.7697803139686584
2026-03-26T12:45:11,l1/init1/convnext_small_l1_2_init1,l1norm_step,,4.0,510.0,random_restart_1,3,0.8872383177280426
2026-03-26T12:45:11,l1/init1/convnext_small_l1_2_init1,l1norm_step,,4.0,510.0,random_restart_1,4,1.0061067461967468
2026-03-26T12:45:11,l1/init1/convnext_small_l1_2_init1,l1norm_step,,4.0,510.0,random_restart_1,5,1.1227318167686462
2026-03-26T12:45:11,l1/init1/convnext_small_l1_2_init1,l1norm_step,,4.0,510.0,random_restart_1,6,1.234672772884369
2026-03-26T12:45:11,l1/init1/convnext_small_l1_2_init1,l1norm_step,,4.0,510.0,random_restart_1,7,1.341009497642517
2026-03-26T12:45:11,l1/init1/convnext_small_l1_2_init1,l1norm_step,,4.0,510.0,random_restart_1,8,1.4416053771972657
2026-03-26T12:45:11,l1/init1/convnext_small_l1_2_init1,l1norm_step,,4.0,510.0,random_restart_1,9,1.5366928339004517
2026-03-26T12:45:11,l1/init1/convnext_small_l1_2_init1,l1norm_step,,4.0,510.0,random_restart_1,10,1.6267507076263428
2026-03-26T12:45:23,l1/init1/convnext_small_l1_2_init1,l1norm_step,,4.0,510.0,random_restart_2,1,0.6583790183067322
2026-03-26T12:45:23,l1/init1/convnext_small_l1_2_init1,l1norm_step,,4.0,510.0,random_restart_2,2,0.7696473002433777
2026-03-26T12:45:23,l1/init1/convnext_small_l1_2_init1,l1norm_step,,4.0,510.0,random_restart_2,3,0.8871439635753632
2026-03-26T12:45:23,l1/init1/convnext_small_l1_2_init1,l1norm_step,,4.0,510.0,random_restart_2,4,1.0060772061347962
2026-03-26T12:45:23,l1/init1/convnext_small_l1_2_init1,l1norm_step,,4.0,510.0,random_restart_2,5,1.12267404794693
2026-03-26T12:45:23,l1/init1/convnext_small_l1_2_init1,l1norm_step,,4.0,510.0,random_restart_2,6,1.234410572052002
2026-03-26T12:45:23,l1/init1/convnext_small_l1_2_init1,l1norm_step,,4.0,510.0,random_restart_2,7,1.3404769897460938
2026-03-26T12:45:23,l1/init1/convnext_small_l1_2_init1,l1norm_step,,4.0,510.0,random_restart_2,8,1.4408032655715943
2026-03-26T12:45:23,l1/init1/convnext_small_l1_2_init1,l1norm_step,,4.0,510.0,random_restart_2,9,1.535796082019806
2026-03-26T12:45:23,l1/init1/convnext_small_l1_2_init1,l1norm_step,,4.0,510.0,random_restart_2,10,1.6257723569869995
2026-03-26T12:45:35,l1/init1/convnext_small_l1_2_init1,l1norm_step,,4.0,510.0,random_restart_3,1,0.6583845734596252
2026-03-26T12:45:35,l1/init1/convnext_small_l1_2_init1,l1norm_step,,4.0,510.0,random_restart_3,2,0.7697234332561493
2026-03-26T12:45:35,l1/init1/convnext_small_l1_2_init1,l1norm_step,,4.0,510.0,random_restart_3,3,0.8872895658016204
2026-03-26T12:45:35,l1/init1/convnext_small_l1_2_init1,l1norm_step,,4.0,510.0,random_restart_3,4,1.0061568737030029
2026-03-26T12:45:35,l1/init1/convnext_small_l1_2_init1,l1norm_step,,4.0,510.0,random_restart_3,5,1.122739815711975
2026-03-26T12:45:35,l1/init1/convnext_small_l1_2_init1,l1norm_step,,4.0,510.0,random_restart_3,6,1.2346664190292358
2026-03-26T12:45:35,l1/init1/convnext_small_l1_2_init1,l1norm_step,,4.0,510.0,random_restart_3,7,1.3408020973205566
2026-03-26T12:45:35,l1/init1/convnext_small_l1_2_init1,l1norm_step,,4.0,510.0,random_restart_3,8,1.441285490989685
2026-03-26T12:45:35,l1/init1/convnext_small_l1_2_init1,l1norm_step,,4.0,510.0,random_restart_3,9,1.5363228797912598
2026-03-26T12:45:35,l1/init1/convnext_small_l1_2_init1,l1norm_step,,4.0,510.0,random_restart_3,10,1.6264477729797364
2026-03-26T12:45:46,l1/init1/convnext_small_l1_2_init1,raw_grad_step,,4.0,510.0,deterministic,1,0.6581589221954346
2026-03-26T12:45:46,l1/init1/convnext_small_l1_2_init1,raw_grad_step,,4.0,510.0,deterministic,2,0.9881766438484192
2026-03-26T12:45:46,l1/init1/convnext_small_l1_2_init1,raw_grad_step,,4.0,510.0,deterministic,3,1.2593624114990234
2026-03-26T12:45:46,l1/init1/convnext_small_l1_2_init1,raw_grad_step,,4.0,510.0,deterministic,4,1.4645729780197143
2026-03-26T12:45:46,l1/init1/convnext_small_l1_2_init1,raw_grad_step,,4.0,510.0,deterministic,5,1.6346645832061768
2026-03-26T12:45:46,l1/init1/convnext_small_l1_2_init1,raw_grad_step,,4.0,510.0,deterministic,6,1.7877068042755127
2026-03-26T12:45:46,l1/init1/convnext_small_l1_2_init1,raw_grad_step,,4.0,510.0,deterministic,7,1.9284832239151002
2026-03-26T12:45:46,l1/init1/convnext_small_l1_2_init1,raw_grad_step,,4.0,510.0,deterministic,8,2.0621591091156004
2026-03-26T12:45:46,l1/init1/convnext_small_l1_2_init1,raw_grad_step,,4.0,510.0,deterministic,9,2.186005735397339
2026-03-26T12:45:46,l1/init1/convnext_small_l1_2_init1,raw_grad_step,,4.0,510.0,deterministic,10,2.303299641609192
2026-03-26T12:45:58,l1/init1/convnext_small_l1_2_init1,raw_grad_step,,4.0,510.0,random_restart_1,1,0.6584345579147339
2026-03-26T12:45:58,l1/init1/convnext_small_l1_2_init1,raw_grad_step,,4.0,510.0,random_restart_1,2,0.9597386240959167
2026-03-26T12:45:58,l1/init1/convnext_small_l1_2_init1,raw_grad_step,,4.0,510.0,random_restart_1,3,1.2174987554550172
2026-03-26T12:45:58,l1/init1/convnext_small_l1_2_init1,raw_grad_step,,4.0,510.0,random_restart_1,4,1.4186815977096559
2026-03-26T12:45:58,l1/init1/convnext_small_l1_2_init1,raw_grad_step,,4.0,510.0,random_restart_1,5,1.5920854687690735
2026-03-26T12:45:58,l1/init1/convnext_small_l1_2_init1,raw_grad_step,,4.0,510.0,random_restart_1,6,1.7453134536743165
2026-03-26T12:45:58,l1/init1/convnext_small_l1_2_init1,raw_grad_step,,4.0,510.0,random_restart_1,7,1.8871726036071776
2026-03-26T12:45:58,l1/init1/convnext_small_l1_2_init1,raw_grad_step,,4.0,510.0,random_restart_1,8,2.0189339399337767
2026-03-26T12:45:58,l1/init1/convnext_small_l1_2_init1,raw_grad_step,,4.0,510.0,random_restart_1,9,2.145069193840027
2026-03-26T12:45:58,l1/init1/convnext_small_l1_2_init1,raw_grad_step,,4.0,510.0,random_restart_1,10,2.2641613721847533
2026-03-26T12:46:10,l1/init1/convnext_small_l1_2_init1,raw_grad_step,,4.0,510.0,random_restart_2,1,0.6583790183067322
2026-03-26T12:46:10,l1/init1/convnext_small_l1_2_init1,raw_grad_step,,4.0,510.0,random_restart_2,2,0.9595615863800049
2026-03-26T12:46:10,l1/init1/convnext_small_l1_2_init1,raw_grad_step,,4.0,510.0,random_restart_2,3,1.2175401091575622
2026-03-26T12:46:10,l1/init1/convnext_small_l1_2_init1,raw_grad_step,,4.0,510.0,random_restart_2,4,1.4182763576507569
2026-03-26T12:46:10,l1/init1/convnext_small_l1_2_init1,raw_grad_step,,4.0,510.0,random_restart_2,5,1.5914691925048827
2026-03-26T12:46:10,l1/init1/convnext_small_l1_2_init1,raw_grad_step,,4.0,510.0,random_restart_2,6,1.7445187091827392
2026-03-26T12:46:10,l1/init1/convnext_small_l1_2_init1,raw_grad_step,,4.0,510.0,random_restart_2,7,1.8865834712982177
2026-03-26T12:46:10,l1/init1/convnext_small_l1_2_init1,raw_grad_step,,4.0,510.0,random_restart_2,8,2.0207401275634767
2026-03-26T12:46:10,l1/init1/convnext_small_l1_2_init1,raw_grad_step,,4.0,510.0,random_restart_2,9,2.146841526031494
2026-03-26T12:46:10,l1/init1/convnext_small_l1_2_init1,raw_grad_step,,4.0,510.0,random_restart_2,10,2.2654202461242674
2026-03-26T12:46:22,l1/init1/convnext_small_l1_2_init1,raw_grad_step,,4.0,510.0,random_restart_3,1,0.6583845734596252
2026-03-26T12:46:22,l1/init1/convnext_small_l1_2_init1,raw_grad_step,,4.0,510.0,random_restart_3,2,0.9598002314567566
2026-03-26T12:46:22,l1/init1/convnext_small_l1_2_init1,raw_grad_step,,4.0,510.0,random_restart_3,3,1.2174748420715331
2026-03-26T12:46:22,l1/init1/convnext_small_l1_2_init1,raw_grad_step,,4.0,510.0,random_restart_3,4,1.4185526847839356
2026-03-26T12:46:22,l1/init1/convnext_small_l1_2_init1,raw_grad_step,,4.0,510.0,random_restart_3,5,1.5921251893043518
2026-03-26T12:46:22,l1/init1/convnext_small_l1_2_init1,raw_grad_step,,4.0,510.0,random_restart_3,6,1.7458725929260255
2026-03-26T12:46:22,l1/init1/convnext_small_l1_2_init1,raw_grad_step,,4.0,510.0,random_restart_3,7,1.8886542081832887
2026-03-26T12:46:22,l1/init1/convnext_small_l1_2_init1,raw_grad_step,,4.0,510.0,random_restart_3,8,2.0220959424972533
2026-03-26T12:46:22,l1/init1/convnext_small_l1_2_init1,raw_grad_step,,4.0,510.0,random_restart_3,9,2.1479267120361327
2026-03-26T12:46:22,l1/init1/convnext_small_l1_2_init1,raw_grad_step,,4.0,510.0,random_restart_3,10,2.265973448753357
2026-03-26T12:46:33,l1/init1/convnext_small_l1_2_init1,l1_apgd_topk,0.01,4.0,510.0,deterministic,1,0.6581589221954346
2026-03-26T12:46:33,l1/init1/convnext_small_l1_2_init1,l1_apgd_topk,0.01,4.0,510.0,deterministic,2,1.4846177339553832
2026-03-26T12:46:33,l1/init1/convnext_small_l1_2_init1,l1_apgd_topk,0.01,4.0,510.0,deterministic,3,1.8131987810134889
2026-03-26T12:46:33,l1/init1/convnext_small_l1_2_init1,l1_apgd_topk,0.01,4.0,510.0,deterministic,4,2.197817850112915
2026-03-26T12:46:33,l1/init1/convnext_small_l1_2_init1,l1_apgd_topk,0.01,4.0,510.0,deterministic,5,2.3928214073181153
2026-03-26T12:46:33,l1/init1/convnext_small_l1_2_init1,l1_apgd_topk,0.01,4.0,510.0,deterministic,6,2.600049543380737
2026-03-26T12:46:33,l1/init1/convnext_small_l1_2_init1,l1_apgd_topk,0.01,4.0,510.0,deterministic,7,2.701048755645752
2026-03-26T12:46:33,l1/init1/convnext_small_l1_2_init1,l1_apgd_topk,0.01,4.0,510.0,deterministic,8,2.8432857036590575
2026-03-26T12:46:33,l1/init1/convnext_small_l1_2_init1,l1_apgd_topk,0.01,4.0,510.0,deterministic,9,2.930344295501709
2026-03-26T12:46:33,l1/init1/convnext_small_l1_2_init1,l1_apgd_topk,0.01,4.0,510.0,deterministic,10,2.969969463348389
2026-03-26T12:46:45,l1/init1/convnext_small_l1_2_init1,l1_apgd_topk,0.01,4.0,510.0,random_restart_1,1,0.6584345579147339
2026-03-26T12:46:45,l1/init1/convnext_small_l1_2_init1,l1_apgd_topk,0.01,4.0,510.0,random_restart_1,2,1.4836315393447876
2026-03-26T12:46:45,l1/init1/convnext_small_l1_2_init1,l1_apgd_topk,0.01,4.0,510.0,random_restart_1,3,1.8165797948837281
2026-03-26T12:46:45,l1/init1/convnext_small_l1_2_init1,l1_apgd_topk,0.01,4.0,510.0,random_restart_1,4,2.1976038455963134
2026-03-26T12:46:45,l1/init1/convnext_small_l1_2_init1,l1_apgd_topk,0.01,4.0,510.0,random_restart_1,5,2.401762080192566
2026-03-26T12:46:45,l1/init1/convnext_small_l1_2_init1,l1_apgd_topk,0.01,4.0,510.0,random_restart_1,6,2.634491777420044
2026-03-26T12:46:45,l1/init1/convnext_small_l1_2_init1,l1_apgd_topk,0.01,4.0,510.0,random_restart_1,7,2.737013912200928
2026-03-26T12:46:45,l1/init1/convnext_small_l1_2_init1,l1_apgd_topk,0.01,4.0,510.0,random_restart_1,8,2.8592591762542723
2026-03-26T12:46:45,l1/init1/convnext_small_l1_2_init1,l1_apgd_topk,0.01,4.0,510.0,random_restart_1,9,2.964067268371582
2026-03-26T12:46:45,l1/init1/convnext_small_l1_2_init1,l1_apgd_topk,0.01,4.0,510.0,random_restart_1,10,3.016859006881714
2026-03-26T12:46:57,l1/init1/convnext_small_l1_2_init1,l1_apgd_topk,0.01,4.0,510.0,random_restart_2,1,0.6583790183067322
2026-03-26T12:46:57,l1/init1/convnext_small_l1_2_init1,l1_apgd_topk,0.01,4.0,510.0,random_restart_2,2,1.486467170715332
2026-03-26T12:46:57,l1/init1/convnext_small_l1_2_init1,l1_apgd_topk,0.01,4.0,510.0,random_restart_2,3,1.8173846006393433
2026-03-26T12:46:57,l1/init1/convnext_small_l1_2_init1,l1_apgd_topk,0.01,4.0,510.0,random_restart_2,4,2.1982354640960695
2026-03-26T12:46:57,l1/init1/convnext_small_l1_2_init1,l1_apgd_topk,0.01,4.0,510.0,random_restart_2,5,2.3971463203430177
2026-03-26T12:46:57,l1/init1/convnext_small_l1_2_init1,l1_apgd_topk,0.01,4.0,510.0,random_restart_2,6,2.6289433002471925
2026-03-26T12:46:57,l1/init1/convnext_small_l1_2_init1,l1_apgd_topk,0.01,4.0,510.0,random_restart_2,7,2.711401176452637
2026-03-26T12:46:57,l1/init1/convnext_small_l1_2_init1,l1_apgd_topk,0.01,4.0,510.0,random_restart_2,8,2.8580236434936523
2026-03-26T12:46:57,l1/init1/convnext_small_l1_2_init1,l1_apgd_topk,0.01,4.0,510.0,random_restart_2,9,2.9335705757141115
2026-03-26T12:46:57,l1/init1/convnext_small_l1_2_init1,l1_apgd_topk,0.01,4.0,510.0,random_restart_2,10,3.0063889980316163
2026-03-26T12:47:09,l1/init1/convnext_small_l1_2_init1,l1_apgd_topk,0.01,4.0,510.0,random_restart_3,1,0.6583845734596252
2026-03-26T12:47:09,l1/init1/convnext_small_l1_2_init1,l1_apgd_topk,0.01,4.0,510.0,random_restart_3,2,1.4824246883392334
2026-03-26T12:47:09,l1/init1/convnext_small_l1_2_init1,l1_apgd_topk,0.01,4.0,510.0,random_restart_3,3,1.8170407295227051
2026-03-26T12:47:09,l1/init1/convnext_small_l1_2_init1,l1_apgd_topk,0.01,4.0,510.0,random_restart_3,4,2.19696626663208
2026-03-26T12:47:09,l1/init1/convnext_small_l1_2_init1,l1_apgd_topk,0.01,4.0,510.0,random_restart_3,5,2.395400953292847
2026-03-26T12:47:09,l1/init1/convnext_small_l1_2_init1,l1_apgd_topk,0.01,4.0,510.0,random_restart_3,6,2.624980163574219
2026-03-26T12:47:09,l1/init1/convnext_small_l1_2_init1,l1_apgd_topk,0.01,4.0,510.0,random_restart_3,7,2.728335428237915
2026-03-26T12:47:09,l1/init1/convnext_small_l1_2_init1,l1_apgd_topk,0.01,4.0,510.0,random_restart_3,8,2.8539103984832765
2026-03-26T12:47:09,l1/init1/convnext_small_l1_2_init1,l1_apgd_topk,0.01,4.0,510.0,random_restart_3,9,2.940007209777832
2026-03-26T12:47:09,l1/init1/convnext_small_l1_2_init1,l1_apgd_topk,0.01,4.0,510.0,random_restart_3,10,3.024344730377197
2026-03-26T12:47:21,l1/init1/convnext_small_l1_2_init1,l1_apgd_topk,0.05,4.0,510.0,deterministic,1,0.6581589221954346
2026-03-26T12:47:21,l1/init1/convnext_small_l1_2_init1,l1_apgd_topk,0.05,4.0,510.0,deterministic,2,1.8790293216705323
2026-03-26T12:47:21,l1/init1/convnext_small_l1_2_init1,l1_apgd_topk,0.05,4.0,510.0,deterministic,3,2.4990582942962645
2026-03-26T12:47:21,l1/init1/convnext_small_l1_2_init1,l1_apgd_topk,0.05,4.0,510.0,deterministic,4,2.906502294540405
2026-03-26T12:47:21,l1/init1/convnext_small_l1_2_init1,l1_apgd_topk,0.05,4.0,510.0,deterministic,5,3.142671060562134
2026-03-26T12:47:21,l1/init1/convnext_small_l1_2_init1,l1_apgd_topk,0.05,4.0,510.0,deterministic,6,3.3304209232330324
2026-03-26T12:47:21,l1/init1/convnext_small_l1_2_init1,l1_apgd_topk,0.05,4.0,510.0,deterministic,7,3.459528017044067
2026-03-26T12:47:21,l1/init1/convnext_small_l1_2_init1,l1_apgd_topk,0.05,4.0,510.0,deterministic,8,3.5680169105529784
2026-03-26T12:47:21,l1/init1/convnext_small_l1_2_init1,l1_apgd_topk,0.05,4.0,510.0,deterministic,9,3.642258358001709
2026-03-26T12:47:21,l1/init1/convnext_small_l1_2_init1,l1_apgd_topk,0.05,4.0,510.0,deterministic,10,3.6940519332885744
2026-03-26T12:47:32,l1/init1/convnext_small_l1_2_init1,l1_apgd_topk,0.05,4.0,510.0,random_restart_1,1,0.6584345579147339
2026-03-26T12:47:32,l1/init1/convnext_small_l1_2_init1,l1_apgd_topk,0.05,4.0,510.0,random_restart_1,2,1.8797204732894897
2026-03-26T12:47:32,l1/init1/convnext_small_l1_2_init1,l1_apgd_topk,0.05,4.0,510.0,random_restart_1,3,2.5032516002655028
2026-03-26T12:47:32,l1/init1/convnext_small_l1_2_init1,l1_apgd_topk,0.05,4.0,510.0,random_restart_1,4,2.9084182739257813
2026-03-26T12:47:32,l1/init1/convnext_small_l1_2_init1,l1_apgd_topk,0.05,4.0,510.0,random_restart_1,5,3.144131803512573
2026-03-26T12:47:32,l1/init1/convnext_small_l1_2_init1,l1_apgd_topk,0.05,4.0,510.0,random_restart_1,6,3.3356470108032226
2026-03-26T12:47:32,l1/init1/convnext_small_l1_2_init1,l1_apgd_topk,0.05,4.0,510.0,random_restart_1,7,3.4644182205200194
2026-03-26T12:47:32,l1/init1/convnext_small_l1_2_init1,l1_apgd_topk,0.05,4.0,510.0,random_restart_1,8,3.574320077896118
2026-03-26T12:47:32,l1/init1/convnext_small_l1_2_init1,l1_apgd_topk,0.05,4.0,510.0,random_restart_1,9,3.6369609355926515
2026-03-26T12:47:32,l1/init1/convnext_small_l1_2_init1,l1_apgd_topk,0.05,4.0,510.0,random_restart_1,10,3.687408971786499
2026-03-26T12:47:44,l1/init1/convnext_small_l1_2_init1,l1_apgd_topk,0.05,4.0,510.0,random_restart_2,1,0.6583790183067322
2026-03-26T12:47:44,l1/init1/convnext_small_l1_2_init1,l1_apgd_topk,0.05,4.0,510.0,random_restart_2,2,1.8798170328140258
2026-03-26T12:47:44,l1/init1/convnext_small_l1_2_init1,l1_apgd_topk,0.05,4.0,510.0,random_restart_2,3,2.501041603088379
2026-03-26T12:47:44,l1/init1/convnext_small_l1_2_init1,l1_apgd_topk,0.05,4.0,510.0,random_restart_2,4,2.9092516899108887
2026-03-26T12:47:44,l1/init1/convnext_small_l1_2_init1,l1_apgd_topk,0.05,4.0,510.0,random_restart_2,5,3.145067262649536
2026-03-26T12:47:44,l1/init1/convnext_small_l1_2_init1,l1_apgd_topk,0.05,4.0,510.0,random_restart_2,6,3.33179292678833
2026-03-26T12:47:44,l1/init1/convnext_small_l1_2_init1,l1_apgd_topk,0.05,4.0,510.0,random_restart_2,7,3.4630441665649414
2026-03-26T12:47:44,l1/init1/convnext_small_l1_2_init1,l1_apgd_topk,0.05,4.0,510.0,random_restart_2,8,3.5751476764678953
2026-03-26T12:47:44,l1/init1/convnext_small_l1_2_init1,l1_apgd_topk,0.05,4.0,510.0,random_restart_2,9,3.643208408355713
2026-03-26T12:47:44,l1/init1/convnext_small_l1_2_init1,l1_apgd_topk,0.05,4.0,510.0,random_restart_2,10,3.6995159149169923
2026-03-26T12:47:56,l1/init1/convnext_small_l1_2_init1,l1_apgd_topk,0.05,4.0,510.0,random_restart_3,1,0.6583845734596252
2026-03-26T12:47:56,l1/init1/convnext_small_l1_2_init1,l1_apgd_topk,0.05,4.0,510.0,random_restart_3,2,1.878446364402771
2026-03-26T12:47:56,l1/init1/convnext_small_l1_2_init1,l1_apgd_topk,0.05,4.0,510.0,random_restart_3,3,2.5019674062728883
2026-03-26T12:47:56,l1/init1/convnext_small_l1_2_init1,l1_apgd_topk,0.05,4.0,510.0,random_restart_3,4,2.9070241928100584
2026-03-26T12:47:56,l1/init1/convnext_small_l1_2_init1,l1_apgd_topk,0.05,4.0,510.0,random_restart_3,5,3.1405354499816895
2026-03-26T12:47:56,l1/init1/convnext_small_l1_2_init1,l1_apgd_topk,0.05,4.0,510.0,random_restart_3,6,3.3318631649017334
2026-03-26T12:47:56,l1/init1/convnext_small_l1_2_init1,l1_apgd_topk,0.05,4.0,510.0,random_restart_3,7,3.456089210510254
2026-03-26T12:47:56,l1/init1/convnext_small_l1_2_init1,l1_apgd_topk,0.05,4.0,510.0,random_restart_3,8,3.5698144912719725
2026-03-26T12:47:56,l1/init1/convnext_small_l1_2_init1,l1_apgd_topk,0.05,4.0,510.0,random_restart_3,9,3.6368186473846436
2026-03-26T12:47:56,l1/init1/convnext_small_l1_2_init1,l1_apgd_topk,0.05,4.0,510.0,random_restart_3,10,3.6860127449035645
2026-03-26T12:48:08,l1/init1/convnext_small_l1_2_init1,l1_apgd_topk,0.1,4.0,510.0,deterministic,1,0.6581589221954346
2026-03-26T12:48:08,l1/init1/convnext_small_l1_2_init1,l1_apgd_topk,0.1,4.0,510.0,deterministic,2,1.6937186956405639
2026-03-26T12:48:08,l1/init1/convnext_small_l1_2_init1,l1_apgd_topk,0.1,4.0,510.0,deterministic,3,2.1032299757003785
2026-03-26T12:48:08,l1/init1/convnext_small_l1_2_init1,l1_apgd_topk,0.1,4.0,510.0,deterministic,4,2.2990244388580323
2026-03-26T12:48:08,l1/init1/convnext_small_l1_2_init1,l1_apgd_topk,0.1,4.0,510.0,deterministic,5,2.4116425275802613
2026-03-26T12:48:08,l1/init1/convnext_small_l1_2_init1,l1_apgd_topk,0.1,4.0,510.0,deterministic,6,2.471608066558838
2026-03-26T12:48:08,l1/init1/convnext_small_l1_2_init1,l1_apgd_topk,0.1,4.0,510.0,deterministic,7,2.511863088607788
2026-03-26T12:48:08,l1/init1/convnext_small_l1_2_init1,l1_apgd_topk,0.1,4.0,510.0,deterministic,8,2.533556509017944
2026-03-26T12:48:08,l1/init1/convnext_small_l1_2_init1,l1_apgd_topk,0.1,4.0,510.0,deterministic,9,2.5498260498046874
2026-03-26T12:48:08,l1/init1/convnext_small_l1_2_init1,l1_apgd_topk,0.1,4.0,510.0,deterministic,10,2.561124062538147
2026-03-26T12:48:20,l1/init1/convnext_small_l1_2_init1,l1_apgd_topk,0.1,4.0,510.0,random_restart_1,1,0.6584345579147339
2026-03-26T12:48:20,l1/init1/convnext_small_l1_2_init1,l1_apgd_topk,0.1,4.0,510.0,random_restart_1,2,1.6933722257614137
2026-03-26T12:48:20,l1/init1/convnext_small_l1_2_init1,l1_apgd_topk,0.1,4.0,510.0,random_restart_1,3,2.107440972328186
2026-03-26T12:48:20,l1/init1/convnext_small_l1_2_init1,l1_apgd_topk,0.1,4.0,510.0,random_restart_1,4,2.302147650718689
2026-03-26T12:48:20,l1/init1/convnext_small_l1_2_init1,l1_apgd_topk,0.1,4.0,510.0,random_restart_1,5,2.4096611738204956
2026-03-26T12:48:20,l1/init1/convnext_small_l1_2_init1,l1_apgd_topk,0.1,4.0,510.0,random_restart_1,6,2.4694684982299804
2026-03-26T12:48:20,l1/init1/convnext_small_l1_2_init1,l1_apgd_topk,0.1,4.0,510.0,random_restart_1,7,2.508771872520447
2026-03-26T12:48:20,l1/init1/convnext_small_l1_2_init1,l1_apgd_topk,0.1,4.0,510.0,random_restart_1,8,2.531689763069153
2026-03-26T12:48:20,l1/init1/convnext_small_l1_2_init1,l1_apgd_topk,0.1,4.0,510.0,random_restart_1,9,2.546376132965088
2026-03-26T12:48:20,l1/init1/convnext_small_l1_2_init1,l1_apgd_topk,0.1,4.0,510.0,random_restart_1,10,2.5582146883010863
2026-03-26T12:48:31,l1/init1/convnext_small_l1_2_init1,l1_apgd_topk,0.1,4.0,510.0,random_restart_2,1,0.6583790183067322
2026-03-26T12:48:31,l1/init1/convnext_small_l1_2_init1,l1_apgd_topk,0.1,4.0,510.0,random_restart_2,2,1.694016432762146
2026-03-26T12:48:31,l1/init1/convnext_small_l1_2_init1,l1_apgd_topk,0.1,4.0,510.0,random_restart_2,3,2.1067798376083373
2026-03-26T12:48:31,l1/init1/convnext_small_l1_2_init1,l1_apgd_topk,0.1,4.0,510.0,random_restart_2,4,2.3004823446273805
2026-03-26T12:48:31,l1/init1/convnext_small_l1_2_init1,l1_apgd_topk,0.1,4.0,510.0,random_restart_2,5,2.410025691986084
2026-03-26T12:48:31,l1/init1/convnext_small_l1_2_init1,l1_apgd_topk,0.1,4.0,510.0,random_restart_2,6,2.4727445602416993
2026-03-26T12:48:31,l1/init1/convnext_small_l1_2_init1,l1_apgd_topk,0.1,4.0,510.0,random_restart_2,7,2.5084449291229247
2026-03-26T12:48:31,l1/init1/convnext_small_l1_2_init1,l1_apgd_topk,0.1,4.0,510.0,random_restart_2,8,2.532556653022766
2026-03-26T12:48:31,l1/init1/convnext_small_l1_2_init1,l1_apgd_topk,0.1,4.0,510.0,random_restart_2,9,2.5499515295028687
2026-03-26T12:48:31,l1/init1/convnext_small_l1_2_init1,l1_apgd_topk,0.1,4.0,510.0,random_restart_2,10,2.562220597267151
2026-03-26T12:48:43,l1/init1/convnext_small_l1_2_init1,l1_apgd_topk,0.1,4.0,510.0,random_restart_3,1,0.6583845734596252
2026-03-26T12:48:43,l1/init1/convnext_small_l1_2_init1,l1_apgd_topk,0.1,4.0,510.0,random_restart_3,2,1.692674422264099
2026-03-26T12:48:43,l1/init1/convnext_small_l1_2_init1,l1_apgd_topk,0.1,4.0,510.0,random_restart_3,3,2.107573938369751
2026-03-26T12:48:43,l1/init1/convnext_small_l1_2_init1,l1_apgd_topk,0.1,4.0,510.0,random_restart_3,4,2.300636553764343
2026-03-26T12:48:43,l1/init1/convnext_small_l1_2_init1,l1_apgd_topk,0.1,4.0,510.0,random_restart_3,5,2.4110639810562136
2026-03-26T12:48:43,l1/init1/convnext_small_l1_2_init1,l1_apgd_topk,0.1,4.0,510.0,random_restart_3,6,2.4728177547454835
2026-03-26T12:48:43,l1/init1/convnext_small_l1_2_init1,l1_apgd_topk,0.1,4.0,510.0,random_restart_3,7,2.5094544649124146
2026-03-26T12:48:43,l1/init1/convnext_small_l1_2_init1,l1_apgd_topk,0.1,4.0,510.0,random_restart_3,8,2.5321423053741454
2026-03-26T12:48:43,l1/init1/convnext_small_l1_2_init1,l1_apgd_topk,0.1,4.0,510.0,random_restart_3,9,2.548251914978027
2026-03-26T12:48:43,l1/init1/convnext_small_l1_2_init1,l1_apgd_topk,0.1,4.0,510.0,random_restart_3,10,2.5603018045425414
2026-03-26T12:48:55,l1/init1/convnext_small_l1_2_init1,fw_onehot,,4.0,510.0,deterministic,1,0.6581589221954346
2026-03-26T12:48:55,l1/init1/convnext_small_l1_2_init1,fw_onehot,,4.0,510.0,deterministic,2,0.6603251159191131
2026-03-26T12:48:55,l1/init1/convnext_small_l1_2_init1,fw_onehot,,4.0,510.0,deterministic,3,0.6612888693809509
2026-03-26T12:48:55,l1/init1/convnext_small_l1_2_init1,fw_onehot,,4.0,510.0,deterministic,4,0.6620761752128601
2026-03-26T12:48:55,l1/init1/convnext_small_l1_2_init1,fw_onehot,,4.0,510.0,deterministic,5,0.6625709056854248
2026-03-26T12:48:55,l1/init1/convnext_small_l1_2_init1,fw_onehot,,4.0,510.0,deterministic,6,0.6632713496685028
2026-03-26T12:48:55,l1/init1/convnext_small_l1_2_init1,fw_onehot,,4.0,510.0,deterministic,7,0.6633799076080322
2026-03-26T12:48:55,l1/init1/convnext_small_l1_2_init1,fw_onehot,,4.0,510.0,deterministic,8,0.6642524063587188
2026-03-26T12:48:55,l1/init1/convnext_small_l1_2_init1,fw_onehot,,4.0,510.0,deterministic,9,0.6642588794231414
2026-03-26T12:48:55,l1/init1/convnext_small_l1_2_init1,fw_onehot,,4.0,510.0,deterministic,10,0.6648794531822204
2026-03-26T12:49:06,l1/init1/convnext_small_l1_2_init1,baseline_l2norm,,8.0,1020.0,deterministic,1,0.6581589221954346
2026-03-26T12:49:06,l1/init1/convnext_small_l1_2_init1,baseline_l2norm,,8.0,1020.0,deterministic,2,1.3935409545898438
2026-03-26T12:49:06,l1/init1/convnext_small_l1_2_init1,baseline_l2norm,,8.0,1020.0,deterministic,3,1.5724177360534668
2026-03-26T12:49:06,l1/init1/convnext_small_l1_2_init1,baseline_l2norm,,8.0,1020.0,deterministic,4,1.7778436183929442
2026-03-26T12:49:06,l1/init1/convnext_small_l1_2_init1,baseline_l2norm,,8.0,1020.0,deterministic,5,1.9359986305236816
2026-03-26T12:49:06,l1/init1/convnext_small_l1_2_init1,baseline_l2norm,,8.0,1020.0,deterministic,6,1.9041071891784669
2026-03-26T12:49:06,l1/init1/convnext_small_l1_2_init1,baseline_l2norm,,8.0,1020.0,deterministic,7,1.9830501317977904
2026-03-26T12:49:06,l1/init1/convnext_small_l1_2_init1,baseline_l2norm,,8.0,1020.0,deterministic,8,1.978596019744873
2026-03-26T12:49:06,l1/init1/convnext_small_l1_2_init1,baseline_l2norm,,8.0,1020.0,deterministic,9,2.021036148071289
2026-03-26T12:49:06,l1/init1/convnext_small_l1_2_init1,baseline_l2norm,,8.0,1020.0,deterministic,10,2.0382702589035033
2026-03-26T12:49:18,l1/init1/convnext_small_l1_2_init1,baseline_l2norm,,8.0,1020.0,random_restart_1,1,0.6609509646892547
2026-03-26T12:49:18,l1/init1/convnext_small_l1_2_init1,baseline_l2norm,,8.0,1020.0,random_restart_1,2,1.3906074047088623
2026-03-26T12:49:18,l1/init1/convnext_small_l1_2_init1,baseline_l2norm,,8.0,1020.0,random_restart_1,3,1.576652193069458
2026-03-26T12:49:18,l1/init1/convnext_small_l1_2_init1,baseline_l2norm,,8.0,1020.0,random_restart_1,4,1.787233090400696
2026-03-26T12:49:18,l1/init1/convnext_small_l1_2_init1,baseline_l2norm,,8.0,1020.0,random_restart_1,5,1.9278847217559814
2026-03-26T12:49:18,l1/init1/convnext_small_l1_2_init1,baseline_l2norm,,8.0,1020.0,random_restart_1,6,1.9170393228530884
2026-03-26T12:49:18,l1/init1/convnext_small_l1_2_init1,baseline_l2norm,,8.0,1020.0,random_restart_1,7,1.9659717082977295
2026-03-26T12:49:18,l1/init1/convnext_small_l1_2_init1,baseline_l2norm,,8.0,1020.0,random_restart_1,8,1.9851312398910523
2026-03-26T12:49:18,l1/init1/convnext_small_l1_2_init1,baseline_l2norm,,8.0,1020.0,random_restart_1,9,2.0420689821243285
2026-03-26T12:49:18,l1/init1/convnext_small_l1_2_init1,baseline_l2norm,,8.0,1020.0,random_restart_1,10,1.9971060276031494
2026-03-26T12:49:30,l1/init1/convnext_small_l1_2_init1,baseline_l2norm,,8.0,1020.0,random_restart_2,1,0.6608805358409882
2026-03-26T12:49:30,l1/init1/convnext_small_l1_2_init1,baseline_l2norm,,8.0,1020.0,random_restart_2,2,1.395202898979187
2026-03-26T12:49:30,l1/init1/convnext_small_l1_2_init1,baseline_l2norm,,8.0,1020.0,random_restart_2,3,1.575585961341858
2026-03-26T12:49:30,l1/init1/convnext_small_l1_2_init1,baseline_l2norm,,8.0,1020.0,random_restart_2,4,1.7797378063201905
2026-03-26T12:49:30,l1/init1/convnext_small_l1_2_init1,baseline_l2norm,,8.0,1020.0,random_restart_2,5,1.933516263961792
2026-03-26T12:49:30,l1/init1/convnext_small_l1_2_init1,baseline_l2norm,,8.0,1020.0,random_restart_2,6,1.9034308671951294
2026-03-26T12:49:30,l1/init1/convnext_small_l1_2_init1,baseline_l2norm,,8.0,1020.0,random_restart_2,7,1.9834673881530762
2026-03-26T12:49:30,l1/init1/convnext_small_l1_2_init1,baseline_l2norm,,8.0,1020.0,random_restart_2,8,1.976269793510437
2026-03-26T12:49:30,l1/init1/convnext_small_l1_2_init1,baseline_l2norm,,8.0,1020.0,random_restart_2,9,2.005060386657715
2026-03-26T12:49:30,l1/init1/convnext_small_l1_2_init1,baseline_l2norm,,8.0,1020.0,random_restart_2,10,2.013699102401733
2026-03-26T12:49:42,l1/init1/convnext_small_l1_2_init1,baseline_l2norm,,8.0,1020.0,random_restart_3,1,0.6609044432640075
2026-03-26T12:49:42,l1/init1/convnext_small_l1_2_init1,baseline_l2norm,,8.0,1020.0,random_restart_3,2,1.3918133020401
2026-03-26T12:49:42,l1/init1/convnext_small_l1_2_init1,baseline_l2norm,,8.0,1020.0,random_restart_3,3,1.5780689239501953
2026-03-26T12:49:42,l1/init1/convnext_small_l1_2_init1,baseline_l2norm,,8.0,1020.0,random_restart_3,4,1.7798676013946533
2026-03-26T12:49:42,l1/init1/convnext_small_l1_2_init1,baseline_l2norm,,8.0,1020.0,random_restart_3,5,1.9242439270019531
2026-03-26T12:49:42,l1/init1/convnext_small_l1_2_init1,baseline_l2norm,,8.0,1020.0,random_restart_3,6,1.9255951166152954
2026-03-26T12:49:42,l1/init1/convnext_small_l1_2_init1,baseline_l2norm,,8.0,1020.0,random_restart_3,7,1.9752814769744873
2026-03-26T12:49:42,l1/init1/convnext_small_l1_2_init1,baseline_l2norm,,8.0,1020.0,random_restart_3,8,1.980369257926941
2026-03-26T12:49:42,l1/init1/convnext_small_l1_2_init1,baseline_l2norm,,8.0,1020.0,random_restart_3,9,2.023564863204956
2026-03-26T12:49:42,l1/init1/convnext_small_l1_2_init1,baseline_l2norm,,8.0,1020.0,random_restart_3,10,2.0243343830108644
2026-03-26T12:49:53,l1/init1/convnext_small_l1_2_init1,l1norm_step,,8.0,1020.0,deterministic,1,0.6581589221954346
2026-03-26T12:49:53,l1/init1/convnext_small_l1_2_init1,l1norm_step,,8.0,1020.0,deterministic,2,0.8949370861053467
2026-03-26T12:49:53,l1/init1/convnext_small_l1_2_init1,l1norm_step,,8.0,1020.0,deterministic,3,1.179095494747162
2026-03-26T12:49:53,l1/init1/convnext_small_l1_2_init1,l1norm_step,,8.0,1020.0,deterministic,4,1.51367506980896
2026-03-26T12:49:53,l1/init1/convnext_small_l1_2_init1,l1norm_step,,8.0,1020.0,deterministic,5,1.903696393966675
2026-03-26T12:49:53,l1/init1/convnext_small_l1_2_init1,l1norm_step,,8.0,1020.0,deterministic,6,2.344730758666992
2026-03-26T12:49:53,l1/init1/convnext_small_l1_2_init1,l1norm_step,,8.0,1020.0,deterministic,7,2.6641906023025514
2026-03-26T12:49:53,l1/init1/convnext_small_l1_2_init1,l1norm_step,,8.0,1020.0,deterministic,8,2.9343639373779298
2026-03-26T12:49:53,l1/init1/convnext_small_l1_2_init1,l1norm_step,,8.0,1020.0,deterministic,9,3.1853564262390135
2026-03-26T12:49:53,l1/init1/convnext_small_l1_2_init1,l1norm_step,,8.0,1020.0,deterministic,10,3.418867301940918
2026-03-26T12:50:05,l1/init1/convnext_small_l1_2_init1,l1norm_step,,8.0,1020.0,random_restart_1,1,0.6609509646892547
2026-03-26T12:50:05,l1/init1/convnext_small_l1_2_init1,l1norm_step,,8.0,1020.0,random_restart_1,2,0.8941274523735047
2026-03-26T12:50:05,l1/init1/convnext_small_l1_2_init1,l1norm_step,,8.0,1020.0,random_restart_1,3,1.1610228776931764
2026-03-26T12:50:05,l1/init1/convnext_small_l1_2_init1,l1norm_step,,8.0,1020.0,random_restart_1,4,1.4492722749710083
2026-03-26T12:50:05,l1/init1/convnext_small_l1_2_init1,l1norm_step,,8.0,1020.0,random_restart_1,5,1.7512218713760377
2026-03-26T12:50:05,l1/init1/convnext_small_l1_2_init1,l1norm_step,,8.0,1020.0,random_restart_1,6,2.057754302024841
2026-03-26T12:50:05,l1/init1/convnext_small_l1_2_init1,l1norm_step,,8.0,1020.0,random_restart_1,7,2.360449743270874
2026-03-26T12:50:05,l1/init1/convnext_small_l1_2_init1,l1norm_step,,8.0,1020.0,random_restart_1,8,2.6507049560546876
2026-03-26T12:50:05,l1/init1/convnext_small_l1_2_init1,l1norm_step,,8.0,1020.0,random_restart_1,9,2.9245519638061523
2026-03-26T12:50:05,l1/init1/convnext_small_l1_2_init1,l1norm_step,,8.0,1020.0,random_restart_1,10,3.178829717636108
2026-03-26T12:50:17,l1/init1/convnext_small_l1_2_init1,l1norm_step,,8.0,1020.0,random_restart_2,1,0.6608805358409882
2026-03-26T12:50:17,l1/init1/convnext_small_l1_2_init1,l1norm_step,,8.0,1020.0,random_restart_2,2,0.8940025806427002
2026-03-26T12:50:17,l1/init1/convnext_small_l1_2_init1,l1norm_step,,8.0,1020.0,random_restart_2,3,1.1608038425445557
2026-03-26T12:50:17,l1/init1/convnext_small_l1_2_init1,l1norm_step,,8.0,1020.0,random_restart_2,4,1.449014914035797
2026-03-26T12:50:17,l1/init1/convnext_small_l1_2_init1,l1norm_step,,8.0,1020.0,random_restart_2,5,1.7510751724243163
2026-03-26T12:50:17,l1/init1/convnext_small_l1_2_init1,l1norm_step,,8.0,1020.0,random_restart_2,6,2.057259750366211
2026-03-26T12:50:17,l1/init1/convnext_small_l1_2_init1,l1norm_step,,8.0,1020.0,random_restart_2,7,2.359347677230835
2026-03-26T12:50:17,l1/init1/convnext_small_l1_2_init1,l1norm_step,,8.0,1020.0,random_restart_2,8,2.6490678071975706
2026-03-26T12:50:17,l1/init1/convnext_small_l1_2_init1,l1norm_step,,8.0,1020.0,random_restart_2,9,2.9241417407989503
2026-03-26T12:50:17,l1/init1/convnext_small_l1_2_init1,l1norm_step,,8.0,1020.0,random_restart_2,10,3.180733633041382
2026-03-26T12:50:29,l1/init1/convnext_small_l1_2_init1,l1norm_step,,8.0,1020.0,random_restart_3,1,0.6609044432640075
2026-03-26T12:50:29,l1/init1/convnext_small_l1_2_init1,l1norm_step,,8.0,1020.0,random_restart_3,2,0.8940678656101226
2026-03-26T12:50:29,l1/init1/convnext_small_l1_2_init1,l1norm_step,,8.0,1020.0,random_restart_3,3,1.1609117150306703
2026-03-26T12:50:29,l1/init1/convnext_small_l1_2_init1,l1norm_step,,8.0,1020.0,random_restart_3,4,1.4496830701828003
2026-03-26T12:50:29,l1/init1/convnext_small_l1_2_init1,l1norm_step,,8.0,1020.0,random_restart_3,5,1.751962924003601
2026-03-26T12:50:29,l1/init1/convnext_small_l1_2_init1,l1norm_step,,8.0,1020.0,random_restart_3,6,2.058135461807251
2026-03-26T12:50:29,l1/init1/convnext_small_l1_2_init1,l1norm_step,,8.0,1020.0,random_restart_3,7,2.3600613117218017
2026-03-26T12:50:29,l1/init1/convnext_small_l1_2_init1,l1norm_step,,8.0,1020.0,random_restart_3,8,2.6514614105224608
2026-03-26T12:50:29,l1/init1/convnext_small_l1_2_init1,l1norm_step,,8.0,1020.0,random_restart_3,9,2.9266034603118896
2026-03-26T12:50:29,l1/init1/convnext_small_l1_2_init1,l1norm_step,,8.0,1020.0,random_restart_3,10,3.182810354232788
2026-03-26T12:50:40,l1/init1/convnext_small_l1_2_init1,raw_grad_step,,8.0,1020.0,deterministic,1,0.6581589221954346
2026-03-26T12:50:40,l1/init1/convnext_small_l1_2_init1,raw_grad_step,,8.0,1020.0,deterministic,2,1.2523777484893799
2026-03-26T12:50:40,l1/init1/convnext_small_l1_2_init1,raw_grad_step,,8.0,1020.0,deterministic,3,1.8070656061172485
2026-03-26T12:50:40,l1/init1/convnext_small_l1_2_init1,raw_grad_step,,8.0,1020.0,deterministic,4,2.2745996952056884
2026-03-26T12:50:40,l1/init1/convnext_small_l1_2_init1,raw_grad_step,,8.0,1020.0,deterministic,5,2.683187556266785
2026-03-26T12:50:40,l1/init1/convnext_small_l1_2_init1,raw_grad_step,,8.0,1020.0,deterministic,6,3.0575457572937013
2026-03-26T12:50:40,l1/init1/convnext_small_l1_2_init1,raw_grad_step,,8.0,1020.0,deterministic,7,3.403029680252075
2026-03-26T12:50:40,l1/init1/convnext_small_l1_2_init1,raw_grad_step,,8.0,1020.0,deterministic,8,3.71659631729126
2026-03-26T12:50:40,l1/init1/convnext_small_l1_2_init1,raw_grad_step,,8.0,1020.0,deterministic,9,3.9934403896331787
2026-03-26T12:50:40,l1/init1/convnext_small_l1_2_init1,raw_grad_step,,8.0,1020.0,deterministic,10,4.251795768737793
2026-03-26T12:50:52,l1/init1/convnext_small_l1_2_init1,raw_grad_step,,8.0,1020.0,random_restart_1,1,0.6609509646892547
2026-03-26T12:50:52,l1/init1/convnext_small_l1_2_init1,raw_grad_step,,8.0,1020.0,random_restart_1,2,1.2163554072380065
2026-03-26T12:50:52,l1/init1/convnext_small_l1_2_init1,raw_grad_step,,8.0,1020.0,random_restart_1,3,1.7314286708831788
2026-03-26T12:50:52,l1/init1/convnext_small_l1_2_init1,raw_grad_step,,8.0,1020.0,random_restart_1,4,2.1747678995132445
2026-03-26T12:50:52,l1/init1/convnext_small_l1_2_init1,raw_grad_step,,8.0,1020.0,random_restart_1,5,2.5896605014801026
2026-03-26T12:50:52,l1/init1/convnext_small_l1_2_init1,raw_grad_step,,8.0,1020.0,random_restart_1,6,2.975079393386841
2026-03-26T12:50:52,l1/init1/convnext_small_l1_2_init1,raw_grad_step,,8.0,1020.0,random_restart_1,7,3.322732448577881
2026-03-26T12:50:52,l1/init1/convnext_small_l1_2_init1,raw_grad_step,,8.0,1020.0,random_restart_1,8,3.6475176334381105
2026-03-26T12:50:52,l1/init1/convnext_small_l1_2_init1,raw_grad_step,,8.0,1020.0,random_restart_1,9,3.9298359394073485
2026-03-26T12:50:52,l1/init1/convnext_small_l1_2_init1,raw_grad_step,,8.0,1020.0,random_restart_1,10,4.180403518676758
2026-03-26T12:51:04,l1/init1/convnext_small_l1_2_init1,raw_grad_step,,8.0,1020.0,random_restart_2,1,0.6608805358409882
2026-03-26T12:51:04,l1/init1/convnext_small_l1_2_init1,raw_grad_step,,8.0,1020.0,random_restart_2,2,1.2160212874412537
2026-03-26T12:51:04,l1/init1/convnext_small_l1_2_init1,raw_grad_step,,8.0,1020.0,random_restart_2,3,1.73185396194458
2026-03-26T12:51:04,l1/init1/convnext_small_l1_2_init1,raw_grad_step,,8.0,1020.0,random_restart_2,4,2.1740080595016478
2026-03-26T12:51:04,l1/init1/convnext_small_l1_2_init1,raw_grad_step,,8.0,1020.0,random_restart_2,5,2.589653825759888
2026-03-26T12:51:04,l1/init1/convnext_small_l1_2_init1,raw_grad_step,,8.0,1020.0,random_restart_2,6,2.9799197196960447
2026-03-26T12:51:04,l1/init1/convnext_small_l1_2_init1,raw_grad_step,,8.0,1020.0,random_restart_2,7,3.3256566524505615
2026-03-26T12:51:04,l1/init1/convnext_small_l1_2_init1,raw_grad_step,,8.0,1020.0,random_restart_2,8,3.6492883205413817
2026-03-26T12:51:04,l1/init1/convnext_small_l1_2_init1,raw_grad_step,,8.0,1020.0,random_restart_2,9,3.935611057281494
2026-03-26T12:51:04,l1/init1/convnext_small_l1_2_init1,raw_grad_step,,8.0,1020.0,random_restart_2,10,4.1802287101745605
2026-03-26T12:51:16,l1/init1/convnext_small_l1_2_init1,raw_grad_step,,8.0,1020.0,random_restart_3,1,0.6609044432640075
2026-03-26T12:51:16,l1/init1/convnext_small_l1_2_init1,raw_grad_step,,8.0,1020.0,random_restart_3,2,1.215988540649414
2026-03-26T12:51:16,l1/init1/convnext_small_l1_2_init1,raw_grad_step,,8.0,1020.0,random_restart_3,3,1.7322930812835693
2026-03-26T12:51:16,l1/init1/convnext_small_l1_2_init1,raw_grad_step,,8.0,1020.0,random_restart_3,4,2.1757937908172607
2026-03-26T12:51:16,l1/init1/convnext_small_l1_2_init1,raw_grad_step,,8.0,1020.0,random_restart_3,5,2.5921144247055055
2026-03-26T12:51:16,l1/init1/convnext_small_l1_2_init1,raw_grad_step,,8.0,1020.0,random_restart_3,6,2.979280471801758
2026-03-26T12:51:16,l1/init1/convnext_small_l1_2_init1,raw_grad_step,,8.0,1020.0,random_restart_3,7,3.330199670791626
2026-03-26T12:51:16,l1/init1/convnext_small_l1_2_init1,raw_grad_step,,8.0,1020.0,random_restart_3,8,3.6528470516204834
2026-03-26T12:51:16,l1/init1/convnext_small_l1_2_init1,raw_grad_step,,8.0,1020.0,random_restart_3,9,3.937665414810181
2026-03-26T12:51:16,l1/init1/convnext_small_l1_2_init1,raw_grad_step,,8.0,1020.0,random_restart_3,10,4.181393814086914
2026-03-26T12:51:27,l1/init1/convnext_small_l1_2_init1,l1_apgd_topk,0.01,8.0,1020.0,deterministic,1,0.6581589221954346
2026-03-26T12:51:27,l1/init1/convnext_small_l1_2_init1,l1_apgd_topk,0.01,8.0,1020.0,deterministic,2,1.3608099699020386
2026-03-26T12:51:27,l1/init1/convnext_small_l1_2_init1,l1_apgd_topk,0.01,8.0,1020.0,deterministic,3,1.5267560720443725
2026-03-26T12:51:27,l1/init1/convnext_small_l1_2_init1,l1_apgd_topk,0.01,8.0,1020.0,deterministic,4,1.9227943420410156
2026-03-26T12:51:27,l1/init1/convnext_small_l1_2_init1,l1_apgd_topk,0.01,8.0,1020.0,deterministic,5,1.9644716501235961
2026-03-26T12:51:27,l1/init1/convnext_small_l1_2_init1,l1_apgd_topk,0.01,8.0,1020.0,deterministic,6,2.137278342247009
2026-03-26T12:51:27,l1/init1/convnext_small_l1_2_init1,l1_apgd_topk,0.01,8.0,1020.0,deterministic,7,2.142675018310547
2026-03-26T12:51:27,l1/init1/convnext_small_l1_2_init1,l1_apgd_topk,0.01,8.0,1020.0,deterministic,8,2.2566252946853638
2026-03-26T12:51:27,l1/init1/convnext_small_l1_2_init1,l1_apgd_topk,0.01,8.0,1020.0,deterministic,9,2.2181326389312743
2026-03-26T12:51:27,l1/init1/convnext_small_l1_2_init1,l1_apgd_topk,0.01,8.0,1020.0,deterministic,10,2.3106677770614623
2026-03-26T12:51:39,l1/init1/convnext_small_l1_2_init1,l1_apgd_topk,0.01,8.0,1020.0,random_restart_1,1,0.6609509646892547
2026-03-26T12:51:39,l1/init1/convnext_small_l1_2_init1,l1_apgd_topk,0.01,8.0,1020.0,random_restart_1,2,1.350386917591095
2026-03-26T12:51:39,l1/init1/convnext_small_l1_2_init1,l1_apgd_topk,0.01,8.0,1020.0,random_restart_1,3,1.5496186375617982
2026-03-26T12:51:39,l1/init1/convnext_small_l1_2_init1,l1_apgd_topk,0.01,8.0,1020.0,random_restart_1,4,1.9332048416137695
2026-03-26T12:51:39,l1/init1/convnext_small_l1_2_init1,l1_apgd_topk,0.01,8.0,1020.0,random_restart_1,5,1.9963470697402954
2026-03-26T12:51:39,l1/init1/convnext_small_l1_2_init1,l1_apgd_topk,0.01,8.0,1020.0,random_restart_1,6,2.143250560760498
2026-03-26T12:51:39,l1/init1/convnext_small_l1_2_init1,l1_apgd_topk,0.01,8.0,1020.0,random_restart_1,7,2.1728466272354128
2026-03-26T12:51:39,l1/init1/convnext_small_l1_2_init1,l1_apgd_topk,0.01,8.0,1020.0,random_restart_1,8,2.2212926864624025
2026-03-26T12:51:39,l1/init1/convnext_small_l1_2_init1,l1_apgd_topk,0.01,8.0,1020.0,random_restart_1,9,2.2422303676605226
2026-03-26T12:51:39,l1/init1/convnext_small_l1_2_init1,l1_apgd_topk,0.01,8.0,1020.0,random_restart_1,10,2.2461841106414795
2026-03-26T12:51:51,l1/init1/convnext_small_l1_2_init1,l1_apgd_topk,0.01,8.0,1020.0,random_restart_2,1,0.6608805358409882
2026-03-26T12:51:51,l1/init1/convnext_small_l1_2_init1,l1_apgd_topk,0.01,8.0,1020.0,random_restart_2,2,1.3538915038108825
2026-03-26T12:51:51,l1/init1/convnext_small_l1_2_init1,l1_apgd_topk,0.01,8.0,1020.0,random_restart_2,3,1.5367249250411987
2026-03-26T12:51:51,l1/init1/convnext_small_l1_2_init1,l1_apgd_topk,0.01,8.0,1020.0,random_restart_2,4,1.9251150846481324
2026-03-26T12:51:51,l1/init1/convnext_small_l1_2_init1,l1_apgd_topk,0.01,8.0,1020.0,random_restart_2,5,1.9700007677078246
2026-03-26T12:51:51,l1/init1/convnext_small_l1_2_init1,l1_apgd_topk,0.01,8.0,1020.0,random_restart_2,6,2.1271119356155395
2026-03-26T12:51:51,l1/init1/convnext_small_l1_2_init1,l1_apgd_topk,0.01,8.0,1020.0,random_restart_2,7,2.1375561237335203
2026-03-26T12:51:51,l1/init1/convnext_small_l1_2_init1,l1_apgd_topk,0.01,8.0,1020.0,random_restart_2,8,2.230616569519043
2026-03-26T12:51:51,l1/init1/convnext_small_l1_2_init1,l1_apgd_topk,0.01,8.0,1020.0,random_restart_2,9,2.207748460769653
2026-03-26T12:51:51,l1/init1/convnext_small_l1_2_init1,l1_apgd_topk,0.01,8.0,1020.0,random_restart_2,10,2.289794373512268
2026-03-26T12:52:03,l1/init1/convnext_small_l1_2_init1,l1_apgd_topk,0.01,8.0,1020.0,random_restart_3,1,0.6609044432640075
2026-03-26T12:52:03,l1/init1/convnext_small_l1_2_init1,l1_apgd_topk,0.01,8.0,1020.0,random_restart_3,2,1.3492918252944945
2026-03-26T12:52:03,l1/init1/convnext_small_l1_2_init1,l1_apgd_topk,0.01,8.0,1020.0,random_restart_3,3,1.532803761959076
2026-03-26T12:52:03,l1/init1/convnext_small_l1_2_init1,l1_apgd_topk,0.01,8.0,1020.0,random_restart_3,4,1.9199003458023072
2026-03-26T12:52:03,l1/init1/convnext_small_l1_2_init1,l1_apgd_topk,0.01,8.0,1020.0,random_restart_3,5,1.9863303661346436
2026-03-26T12:52:03,l1/init1/convnext_small_l1_2_init1,l1_apgd_topk,0.01,8.0,1020.0,random_restart_3,6,2.1131676197052003
2026-03-26T12:52:03,l1/init1/convnext_small_l1_2_init1,l1_apgd_topk,0.01,8.0,1020.0,random_restart_3,7,2.1400922536849976
2026-03-26T12:52:03,l1/init1/convnext_small_l1_2_init1,l1_apgd_topk,0.01,8.0,1020.0,random_restart_3,8,2.2248902797698973
2026-03-26T12:52:03,l1/init1/convnext_small_l1_2_init1,l1_apgd_topk,0.01,8.0,1020.0,random_restart_3,9,2.2320255994796754
2026-03-26T12:52:03,l1/init1/convnext_small_l1_2_init1,l1_apgd_topk,0.01,8.0,1020.0,random_restart_3,10,2.3298086166381835
2026-03-26T12:52:14,l1/init1/convnext_small_l1_2_init1,l1_apgd_topk,0.05,8.0,1020.0,deterministic,1,0.6581589221954346
2026-03-26T12:52:14,l1/init1/convnext_small_l1_2_init1,l1_apgd_topk,0.05,8.0,1020.0,deterministic,2,2.6301256656646728
2026-03-26T12:52:14,l1/init1/convnext_small_l1_2_init1,l1_apgd_topk,0.05,8.0,1020.0,deterministic,3,3.9938711166381835
2026-03-26T12:52:14,l1/init1/convnext_small_l1_2_init1,l1_apgd_topk,0.05,8.0,1020.0,deterministic,4,5.088486671447754
2026-03-26T12:52:14,l1/init1/convnext_small_l1_2_init1,l1_apgd_topk,0.05,8.0,1020.0,deterministic,5,5.855518913269043
2026-03-26T12:52:14,l1/init1/convnext_small_l1_2_init1,l1_apgd_topk,0.05,8.0,1020.0,deterministic,6,6.250397396087647
2026-03-26T12:52:14,l1/init1/convnext_small_l1_2_init1,l1_apgd_topk,0.05,8.0,1020.0,deterministic,7,6.774114608764648
2026-03-26T12:52:14,l1/init1/convnext_small_l1_2_init1,l1_apgd_topk,0.05,8.0,1020.0,deterministic,8,7.086249542236328
2026-03-26T12:52:14,l1/init1/convnext_small_l1_2_init1,l1_apgd_topk,0.05,8.0,1020.0,deterministic,9,7.424195861816406
2026-03-26T12:52:14,l1/init1/convnext_small_l1_2_init1,l1_apgd_topk,0.05,8.0,1020.0,deterministic,10,7.453447151184082
2026-03-26T12:52:26,l1/init1/convnext_small_l1_2_init1,l1_apgd_topk,0.05,8.0,1020.0,random_restart_1,1,0.6609509646892547
2026-03-26T12:52:26,l1/init1/convnext_small_l1_2_init1,l1_apgd_topk,0.05,8.0,1020.0,random_restart_1,2,2.6391411781311036
2026-03-26T12:52:26,l1/init1/convnext_small_l1_2_init1,l1_apgd_topk,0.05,8.0,1020.0,random_restart_1,3,4.031829452514648
2026-03-26T12:52:26,l1/init1/convnext_small_l1_2_init1,l1_apgd_topk,0.05,8.0,1020.0,random_restart_1,4,5.085638904571534
2026-03-26T12:52:26,l1/init1/convnext_small_l1_2_init1,l1_apgd_topk,0.05,8.0,1020.0,random_restart_1,5,5.852272605895996
2026-03-26T12:52:26,l1/init1/convnext_small_l1_2_init1,l1_apgd_topk,0.05,8.0,1020.0,random_restart_1,6,6.302490615844727
2026-03-26T12:52:26,l1/init1/convnext_small_l1_2_init1,l1_apgd_topk,0.05,8.0,1020.0,random_restart_1,7,6.740697288513184
2026-03-26T12:52:26,l1/init1/convnext_small_l1_2_init1,l1_apgd_topk,0.05,8.0,1020.0,random_restart_1,8,7.064530944824218
2026-03-26T12:52:26,l1/init1/convnext_small_l1_2_init1,l1_apgd_topk,0.05,8.0,1020.0,random_restart_1,9,7.283827304840088
2026-03-26T12:52:26,l1/init1/convnext_small_l1_2_init1,l1_apgd_topk,0.05,8.0,1020.0,random_restart_1,10,7.541388511657715
2026-03-26T12:52:38,l1/init1/convnext_small_l1_2_init1,l1_apgd_topk,0.05,8.0,1020.0,random_restart_2,1,0.6608805358409882
2026-03-26T12:52:38,l1/init1/convnext_small_l1_2_init1,l1_apgd_topk,0.05,8.0,1020.0,random_restart_2,2,2.641695499420166
2026-03-26T12:52:38,l1/init1/convnext_small_l1_2_init1,l1_apgd_topk,0.05,8.0,1020.0,random_restart_2,3,4.025810861587525
2026-03-26T12:52:38,l1/init1/convnext_small_l1_2_init1,l1_apgd_topk,0.05,8.0,1020.0,random_restart_2,4,5.1038189888000485
2026-03-26T12:52:38,l1/init1/convnext_small_l1_2_init1,l1_apgd_topk,0.05,8.0,1020.0,random_restart_2,5,5.873164558410645
2026-03-26T12:52:38,l1/init1/convnext_small_l1_2_init1,l1_apgd_topk,0.05,8.0,1020.0,random_restart_2,6,6.315085506439209
2026-03-26T12:52:38,l1/init1/convnext_small_l1_2_init1,l1_apgd_topk,0.05,8.0,1020.0,random_restart_2,7,6.7864892959594725
2026-03-26T12:52:38,l1/init1/convnext_small_l1_2_init1,l1_apgd_topk,0.05,8.0,1020.0,random_restart_2,8,7.003344631195068
2026-03-26T12:52:38,l1/init1/convnext_small_l1_2_init1,l1_apgd_topk,0.05,8.0,1020.0,random_restart_2,9,7.304726505279541
2026-03-26T12:52:38,l1/init1/convnext_small_l1_2_init1,l1_apgd_topk,0.05,8.0,1020.0,random_restart_2,10,7.4984208106994625
2026-03-26T12:52:50,l1/init1/convnext_small_l1_2_init1,l1_apgd_topk,0.05,8.0,1020.0,random_restart_3,1,0.6609044432640075
2026-03-26T12:52:50,l1/init1/convnext_small_l1_2_init1,l1_apgd_topk,0.05,8.0,1020.0,random_restart_3,2,2.6400161266326903
2026-03-26T12:52:50,l1/init1/convnext_small_l1_2_init1,l1_apgd_topk,0.05,8.0,1020.0,random_restart_3,3,4.042625808715821
2026-03-26T12:52:50,l1/init1/convnext_small_l1_2_init1,l1_apgd_topk,0.05,8.0,1020.0,random_restart_3,4,5.1019408226013185
2026-03-26T12:52:50,l1/init1/convnext_small_l1_2_init1,l1_apgd_topk,0.05,8.0,1020.0,random_restart_3,5,5.910952472686768
2026-03-26T12:52:50,l1/init1/convnext_small_l1_2_init1,l1_apgd_topk,0.05,8.0,1020.0,random_restart_3,6,6.288177013397217
2026-03-26T12:52:50,l1/init1/convnext_small_l1_2_init1,l1_apgd_topk,0.05,8.0,1020.0,random_restart_3,7,6.830296897888184
2026-03-26T12:52:50,l1/init1/convnext_small_l1_2_init1,l1_apgd_topk,0.05,8.0,1020.0,random_restart_3,8,7.032188796997071
2026-03-26T12:52:50,l1/init1/convnext_small_l1_2_init1,l1_apgd_topk,0.05,8.0,1020.0,random_restart_3,9,7.415378189086914
2026-03-26T12:52:50,l1/init1/convnext_small_l1_2_init1,l1_apgd_topk,0.05,8.0,1020.0,random_restart_3,10,7.5430145263671875
2026-03-26T12:53:02,l1/init1/convnext_small_l1_2_init1,l1_apgd_topk,0.1,8.0,1020.0,deterministic,1,0.6581589221954346
2026-03-26T12:53:02,l1/init1/convnext_small_l1_2_init1,l1_apgd_topk,0.1,8.0,1020.0,deterministic,2,2.6209232330322267
2026-03-26T12:53:02,l1/init1/convnext_small_l1_2_init1,l1_apgd_topk,0.1,8.0,1020.0,deterministic,3,3.980695962905884
2026-03-26T12:53:02,l1/init1/convnext_small_l1_2_init1,l1_apgd_topk,0.1,8.0,1020.0,deterministic,4,4.929231262207031
2026-03-26T12:53:02,l1/init1/convnext_small_l1_2_init1,l1_apgd_topk,0.1,8.0,1020.0,deterministic,5,5.509443473815918
2026-03-26T12:53:02,l1/init1/convnext_small_l1_2_init1,l1_apgd_topk,0.1,8.0,1020.0,deterministic,6,6.003508567810059
2026-03-26T12:53:02,l1/init1/convnext_small_l1_2_init1,l1_apgd_topk,0.1,8.0,1020.0,deterministic,7,6.2811784744262695
2026-03-26T12:53:02,l1/init1/convnext_small_l1_2_init1,l1_apgd_topk,0.1,8.0,1020.0,deterministic,8,6.628731441497803
2026-03-26T12:53:02,l1/init1/convnext_small_l1_2_init1,l1_apgd_topk,0.1,8.0,1020.0,deterministic,9,6.780615615844726
2026-03-26T12:53:02,l1/init1/convnext_small_l1_2_init1,l1_apgd_topk,0.1,8.0,1020.0,deterministic,10,7.042437171936035
2026-03-26T12:53:13,l1/init1/convnext_small_l1_2_init1,l1_apgd_topk,0.1,8.0,1020.0,random_restart_1,1,0.6609509646892547
2026-03-26T12:53:13,l1/init1/convnext_small_l1_2_init1,l1_apgd_topk,0.1,8.0,1020.0,random_restart_1,2,2.616676139831543
2026-03-26T12:53:13,l1/init1/convnext_small_l1_2_init1,l1_apgd_topk,0.1,8.0,1020.0,random_restart_1,3,3.9909507751464846
2026-03-26T12:53:13,l1/init1/convnext_small_l1_2_init1,l1_apgd_topk,0.1,8.0,1020.0,random_restart_1,4,4.899262857437134
2026-03-26T12:53:13,l1/init1/convnext_small_l1_2_init1,l1_apgd_topk,0.1,8.0,1020.0,random_restart_1,5,5.542918586730957
2026-03-26T12:53:13,l1/init1/convnext_small_l1_2_init1,l1_apgd_topk,0.1,8.0,1020.0,random_restart_1,6,6.024086856842041
2026-03-26T12:53:13,l1/init1/convnext_small_l1_2_init1,l1_apgd_topk,0.1,8.0,1020.0,random_restart_1,7,6.3940629959106445
2026-03-26T12:53:13,l1/init1/convnext_small_l1_2_init1,l1_apgd_topk,0.1,8.0,1020.0,random_restart_1,8,6.568963432312012
2026-03-26T12:53:13,l1/init1/convnext_small_l1_2_init1,l1_apgd_topk,0.1,8.0,1020.0,random_restart_1,9,6.756427574157715
2026-03-26T12:53:13,l1/init1/convnext_small_l1_2_init1,l1_apgd_topk,0.1,8.0,1020.0,random_restart_1,10,6.956472301483155
2026-03-26T12:53:25,l1/init1/convnext_small_l1_2_init1,l1_apgd_topk,0.1,8.0,1020.0,random_restart_2,1,0.6608805358409882
2026-03-26T12:53:25,l1/init1/convnext_small_l1_2_init1,l1_apgd_topk,0.1,8.0,1020.0,random_restart_2,2,2.618791627883911
2026-03-26T12:53:25,l1/init1/convnext_small_l1_2_init1,l1_apgd_topk,0.1,8.0,1020.0,random_restart_2,3,3.9926817417144775
2026-03-26T12:53:25,l1/init1/convnext_small_l1_2_init1,l1_apgd_topk,0.1,8.0,1020.0,random_restart_2,4,4.9252012252807615
2026-03-26T12:53:25,l1/init1/convnext_small_l1_2_init1,l1_apgd_topk,0.1,8.0,1020.0,random_restart_2,5,5.549334907531739
2026-03-26T12:53:25,l1/init1/convnext_small_l1_2_init1,l1_apgd_topk,0.1,8.0,1020.0,random_restart_2,6,6.00479564666748
2026-03-26T12:53:25,l1/init1/convnext_small_l1_2_init1,l1_apgd_topk,0.1,8.0,1020.0,random_restart_2,7,6.344760990142822
2026-03-26T12:53:25,l1/init1/convnext_small_l1_2_init1,l1_apgd_topk,0.1,8.0,1020.0,random_restart_2,8,6.605237007141113
2026-03-26T12:53:25,l1/init1/convnext_small_l1_2_init1,l1_apgd_topk,0.1,8.0,1020.0,random_restart_2,9,6.726307106018067
2026-03-26T12:53:25,l1/init1/convnext_small_l1_2_init1,l1_apgd_topk,0.1,8.0,1020.0,random_restart_2,10,6.964913654327392
2026-03-26T12:53:37,l1/init1/convnext_small_l1_2_init1,l1_apgd_topk,0.1,8.0,1020.0,random_restart_3,1,0.6609044432640075
2026-03-26T12:53:37,l1/init1/convnext_small_l1_2_init1,l1_apgd_topk,0.1,8.0,1020.0,random_restart_3,2,2.616047477722168
2026-03-26T12:53:37,l1/init1/convnext_small_l1_2_init1,l1_apgd_topk,0.1,8.0,1020.0,random_restart_3,3,3.9910109519958494
2026-03-26T12:53:37,l1/init1/convnext_small_l1_2_init1,l1_apgd_topk,0.1,8.0,1020.0,random_restart_3,4,4.909960126876831
2026-03-26T12:53:37,l1/init1/convnext_small_l1_2_init1,l1_apgd_topk,0.1,8.0,1020.0,random_restart_3,5,5.550089550018311
2026-03-26T12:53:37,l1/init1/convnext_small_l1_2_init1,l1_apgd_topk,0.1,8.0,1020.0,random_restart_3,6,5.989988803863525
2026-03-26T12:53:37,l1/init1/convnext_small_l1_2_init1,l1_apgd_topk,0.1,8.0,1020.0,random_restart_3,7,6.3910231590271
2026-03-26T12:53:37,l1/init1/convnext_small_l1_2_init1,l1_apgd_topk,0.1,8.0,1020.0,random_restart_3,8,6.603239631652832
2026-03-26T12:53:37,l1/init1/convnext_small_l1_2_init1,l1_apgd_topk,0.1,8.0,1020.0,random_restart_3,9,6.792146301269531
2026-03-26T12:53:37,l1/init1/convnext_small_l1_2_init1,l1_apgd_topk,0.1,8.0,1020.0,random_restart_3,10,6.972097301483155
2026-03-26T12:53:49,l1/init1/convnext_small_l1_2_init1,fw_onehot,,8.0,1020.0,deterministic,1,0.6581589221954346
2026-03-26T12:53:49,l1/init1/convnext_small_l1_2_init1,fw_onehot,,8.0,1020.0,deterministic,2,0.6603251159191131
2026-03-26T12:53:49,l1/init1/convnext_small_l1_2_init1,fw_onehot,,8.0,1020.0,deterministic,3,0.6612888693809509
2026-03-26T12:53:49,l1/init1/convnext_small_l1_2_init1,fw_onehot,,8.0,1020.0,deterministic,4,0.6620761752128601
2026-03-26T12:53:49,l1/init1/convnext_small_l1_2_init1,fw_onehot,,8.0,1020.0,deterministic,5,0.6625709056854248
2026-03-26T12:53:49,l1/init1/convnext_small_l1_2_init1,fw_onehot,,8.0,1020.0,deterministic,6,0.6632713496685028
2026-03-26T12:53:49,l1/init1/convnext_small_l1_2_init1,fw_onehot,,8.0,1020.0,deterministic,7,0.6633799076080322
2026-03-26T12:53:49,l1/init1/convnext_small_l1_2_init1,fw_onehot,,8.0,1020.0,deterministic,8,0.6642524063587188
2026-03-26T12:53:49,l1/init1/convnext_small_l1_2_init1,fw_onehot,,8.0,1020.0,deterministic,9,0.6642588794231414
2026-03-26T12:53:49,l1/init1/convnext_small_l1_2_init1,fw_onehot,,8.0,1020.0,deterministic,10,0.6648794531822204
2026-03-26T12:54:00,l1/init1/convnext_small_l1_2_init1,baseline_l2norm,,16.0,2040.0,deterministic,1,0.6581589221954346
2026-03-26T12:54:00,l1/init1/convnext_small_l1_2_init1,baseline_l2norm,,16.0,2040.0,deterministic,2,1.4151706933975219
2026-03-26T12:54:00,l1/init1/convnext_small_l1_2_init1,baseline_l2norm,,16.0,2040.0,deterministic,3,1.5293937921524048
2026-03-26T12:54:00,l1/init1/convnext_small_l1_2_init1,baseline_l2norm,,16.0,2040.0,deterministic,4,1.7586399555206298
2026-03-26T12:54:00,l1/init1/convnext_small_l1_2_init1,baseline_l2norm,,16.0,2040.0,deterministic,5,1.8764800310134888
2026-03-26T12:54:00,l1/init1/convnext_small_l1_2_init1,baseline_l2norm,,16.0,2040.0,deterministic,6,1.8421375036239624
2026-03-26T12:54:00,l1/init1/convnext_small_l1_2_init1,baseline_l2norm,,16.0,2040.0,deterministic,7,1.912697172164917
2026-03-26T12:54:00,l1/init1/convnext_small_l1_2_init1,baseline_l2norm,,16.0,2040.0,deterministic,8,1.9066061973571777
2026-03-26T12:54:00,l1/init1/convnext_small_l1_2_init1,baseline_l2norm,,16.0,2040.0,deterministic,9,1.959187650680542
2026-03-26T12:54:00,l1/init1/convnext_small_l1_2_init1,baseline_l2norm,,16.0,2040.0,deterministic,10,1.964176392555237
2026-03-26T12:54:12,l1/init1/convnext_small_l1_2_init1,baseline_l2norm,,16.0,2040.0,random_restart_1,1,0.6820653438568115
2026-03-26T12:54:12,l1/init1/convnext_small_l1_2_init1,baseline_l2norm,,16.0,2040.0,random_restart_1,2,1.4016818404197693
2026-03-26T12:54:12,l1/init1/convnext_small_l1_2_init1,baseline_l2norm,,16.0,2040.0,random_restart_1,3,1.5396387815475463
2026-03-26T12:54:12,l1/init1/convnext_small_l1_2_init1,baseline_l2norm,,16.0,2040.0,random_restart_1,4,1.7626881837844848
2026-03-26T12:54:12,l1/init1/convnext_small_l1_2_init1,baseline_l2norm,,16.0,2040.0,random_restart_1,5,1.8936583042144775
2026-03-26T12:54:12,l1/init1/convnext_small_l1_2_init1,baseline_l2norm,,16.0,2040.0,random_restart_1,6,1.8154689073562622
2026-03-26T12:54:12,l1/init1/convnext_small_l1_2_init1,baseline_l2norm,,16.0,2040.0,random_restart_1,7,1.929770588874817
2026-03-26T12:54:12,l1/init1/convnext_small_l1_2_init1,baseline_l2norm,,16.0,2040.0,random_restart_1,8,1.8811138153076172
2026-03-26T12:54:12,l1/init1/convnext_small_l1_2_init1,baseline_l2norm,,16.0,2040.0,random_restart_1,9,1.926499342918396
2026-03-26T12:54:12,l1/init1/convnext_small_l1_2_init1,baseline_l2norm,,16.0,2040.0,random_restart_1,10,1.9177610397338867
2026-03-26T12:54:24,l1/init1/convnext_small_l1_2_init1,baseline_l2norm,,16.0,2040.0,random_restart_2,1,0.6820315480232239
2026-03-26T12:54:24,l1/init1/convnext_small_l1_2_init1,baseline_l2norm,,16.0,2040.0,random_restart_2,2,1.408185076713562
2026-03-26T12:54:24,l1/init1/convnext_small_l1_2_init1,baseline_l2norm,,16.0,2040.0,random_restart_2,3,1.5439423322677612
2026-03-26T12:54:24,l1/init1/convnext_small_l1_2_init1,baseline_l2norm,,16.0,2040.0,random_restart_2,4,1.7622488975524901
2026-03-26T12:54:24,l1/init1/convnext_small_l1_2_init1,baseline_l2norm,,16.0,2040.0,random_restart_2,5,1.8558672189712524
2026-03-26T12:54:24,l1/init1/convnext_small_l1_2_init1,baseline_l2norm,,16.0,2040.0,random_restart_2,6,1.832941222190857
2026-03-26T12:54:24,l1/init1/convnext_small_l1_2_init1,baseline_l2norm,,16.0,2040.0,random_restart_2,7,1.8871853351593018
2026-03-26T12:54:24,l1/init1/convnext_small_l1_2_init1,baseline_l2norm,,16.0,2040.0,random_restart_2,8,1.8659138917922973
2026-03-26T12:54:24,l1/init1/convnext_small_l1_2_init1,baseline_l2norm,,16.0,2040.0,random_restart_2,9,1.9092169523239135
2026-03-26T12:54:24,l1/init1/convnext_small_l1_2_init1,baseline_l2norm,,16.0,2040.0,random_restart_2,10,1.9047783613204956
2026-03-26T12:54:36,l1/init1/convnext_small_l1_2_init1,baseline_l2norm,,16.0,2040.0,random_restart_3,1,0.6822056770324707
2026-03-26T12:54:36,l1/init1/convnext_small_l1_2_init1,baseline_l2norm,,16.0,2040.0,random_restart_3,2,1.4055211305618287
2026-03-26T12:54:36,l1/init1/convnext_small_l1_2_init1,baseline_l2norm,,16.0,2040.0,random_restart_3,3,1.5420567989349365
2026-03-26T12:54:36,l1/init1/convnext_small_l1_2_init1,baseline_l2norm,,16.0,2040.0,random_restart_3,4,1.7632819652557372
2026-03-26T12:54:36,l1/init1/convnext_small_l1_2_init1,baseline_l2norm,,16.0,2040.0,random_restart_3,5,1.8809796810150146
2026-03-26T12:54:36,l1/init1/convnext_small_l1_2_init1,baseline_l2norm,,16.0,2040.0,random_restart_3,6,1.8484973192214966
2026-03-26T12:54:36,l1/init1/convnext_small_l1_2_init1,baseline_l2norm,,16.0,2040.0,random_restart_3,7,1.9354418516159058
2026-03-26T12:54:36,l1/init1/convnext_small_l1_2_init1,baseline_l2norm,,16.0,2040.0,random_restart_3,8,1.9260215997695922
2026-03-26T12:54:36,l1/init1/convnext_small_l1_2_init1,baseline_l2norm,,16.0,2040.0,random_restart_3,9,1.9365873098373414
2026-03-26T12:54:36,l1/init1/convnext_small_l1_2_init1,baseline_l2norm,,16.0,2040.0,random_restart_3,10,1.9739617824554443
2026-03-26T12:54:47,l1/init1/convnext_small_l1_2_init1,l1norm_step,,16.0,2040.0,deterministic,1,0.6581589221954346
2026-03-26T12:54:47,l1/init1/convnext_small_l1_2_init1,l1norm_step,,16.0,2040.0,deterministic,2,1.1666061162948609
2026-03-26T12:54:47,l1/init1/convnext_small_l1_2_init1,l1norm_step,,16.0,2040.0,deterministic,3,1.8494218826293944
2026-03-26T12:54:47,l1/init1/convnext_small_l1_2_init1,l1norm_step,,16.0,2040.0,deterministic,4,2.7097193717956545
2026-03-26T12:54:47,l1/init1/convnext_small_l1_2_init1,l1norm_step,,16.0,2040.0,deterministic,5,3.6795692920684813
2026-03-26T12:54:47,l1/init1/convnext_small_l1_2_init1,l1norm_step,,16.0,2040.0,deterministic,6,4.6846818923950195
2026-03-26T12:54:47,l1/init1/convnext_small_l1_2_init1,l1norm_step,,16.0,2040.0,deterministic,7,5.529503536224365
2026-03-26T12:54:47,l1/init1/convnext_small_l1_2_init1,l1norm_step,,16.0,2040.0,deterministic,8,6.199084091186523
2026-03-26T12:54:47,l1/init1/convnext_small_l1_2_init1,l1norm_step,,16.0,2040.0,deterministic,9,6.800164222717285
2026-03-26T12:54:47,l1/init1/convnext_small_l1_2_init1,l1norm_step,,16.0,2040.0,deterministic,10,7.349033641815185
2026-03-26T12:54:59,l1/init1/convnext_small_l1_2_init1,l1norm_step,,16.0,2040.0,random_restart_1,1,0.6820653438568115
2026-03-26T12:54:59,l1/init1/convnext_small_l1_2_init1,l1norm_step,,16.0,2040.0,random_restart_1,2,1.1811819076538086
2026-03-26T12:54:59,l1/init1/convnext_small_l1_2_init1,l1norm_step,,16.0,2040.0,random_restart_1,3,1.8230870008468627
2026-03-26T12:54:59,l1/init1/convnext_small_l1_2_init1,l1norm_step,,16.0,2040.0,random_restart_1,4,2.5787657737731933
2026-03-26T12:54:59,l1/init1/convnext_small_l1_2_init1,l1norm_step,,16.0,2040.0,random_restart_1,5,3.367352104187012
2026-03-26T12:54:59,l1/init1/convnext_small_l1_2_init1,l1norm_step,,16.0,2040.0,random_restart_1,6,4.125086545944214
2026-03-26T12:54:59,l1/init1/convnext_small_l1_2_init1,l1norm_step,,16.0,2040.0,random_restart_1,7,4.850500440597534
2026-03-26T12:54:59,l1/init1/convnext_small_l1_2_init1,l1norm_step,,16.0,2040.0,random_restart_1,8,5.550029945373535
2026-03-26T12:54:59,l1/init1/convnext_small_l1_2_init1,l1norm_step,,16.0,2040.0,random_restart_1,9,6.208431911468506
2026-03-26T12:54:59,l1/init1/convnext_small_l1_2_init1,l1norm_step,,16.0,2040.0,random_restart_1,10,6.811796760559082
2026-03-26T12:55:11,l1/init1/convnext_small_l1_2_init1,l1norm_step,,16.0,2040.0,random_restart_2,1,0.6820315480232239
2026-03-26T12:55:11,l1/init1/convnext_small_l1_2_init1,l1norm_step,,16.0,2040.0,random_restart_2,2,1.1812808632850647
2026-03-26T12:55:11,l1/init1/convnext_small_l1_2_init1,l1norm_step,,16.0,2040.0,random_restart_2,3,1.8230646133422852
2026-03-26T12:55:11,l1/init1/convnext_small_l1_2_init1,l1norm_step,,16.0,2040.0,random_restart_2,4,2.578362059593201
2026-03-26T12:55:11,l1/init1/convnext_small_l1_2_init1,l1norm_step,,16.0,2040.0,random_restart_2,5,3.3682435035705565
2026-03-26T12:55:11,l1/init1/convnext_small_l1_2_init1,l1norm_step,,16.0,2040.0,random_restart_2,6,4.124410915374756
2026-03-26T12:55:11,l1/init1/convnext_small_l1_2_init1,l1norm_step,,16.0,2040.0,random_restart_2,7,4.84766960144043
2026-03-26T12:55:11,l1/init1/convnext_small_l1_2_init1,l1norm_step,,16.0,2040.0,random_restart_2,8,5.547661209106446
2026-03-26T12:55:11,l1/init1/convnext_small_l1_2_init1,l1norm_step,,16.0,2040.0,random_restart_2,9,6.206150341033935
2026-03-26T12:55:11,l1/init1/convnext_small_l1_2_init1,l1norm_step,,16.0,2040.0,random_restart_2,10,6.810739994049072
2026-03-26T12:55:23,l1/init1/convnext_small_l1_2_init1,l1norm_step,,16.0,2040.0,random_restart_3,1,0.6822056770324707
2026-03-26T12:55:23,l1/init1/convnext_small_l1_2_init1,l1norm_step,,16.0,2040.0,random_restart_3,2,1.181231713294983
2026-03-26T12:55:23,l1/init1/convnext_small_l1_2_init1,l1norm_step,,16.0,2040.0,random_restart_3,3,1.8239807605743408
2026-03-26T12:55:23,l1/init1/convnext_small_l1_2_init1,l1norm_step,,16.0,2040.0,random_restart_3,4,2.580098581314087
2026-03-26T12:55:23,l1/init1/convnext_small_l1_2_init1,l1norm_step,,16.0,2040.0,random_restart_3,5,3.368983745574951
2026-03-26T12:55:23,l1/init1/convnext_small_l1_2_init1,l1norm_step,,16.0,2040.0,random_restart_3,6,4.124234342575074
2026-03-26T12:55:23,l1/init1/convnext_small_l1_2_init1,l1norm_step,,16.0,2040.0,random_restart_3,7,4.847382974624634
2026-03-26T12:55:23,l1/init1/convnext_small_l1_2_init1,l1norm_step,,16.0,2040.0,random_restart_3,8,5.547505950927734
2026-03-26T12:55:23,l1/init1/convnext_small_l1_2_init1,l1norm_step,,16.0,2040.0,random_restart_3,9,6.208269882202148
2026-03-26T12:55:23,l1/init1/convnext_small_l1_2_init1,l1norm_step,,16.0,2040.0,random_restart_3,10,6.812335586547851
2026-03-26T12:55:34,l1/init1/convnext_small_l1_2_init1,raw_grad_step,,16.0,2040.0,deterministic,1,0.6581589221954346
2026-03-26T12:55:34,l1/init1/convnext_small_l1_2_init1,raw_grad_step,,16.0,2040.0,deterministic,2,1.6248361825942994
2026-03-26T12:55:34,l1/init1/convnext_small_l1_2_init1,raw_grad_step,,16.0,2040.0,deterministic,3,2.6744410037994384
2026-03-26T12:55:34,l1/init1/convnext_small_l1_2_init1,raw_grad_step,,16.0,2040.0,deterministic,4,3.594443607330322
2026-03-26T12:55:34,l1/init1/convnext_small_l1_2_init1,raw_grad_step,,16.0,2040.0,deterministic,5,4.418803977966308
2026-03-26T12:55:34,l1/init1/convnext_small_l1_2_init1,raw_grad_step,,16.0,2040.0,deterministic,6,5.104785823822022
2026-03-26T12:55:34,l1/init1/convnext_small_l1_2_init1,raw_grad_step,,16.0,2040.0,deterministic,7,5.72158842086792
2026-03-26T12:55:34,l1/init1/convnext_small_l1_2_init1,raw_grad_step,,16.0,2040.0,deterministic,8,6.231840991973877
2026-03-26T12:55:34,l1/init1/convnext_small_l1_2_init1,raw_grad_step,,16.0,2040.0,deterministic,9,6.704730987548828
2026-03-26T12:55:34,l1/init1/convnext_small_l1_2_init1,raw_grad_step,,16.0,2040.0,deterministic,10,7.230683135986328
2026-03-26T12:55:46,l1/init1/convnext_small_l1_2_init1,raw_grad_step,,16.0,2040.0,random_restart_1,1,0.6820653438568115
2026-03-26T12:55:46,l1/init1/convnext_small_l1_2_init1,raw_grad_step,,16.0,2040.0,random_restart_1,2,1.6179453611373902
2026-03-26T12:55:46,l1/init1/convnext_small_l1_2_init1,raw_grad_step,,16.0,2040.0,random_restart_1,3,2.5707633018493654
2026-03-26T12:55:46,l1/init1/convnext_small_l1_2_init1,raw_grad_step,,16.0,2040.0,random_restart_1,4,3.497651386260986
2026-03-26T12:55:46,l1/init1/convnext_small_l1_2_init1,raw_grad_step,,16.0,2040.0,random_restart_1,5,4.340299844741821
2026-03-26T12:55:46,l1/init1/convnext_small_l1_2_init1,raw_grad_step,,16.0,2040.0,random_restart_1,6,5.036971807479858
2026-03-26T12:55:46,l1/init1/convnext_small_l1_2_init1,raw_grad_step,,16.0,2040.0,random_restart_1,7,5.65679144859314
2026-03-26T12:55:46,l1/init1/convnext_small_l1_2_init1,raw_grad_step,,16.0,2040.0,random_restart_1,8,6.184445095062256
2026-03-26T12:55:46,l1/init1/convnext_small_l1_2_init1,raw_grad_step,,16.0,2040.0,random_restart_1,9,6.750622749328613
2026-03-26T12:55:46,l1/init1/convnext_small_l1_2_init1,raw_grad_step,,16.0,2040.0,random_restart_1,10,7.262554550170899
2026-03-26T12:55:58,l1/init1/convnext_small_l1_2_init1,raw_grad_step,,16.0,2040.0,random_restart_2,1,0.6820315480232239
2026-03-26T12:55:58,l1/init1/convnext_small_l1_2_init1,raw_grad_step,,16.0,2040.0,random_restart_2,2,1.6188674688339233
2026-03-26T12:55:58,l1/init1/convnext_small_l1_2_init1,raw_grad_step,,16.0,2040.0,random_restart_2,3,2.5732038021087646
2026-03-26T12:55:58,l1/init1/convnext_small_l1_2_init1,raw_grad_step,,16.0,2040.0,random_restart_2,4,3.5006775856018066
2026-03-26T12:55:58,l1/init1/convnext_small_l1_2_init1,raw_grad_step,,16.0,2040.0,random_restart_2,5,4.337088108062744
2026-03-26T12:55:58,l1/init1/convnext_small_l1_2_init1,raw_grad_step,,16.0,2040.0,random_restart_2,6,5.045918893814087
2026-03-26T12:55:58,l1/init1/convnext_small_l1_2_init1,raw_grad_step,,16.0,2040.0,random_restart_2,7,5.652878952026367
2026-03-26T12:55:58,l1/init1/convnext_small_l1_2_init1,raw_grad_step,,16.0,2040.0,random_restart_2,8,6.1708740234375
2026-03-26T12:55:58,l1/init1/convnext_small_l1_2_init1,raw_grad_step,,16.0,2040.0,random_restart_2,9,6.783072471618652
2026-03-26T12:55:58,l1/init1/convnext_small_l1_2_init1,raw_grad_step,,16.0,2040.0,random_restart_2,10,7.278707981109619
2026-03-26T12:56:09,l1/init1/convnext_small_l1_2_init1,raw_grad_step,,16.0,2040.0,random_restart_3,1,0.6822056770324707
2026-03-26T12:56:09,l1/init1/convnext_small_l1_2_init1,raw_grad_step,,16.0,2040.0,random_restart_3,2,1.6183032274246216
2026-03-26T12:56:09,l1/init1/convnext_small_l1_2_init1,raw_grad_step,,16.0,2040.0,random_restart_3,3,2.574565076828003
2026-03-26T12:56:09,l1/init1/convnext_small_l1_2_init1,raw_grad_step,,16.0,2040.0,random_restart_3,4,3.504563331604004
2026-03-26T12:56:09,l1/init1/convnext_small_l1_2_init1,raw_grad_step,,16.0,2040.0,random_restart_3,5,4.348773860931397
2026-03-26T12:56:09,l1/init1/convnext_small_l1_2_init1,raw_grad_step,,16.0,2040.0,random_restart_3,6,5.044631481170654
2026-03-26T12:56:09,l1/init1/convnext_small_l1_2_init1,raw_grad_step,,16.0,2040.0,random_restart_3,7,5.620009469985962
2026-03-26T12:56:09,l1/init1/convnext_small_l1_2_init1,raw_grad_step,,16.0,2040.0,random_restart_3,8,6.190923976898193
2026-03-26T12:56:09,l1/init1/convnext_small_l1_2_init1,raw_grad_step,,16.0,2040.0,random_restart_3,9,6.7786260604858395
2026-03-26T12:56:09,l1/init1/convnext_small_l1_2_init1,raw_grad_step,,16.0,2040.0,random_restart_3,10,7.267558479309082
2026-03-26T12:56:21,l1/init1/convnext_small_l1_2_init1,l1_apgd_topk,0.01,16.0,2040.0,deterministic,1,0.6581589221954346
2026-03-26T12:56:21,l1/init1/convnext_small_l1_2_init1,l1_apgd_topk,0.01,16.0,2040.0,deterministic,2,1.3278536558151246
2026-03-26T12:56:21,l1/init1/convnext_small_l1_2_init1,l1_apgd_topk,0.01,16.0,2040.0,deterministic,3,1.4214941263198853
2026-03-26T12:56:21,l1/init1/convnext_small_l1_2_init1,l1_apgd_topk,0.01,16.0,2040.0,deterministic,4,1.784616231918335
2026-03-26T12:56:21,l1/init1/convnext_small_l1_2_init1,l1_apgd_topk,0.01,16.0,2040.0,deterministic,5,1.7573848724365235
2026-03-26T12:56:21,l1/init1/convnext_small_l1_2_init1,l1_apgd_topk,0.01,16.0,2040.0,deterministic,6,1.9087321043014527
2026-03-26T12:56:21,l1/init1/convnext_small_l1_2_init1,l1_apgd_topk,0.01,16.0,2040.0,deterministic,7,1.886044192314148
2026-03-26T12:56:21,l1/init1/convnext_small_l1_2_init1,l1_apgd_topk,0.01,16.0,2040.0,deterministic,8,2.0065802335739136
2026-03-26T12:56:21,l1/init1/convnext_small_l1_2_init1,l1_apgd_topk,0.01,16.0,2040.0,deterministic,9,2.007999134063721
2026-03-26T12:56:21,l1/init1/convnext_small_l1_2_init1,l1_apgd_topk,0.01,16.0,2040.0,deterministic,10,2.0948029518127442
2026-03-26T12:56:33,l1/init1/convnext_small_l1_2_init1,l1_apgd_topk,0.01,16.0,2040.0,random_restart_1,1,0.6820653438568115
2026-03-26T12:56:33,l1/init1/convnext_small_l1_2_init1,l1_apgd_topk,0.01,16.0,2040.0,random_restart_1,2,1.3069517850875854
2026-03-26T12:56:33,l1/init1/convnext_small_l1_2_init1,l1_apgd_topk,0.01,16.0,2040.0,random_restart_1,3,1.4517280101776122
2026-03-26T12:56:33,l1/init1/convnext_small_l1_2_init1,l1_apgd_topk,0.01,16.0,2040.0,random_restart_1,4,1.7966329097747802
2026-03-26T12:56:33,l1/init1/convnext_small_l1_2_init1,l1_apgd_topk,0.01,16.0,2040.0,random_restart_1,5,1.8035934686660766
2026-03-26T12:56:33,l1/init1/convnext_small_l1_2_init1,l1_apgd_topk,0.01,16.0,2040.0,random_restart_1,6,1.9124807834625244
2026-03-26T12:56:33,l1/init1/convnext_small_l1_2_init1,l1_apgd_topk,0.01,16.0,2040.0,random_restart_1,7,1.9517038345336915
2026-03-26T12:56:33,l1/init1/convnext_small_l1_2_init1,l1_apgd_topk,0.01,16.0,2040.0,random_restart_1,8,1.9754813194274903
2026-03-26T12:56:33,l1/init1/convnext_small_l1_2_init1,l1_apgd_topk,0.01,16.0,2040.0,random_restart_1,9,2.0081609964370726
2026-03-26T12:56:33,l1/init1/convnext_small_l1_2_init1,l1_apgd_topk,0.01,16.0,2040.0,random_restart_1,10,2.0591185331344604
2026-03-26T12:56:45,l1/init1/convnext_small_l1_2_init1,l1_apgd_topk,0.01,16.0,2040.0,random_restart_2,1,0.6820315480232239
2026-03-26T12:56:45,l1/init1/convnext_small_l1_2_init1,l1_apgd_topk,0.01,16.0,2040.0,random_restart_2,2,1.3107245683670044
2026-03-26T12:56:45,l1/init1/convnext_small_l1_2_init1,l1_apgd_topk,0.01,16.0,2040.0,random_restart_2,3,1.4489773035049438
2026-03-26T12:56:45,l1/init1/convnext_small_l1_2_init1,l1_apgd_topk,0.01,16.0,2040.0,random_restart_2,4,1.7935718536376952
2026-03-26T12:56:45,l1/init1/convnext_small_l1_2_init1,l1_apgd_topk,0.01,16.0,2040.0,random_restart_2,5,1.8210366725921632
2026-03-26T12:56:45,l1/init1/convnext_small_l1_2_init1,l1_apgd_topk,0.01,16.0,2040.0,random_restart_2,6,1.9712668657302856
2026-03-26T12:56:45,l1/init1/convnext_small_l1_2_init1,l1_apgd_topk,0.01,16.0,2040.0,random_restart_2,7,1.9622814893722533
2026-03-26T12:56:45,l1/init1/convnext_small_l1_2_init1,l1_apgd_topk,0.01,16.0,2040.0,random_restart_2,8,2.0376374244689943
2026-03-26T12:56:45,l1/init1/convnext_small_l1_2_init1,l1_apgd_topk,0.01,16.0,2040.0,random_restart_2,9,2.027140188217163
2026-03-26T12:56:45,l1/init1/convnext_small_l1_2_init1,l1_apgd_topk,0.01,16.0,2040.0,random_restart_2,10,2.0970057010650636
2026-03-26T12:56:57,l1/init1/convnext_small_l1_2_init1,l1_apgd_topk,0.01,16.0,2040.0,random_restart_3,1,0.6822056770324707
2026-03-26T12:56:57,l1/init1/convnext_small_l1_2_init1,l1_apgd_topk,0.01,16.0,2040.0,random_restart_3,2,1.3116320610046386
2026-03-26T12:56:57,l1/init1/convnext_small_l1_2_init1,l1_apgd_topk,0.01,16.0,2040.0,random_restart_3,3,1.426360046863556
2026-03-26T12:56:57,l1/init1/convnext_small_l1_2_init1,l1_apgd_topk,0.01,16.0,2040.0,random_restart_3,4,1.7994552612304688
2026-03-26T12:56:57,l1/init1/convnext_small_l1_2_init1,l1_apgd_topk,0.01,16.0,2040.0,random_restart_3,5,1.8066752672195434
2026-03-26T12:56:57,l1/init1/convnext_small_l1_2_init1,l1_apgd_topk,0.01,16.0,2040.0,random_restart_3,6,1.94121310710907
2026-03-26T12:56:57,l1/init1/convnext_small_l1_2_init1,l1_apgd_topk,0.01,16.0,2040.0,random_restart_3,7,1.9394978284835815
2026-03-26T12:56:57,l1/init1/convnext_small_l1_2_init1,l1_apgd_topk,0.01,16.0,2040.0,random_restart_3,8,2.020450782775879
2026-03-26T12:56:57,l1/init1/convnext_small_l1_2_init1,l1_apgd_topk,0.01,16.0,2040.0,random_restart_3,9,1.9987905502319336
2026-03-26T12:56:57,l1/init1/convnext_small_l1_2_init1,l1_apgd_topk,0.01,16.0,2040.0,random_restart_3,10,2.117855358123779
2026-03-26T12:57:08,l1/init1/convnext_small_l1_2_init1,l1_apgd_topk,0.05,16.0,2040.0,deterministic,1,0.6581589221954346
2026-03-26T12:57:08,l1/init1/convnext_small_l1_2_init1,l1_apgd_topk,0.05,16.0,2040.0,deterministic,2,2.885521936416626
2026-03-26T12:57:08,l1/init1/convnext_small_l1_2_init1,l1_apgd_topk,0.05,16.0,2040.0,deterministic,3,4.541492938995361
2026-03-26T12:57:08,l1/init1/convnext_small_l1_2_init1,l1_apgd_topk,0.05,16.0,2040.0,deterministic,4,5.987319469451904
2026-03-26T12:57:08,l1/init1/convnext_small_l1_2_init1,l1_apgd_topk,0.05,16.0,2040.0,deterministic,5,6.468010520935058
2026-03-26T12:57:08,l1/init1/convnext_small_l1_2_init1,l1_apgd_topk,0.05,16.0,2040.0,deterministic,6,6.72925500869751
2026-03-26T12:57:08,l1/init1/convnext_small_l1_2_init1,l1_apgd_topk,0.05,16.0,2040.0,deterministic,7,7.0067551612854
2026-03-26T12:57:08,l1/init1/convnext_small_l1_2_init1,l1_apgd_topk,0.05,16.0,2040.0,deterministic,8,7.218585681915283
2026-03-26T12:57:08,l1/init1/convnext_small_l1_2_init1,l1_apgd_topk,0.05,16.0,2040.0,deterministic,9,7.359639835357666
2026-03-26T12:57:08,l1/init1/convnext_small_l1_2_init1,l1_apgd_topk,0.05,16.0,2040.0,deterministic,10,7.494115161895752
2026-03-26T12:57:20,l1/init1/convnext_small_l1_2_init1,l1_apgd_topk,0.05,16.0,2040.0,random_restart_1,1,0.6820653438568115
2026-03-26T12:57:20,l1/init1/convnext_small_l1_2_init1,l1_apgd_topk,0.05,16.0,2040.0,random_restart_1,2,2.938243532180786
2026-03-26T12:57:20,l1/init1/convnext_small_l1_2_init1,l1_apgd_topk,0.05,16.0,2040.0,random_restart_1,3,4.643466377258301
2026-03-26T12:57:20,l1/init1/convnext_small_l1_2_init1,l1_apgd_topk,0.05,16.0,2040.0,random_restart_1,4,5.93845567703247
2026-03-26T12:57:20,l1/init1/convnext_small_l1_2_init1,l1_apgd_topk,0.05,16.0,2040.0,random_restart_1,5,6.477370738983154
2026-03-26T12:57:20,l1/init1/convnext_small_l1_2_init1,l1_apgd_topk,0.05,16.0,2040.0,random_restart_1,6,6.757993125915528
2026-03-26T12:57:20,l1/init1/convnext_small_l1_2_init1,l1_apgd_topk,0.05,16.0,2040.0,random_restart_1,7,6.95689697265625
2026-03-26T12:57:20,l1/init1/convnext_small_l1_2_init1,l1_apgd_topk,0.05,16.0,2040.0,random_restart_1,8,7.214215087890625
2026-03-26T12:57:20,l1/init1/convnext_small_l1_2_init1,l1_apgd_topk,0.05,16.0,2040.0,random_restart_1,9,7.331106853485108
2026-03-26T12:57:20,l1/init1/convnext_small_l1_2_init1,l1_apgd_topk,0.05,16.0,2040.0,random_restart_1,10,7.478332614898681
2026-03-26T12:57:32,l1/init1/convnext_small_l1_2_init1,l1_apgd_topk,0.05,16.0,2040.0,random_restart_2,1,0.6820315480232239
2026-03-26T12:57:32,l1/init1/convnext_small_l1_2_init1,l1_apgd_topk,0.05,16.0,2040.0,random_restart_2,2,2.9440948963165283
2026-03-26T12:57:32,l1/init1/convnext_small_l1_2_init1,l1_apgd_topk,0.05,16.0,2040.0,random_restart_2,3,4.637691688537598
2026-03-26T12:57:32,l1/init1/convnext_small_l1_2_init1,l1_apgd_topk,0.05,16.0,2040.0,random_restart_2,4,5.956921672821045
2026-03-26T12:57:32,l1/init1/convnext_small_l1_2_init1,l1_apgd_topk,0.05,16.0,2040.0,random_restart_2,5,6.499218463897705
2026-03-26T12:57:32,l1/init1/convnext_small_l1_2_init1,l1_apgd_topk,0.05,16.0,2040.0,random_restart_2,6,6.6605753898620605
2026-03-26T12:57:32,l1/init1/convnext_small_l1_2_init1,l1_apgd_topk,0.05,16.0,2040.0,random_restart_2,7,6.912034702301026
2026-03-26T12:57:32,l1/init1/convnext_small_l1_2_init1,l1_apgd_topk,0.05,16.0,2040.0,random_restart_2,8,7.178391647338867
2026-03-26T12:57:32,l1/init1/convnext_small_l1_2_init1,l1_apgd_topk,0.05,16.0,2040.0,random_restart_2,9,7.269732570648193
2026-03-26T12:57:32,l1/init1/convnext_small_l1_2_init1,l1_apgd_topk,0.05,16.0,2040.0,random_restart_2,10,7.627268218994141
2026-03-26T12:57:44,l1/init1/convnext_small_l1_2_init1,l1_apgd_topk,0.05,16.0,2040.0,random_restart_3,1,0.6822056770324707
2026-03-26T12:57:44,l1/init1/convnext_small_l1_2_init1,l1_apgd_topk,0.05,16.0,2040.0,random_restart_3,2,2.9407744884490965
2026-03-26T12:57:44,l1/init1/convnext_small_l1_2_init1,l1_apgd_topk,0.05,16.0,2040.0,random_restart_3,3,4.637961387634277
2026-03-26T12:57:44,l1/init1/convnext_small_l1_2_init1,l1_apgd_topk,0.05,16.0,2040.0,random_restart_3,4,5.971293258666992
2026-03-26T12:57:44,l1/init1/convnext_small_l1_2_init1,l1_apgd_topk,0.05,16.0,2040.0,random_restart_3,5,6.477213668823242
2026-03-26T12:57:44,l1/init1/convnext_small_l1_2_init1,l1_apgd_topk,0.05,16.0,2040.0,random_restart_3,6,6.685836219787598
2026-03-26T12:57:44,l1/init1/convnext_small_l1_2_init1,l1_apgd_topk,0.05,16.0,2040.0,random_restart_3,7,6.966420078277588
2026-03-26T12:57:44,l1/init1/convnext_small_l1_2_init1,l1_apgd_topk,0.05,16.0,2040.0,random_restart_3,8,7.212654781341553
2026-03-26T12:57:44,l1/init1/convnext_small_l1_2_init1,l1_apgd_topk,0.05,16.0,2040.0,random_restart_3,9,7.445729160308838
2026-03-26T12:57:44,l1/init1/convnext_small_l1_2_init1,l1_apgd_topk,0.05,16.0,2040.0,random_restart_3,10,7.530797100067138
2026-03-26T12:57:56,l1/init1/convnext_small_l1_2_init1,l1_apgd_topk,0.1,16.0,2040.0,deterministic,1,0.6581589221954346
2026-03-26T12:57:56,l1/init1/convnext_small_l1_2_init1,l1_apgd_topk,0.1,16.0,2040.0,deterministic,2,3.4904277324676514
2026-03-26T12:57:56,l1/init1/convnext_small_l1_2_init1,l1_apgd_topk,0.1,16.0,2040.0,deterministic,3,5.803910923004151
2026-03-26T12:57:56,l1/init1/convnext_small_l1_2_init1,l1_apgd_topk,0.1,16.0,2040.0,deterministic,4,7.455619430541992
2026-03-26T12:57:56,l1/init1/convnext_small_l1_2_init1,l1_apgd_topk,0.1,16.0,2040.0,deterministic,5,8.22975788116455
2026-03-26T12:57:56,l1/init1/convnext_small_l1_2_init1,l1_apgd_topk,0.1,16.0,2040.0,deterministic,6,8.541750431060791
2026-03-26T12:57:56,l1/init1/convnext_small_l1_2_init1,l1_apgd_topk,0.1,16.0,2040.0,deterministic,7,8.829704761505127
2026-03-26T12:57:56,l1/init1/convnext_small_l1_2_init1,l1_apgd_topk,0.1,16.0,2040.0,deterministic,8,9.300128173828124
2026-03-26T12:57:56,l1/init1/convnext_small_l1_2_init1,l1_apgd_topk,0.1,16.0,2040.0,deterministic,9,9.547972106933594
2026-03-26T12:57:56,l1/init1/convnext_small_l1_2_init1,l1_apgd_topk,0.1,16.0,2040.0,deterministic,10,9.629302978515625
2026-03-26T12:58:07,l1/init1/convnext_small_l1_2_init1,l1_apgd_topk,0.1,16.0,2040.0,random_restart_1,1,0.6820653438568115
2026-03-26T12:58:07,l1/init1/convnext_small_l1_2_init1,l1_apgd_topk,0.1,16.0,2040.0,random_restart_1,2,3.5642841815948487
2026-03-26T12:58:07,l1/init1/convnext_small_l1_2_init1,l1_apgd_topk,0.1,16.0,2040.0,random_restart_1,3,5.936786556243897
2026-03-26T12:58:07,l1/init1/convnext_small_l1_2_init1,l1_apgd_topk,0.1,16.0,2040.0,random_restart_1,4,7.508753299713135
2026-03-26T12:58:07,l1/init1/convnext_small_l1_2_init1,l1_apgd_topk,0.1,16.0,2040.0,random_restart_1,5,8.261442947387696
2026-03-26T12:58:07,l1/init1/convnext_small_l1_2_init1,l1_apgd_topk,0.1,16.0,2040.0,random_restart_1,6,8.647670936584472
2026-03-26T12:58:07,l1/init1/convnext_small_l1_2_init1,l1_apgd_topk,0.1,16.0,2040.0,random_restart_1,7,8.831409358978272
2026-03-26T12:58:07,l1/init1/convnext_small_l1_2_init1,l1_apgd_topk,0.1,16.0,2040.0,random_restart_1,8,9.256628036499023
2026-03-26T12:58:07,l1/init1/convnext_small_l1_2_init1,l1_apgd_topk,0.1,16.0,2040.0,random_restart_1,9,9.502041816711426
2026-03-26T12:58:07,l1/init1/convnext_small_l1_2_init1,l1_apgd_topk,0.1,16.0,2040.0,random_restart_1,10,9.662581825256348
2026-03-26T12:58:19,l1/init1/convnext_small_l1_2_init1,l1_apgd_topk,0.1,16.0,2040.0,random_restart_2,1,0.6820315480232239
2026-03-26T12:58:19,l1/init1/convnext_small_l1_2_init1,l1_apgd_topk,0.1,16.0,2040.0,random_restart_2,2,3.568704032897949
2026-03-26T12:58:19,l1/init1/convnext_small_l1_2_init1,l1_apgd_topk,0.1,16.0,2040.0,random_restart_2,3,5.9285493850708
2026-03-26T12:58:19,l1/init1/convnext_small_l1_2_init1,l1_apgd_topk,0.1,16.0,2040.0,random_restart_2,4,7.500413608551026
2026-03-26T12:58:19,l1/init1/convnext_small_l1_2_init1,l1_apgd_topk,0.1,16.0,2040.0,random_restart_2,5,8.217863464355469
2026-03-26T12:58:19,l1/init1/convnext_small_l1_2_init1,l1_apgd_topk,0.1,16.0,2040.0,random_restart_2,6,8.602733993530274
2026-03-26T12:58:19,l1/init1/convnext_small_l1_2_init1,l1_apgd_topk,0.1,16.0,2040.0,random_restart_2,7,8.853729057312012
2026-03-26T12:58:19,l1/init1/convnext_small_l1_2_init1,l1_apgd_topk,0.1,16.0,2040.0,random_restart_2,8,9.17997055053711
2026-03-26T12:58:19,l1/init1/convnext_small_l1_2_init1,l1_apgd_topk,0.1,16.0,2040.0,random_restart_2,9,9.517322540283203
2026-03-26T12:58:19,l1/init1/convnext_small_l1_2_init1,l1_apgd_topk,0.1,16.0,2040.0,random_restart_2,10,9.793849563598632
2026-03-26T12:58:31,l1/init1/convnext_small_l1_2_init1,l1_apgd_topk,0.1,16.0,2040.0,random_restart_3,1,0.6822056770324707
2026-03-26T12:58:31,l1/init1/convnext_small_l1_2_init1,l1_apgd_topk,0.1,16.0,2040.0,random_restart_3,2,3.5617595672607423
2026-03-26T12:58:31,l1/init1/convnext_small_l1_2_init1,l1_apgd_topk,0.1,16.0,2040.0,random_restart_3,3,5.938284397125244
2026-03-26T12:58:31,l1/init1/convnext_small_l1_2_init1,l1_apgd_topk,0.1,16.0,2040.0,random_restart_3,4,7.520834636688233
2026-03-26T12:58:31,l1/init1/convnext_small_l1_2_init1,l1_apgd_topk,0.1,16.0,2040.0,random_restart_3,5,8.288845825195313
2026-03-26T12:58:31,l1/init1/convnext_small_l1_2_init1,l1_apgd_topk,0.1,16.0,2040.0,random_restart_3,6,8.56616439819336
2026-03-26T12:58:31,l1/init1/convnext_small_l1_2_init1,l1_apgd_topk,0.1,16.0,2040.0,random_restart_3,7,8.854397583007813
2026-03-26T12:58:31,l1/init1/convnext_small_l1_2_init1,l1_apgd_topk,0.1,16.0,2040.0,random_restart_3,8,9.10271396636963
2026-03-26T12:58:31,l1/init1/convnext_small_l1_2_init1,l1_apgd_topk,0.1,16.0,2040.0,random_restart_3,9,9.441357040405274
2026-03-26T12:58:31,l1/init1/convnext_small_l1_2_init1,l1_apgd_topk,0.1,16.0,2040.0,random_restart_3,10,9.668997764587402
2026-03-26T12:58:43,l1/init1/convnext_small_l1_2_init1,fw_onehot,,16.0,2040.0,deterministic,1,0.6581589221954346
2026-03-26T12:58:43,l1/init1/convnext_small_l1_2_init1,fw_onehot,,16.0,2040.0,deterministic,2,0.6603251159191131
2026-03-26T12:58:43,l1/init1/convnext_small_l1_2_init1,fw_onehot,,16.0,2040.0,deterministic,3,0.6612888693809509
2026-03-26T12:58:43,l1/init1/convnext_small_l1_2_init1,fw_onehot,,16.0,2040.0,deterministic,4,0.6620761752128601
2026-03-26T12:58:43,l1/init1/convnext_small_l1_2_init1,fw_onehot,,16.0,2040.0,deterministic,5,0.6625709056854248
2026-03-26T12:58:43,l1/init1/convnext_small_l1_2_init1,fw_onehot,,16.0,2040.0,deterministic,6,0.6632713496685028
2026-03-26T12:58:43,l1/init1/convnext_small_l1_2_init1,fw_onehot,,16.0,2040.0,deterministic,7,0.6633799076080322
2026-03-26T12:58:43,l1/init1/convnext_small_l1_2_init1,fw_onehot,,16.0,2040.0,deterministic,8,0.6642524063587188
2026-03-26T12:58:43,l1/init1/convnext_small_l1_2_init1,fw_onehot,,16.0,2040.0,deterministic,9,0.6642588794231414
2026-03-26T12:58:43,l1/init1/convnext_small_l1_2_init1,fw_onehot,,16.0,2040.0,deterministic,10,0.6648794531822204
2026-03-26T12:58:56,l2/init1/convnext_small_l2_2_init1,baseline_l2norm,,1.0,127.5,deterministic,1,0.7629454612731934
2026-03-26T12:58:56,l2/init1/convnext_small_l2_2_init1,baseline_l2norm,,1.0,127.5,deterministic,2,1.1312597513198852
2026-03-26T12:58:56,l2/init1/convnext_small_l2_2_init1,baseline_l2norm,,1.0,127.5,deterministic,3,1.2894330263137816
2026-03-26T12:58:56,l2/init1/convnext_small_l2_2_init1,baseline_l2norm,,1.0,127.5,deterministic,4,1.3443116545677185
2026-03-26T12:58:56,l2/init1/convnext_small_l2_2_init1,baseline_l2norm,,1.0,127.5,deterministic,5,1.4156168937683105
2026-03-26T12:58:56,l2/init1/convnext_small_l2_2_init1,baseline_l2norm,,1.0,127.5,deterministic,6,1.4235926032066346
2026-03-26T12:58:56,l2/init1/convnext_small_l2_2_init1,baseline_l2norm,,1.0,127.5,deterministic,7,1.4655457139015198
2026-03-26T12:58:56,l2/init1/convnext_small_l2_2_init1,baseline_l2norm,,1.0,127.5,deterministic,8,1.4559860706329346
2026-03-26T12:58:56,l2/init1/convnext_small_l2_2_init1,baseline_l2norm,,1.0,127.5,deterministic,9,1.4875210285186768
2026-03-26T12:58:56,l2/init1/convnext_small_l2_2_init1,baseline_l2norm,,1.0,127.5,deterministic,10,1.473227870464325
2026-03-26T12:59:08,l2/init1/convnext_small_l2_2_init1,baseline_l2norm,,1.0,127.5,random_restart_1,1,0.7629277348518372
2026-03-26T12:59:08,l2/init1/convnext_small_l2_2_init1,baseline_l2norm,,1.0,127.5,random_restart_1,2,1.131279742717743
2026-03-26T12:59:08,l2/init1/convnext_small_l2_2_init1,baseline_l2norm,,1.0,127.5,random_restart_1,3,1.2895612955093383
2026-03-26T12:59:08,l2/init1/convnext_small_l2_2_init1,baseline_l2norm,,1.0,127.5,random_restart_1,4,1.3442739486694335
2026-03-26T12:59:08,l2/init1/convnext_small_l2_2_init1,baseline_l2norm,,1.0,127.5,random_restart_1,5,1.415121078491211
2026-03-26T12:59:08,l2/init1/convnext_small_l2_2_init1,baseline_l2norm,,1.0,127.5,random_restart_1,6,1.4226011395454408
2026-03-26T12:59:08,l2/init1/convnext_small_l2_2_init1,baseline_l2norm,,1.0,127.5,random_restart_1,7,1.465207314491272
2026-03-26T12:59:08,l2/init1/convnext_small_l2_2_init1,baseline_l2norm,,1.0,127.5,random_restart_1,8,1.4563840866088866
2026-03-26T12:59:08,l2/init1/convnext_small_l2_2_init1,baseline_l2norm,,1.0,127.5,random_restart_1,9,1.4872656106948852
2026-03-26T12:59:08,l2/init1/convnext_small_l2_2_init1,baseline_l2norm,,1.0,127.5,random_restart_1,10,1.473266327381134
2026-03-26T12:59:20,l2/init1/convnext_small_l2_2_init1,baseline_l2norm,,1.0,127.5,random_restart_2,1,0.7629362583160401
2026-03-26T12:59:20,l2/init1/convnext_small_l2_2_init1,baseline_l2norm,,1.0,127.5,random_restart_2,2,1.1313258767127992
2026-03-26T12:59:20,l2/init1/convnext_small_l2_2_init1,baseline_l2norm,,1.0,127.5,random_restart_2,3,1.289431619644165
2026-03-26T12:59:20,l2/init1/convnext_small_l2_2_init1,baseline_l2norm,,1.0,127.5,random_restart_2,4,1.344645607471466
2026-03-26T12:59:20,l2/init1/convnext_small_l2_2_init1,baseline_l2norm,,1.0,127.5,random_restart_2,5,1.4157679796218872
2026-03-26T12:59:20,l2/init1/convnext_small_l2_2_init1,baseline_l2norm,,1.0,127.5,random_restart_2,6,1.4231276512145996
2026-03-26T12:59:20,l2/init1/convnext_small_l2_2_init1,baseline_l2norm,,1.0,127.5,random_restart_2,7,1.4666777849197388
2026-03-26T12:59:20,l2/init1/convnext_small_l2_2_init1,baseline_l2norm,,1.0,127.5,random_restart_2,8,1.4563119411468506
2026-03-26T12:59:20,l2/init1/convnext_small_l2_2_init1,baseline_l2norm,,1.0,127.5,random_restart_2,9,1.4886665344238281
2026-03-26T12:59:20,l2/init1/convnext_small_l2_2_init1,baseline_l2norm,,1.0,127.5,random_restart_2,10,1.4741089582443236
2026-03-26T12:59:31,l2/init1/convnext_small_l2_2_init1,baseline_l2norm,,1.0,127.5,random_restart_3,1,0.7629469811916352
2026-03-26T12:59:31,l2/init1/convnext_small_l2_2_init1,baseline_l2norm,,1.0,127.5,random_restart_3,2,1.1313116669654846
2026-03-26T12:59:31,l2/init1/convnext_small_l2_2_init1,baseline_l2norm,,1.0,127.5,random_restart_3,3,1.2895336031913758
2026-03-26T12:59:31,l2/init1/convnext_small_l2_2_init1,baseline_l2norm,,1.0,127.5,random_restart_3,4,1.3443351984024048
2026-03-26T12:59:31,l2/init1/convnext_small_l2_2_init1,baseline_l2norm,,1.0,127.5,random_restart_3,5,1.415811026096344
2026-03-26T12:59:31,l2/init1/convnext_small_l2_2_init1,baseline_l2norm,,1.0,127.5,random_restart_3,6,1.4234677314758302
2026-03-26T12:59:31,l2/init1/convnext_small_l2_2_init1,baseline_l2norm,,1.0,127.5,random_restart_3,7,1.4657103538513183
2026-03-26T12:59:31,l2/init1/convnext_small_l2_2_init1,baseline_l2norm,,1.0,127.5,random_restart_3,8,1.4566458940505982
2026-03-26T12:59:31,l2/init1/convnext_small_l2_2_init1,baseline_l2norm,,1.0,127.5,random_restart_3,9,1.4876458883285522
2026-03-26T12:59:31,l2/init1/convnext_small_l2_2_init1,baseline_l2norm,,1.0,127.5,random_restart_3,10,1.4727530598640441
2026-03-26T12:59:43,l2/init1/convnext_small_l2_2_init1,l1norm_step,,1.0,127.5,deterministic,1,0.7629454612731934
2026-03-26T12:59:43,l2/init1/convnext_small_l2_2_init1,l1norm_step,,1.0,127.5,deterministic,2,0.7890537738800049
2026-03-26T12:59:43,l2/init1/convnext_small_l2_2_init1,l1norm_step,,1.0,127.5,deterministic,3,0.8160616934299469
2026-03-26T12:59:43,l2/init1/convnext_small_l2_2_init1,l1norm_step,,1.0,127.5,deterministic,4,0.8439894080162048
2026-03-26T12:59:43,l2/init1/convnext_small_l2_2_init1,l1norm_step,,1.0,127.5,deterministic,5,0.8728486061096191
2026-03-26T12:59:43,l2/init1/convnext_small_l2_2_init1,l1norm_step,,1.0,127.5,deterministic,6,0.9026078343391418
2026-03-26T12:59:43,l2/init1/convnext_small_l2_2_init1,l1norm_step,,1.0,127.5,deterministic,7,0.9216421484947205
2026-03-26T12:59:43,l2/init1/convnext_small_l2_2_init1,l1norm_step,,1.0,127.5,deterministic,8,0.9388548731803894
2026-03-26T12:59:43,l2/init1/convnext_small_l2_2_init1,l1norm_step,,1.0,127.5,deterministic,9,0.9545936584472656
2026-03-26T12:59:43,l2/init1/convnext_small_l2_2_init1,l1norm_step,,1.0,127.5,deterministic,10,0.9690444946289063
2026-03-26T12:59:55,l2/init1/convnext_small_l2_2_init1,l1norm_step,,1.0,127.5,random_restart_1,1,0.7629277348518372
2026-03-26T12:59:55,l2/init1/convnext_small_l2_2_init1,l1norm_step,,1.0,127.5,random_restart_1,2,0.7887463808059693
2026-03-26T12:59:55,l2/init1/convnext_small_l2_2_init1,l1norm_step,,1.0,127.5,random_restart_1,3,0.8140617787837983
2026-03-26T12:59:55,l2/init1/convnext_small_l2_2_init1,l1norm_step,,1.0,127.5,random_restart_1,4,0.838398540019989
2026-03-26T12:59:55,l2/init1/convnext_small_l2_2_init1,l1norm_step,,1.0,127.5,random_restart_1,5,0.8615782499313355
2026-03-26T12:59:55,l2/init1/convnext_small_l2_2_init1,l1norm_step,,1.0,127.5,random_restart_1,6,0.8835244536399841
2026-03-26T12:59:55,l2/init1/convnext_small_l2_2_init1,l1norm_step,,1.0,127.5,random_restart_1,7,0.9041813135147094
2026-03-26T12:59:55,l2/init1/convnext_small_l2_2_init1,l1norm_step,,1.0,127.5,random_restart_1,8,0.9235519528388977
2026-03-26T12:59:55,l2/init1/convnext_small_l2_2_init1,l1norm_step,,1.0,127.5,random_restart_1,9,0.9416272401809692
2026-03-26T12:59:55,l2/init1/convnext_small_l2_2_init1,l1norm_step,,1.0,127.5,random_restart_1,10,0.9582751154899597
2026-03-26T13:00:07,l2/init1/convnext_small_l2_2_init1,l1norm_step,,1.0,127.5,random_restart_2,1,0.7629362583160401
2026-03-26T13:00:07,l2/init1/convnext_small_l2_2_init1,l1norm_step,,1.0,127.5,random_restart_2,2,0.7887551307678222
2026-03-26T13:00:07,l2/init1/convnext_small_l2_2_init1,l1norm_step,,1.0,127.5,random_restart_2,3,0.8140685677528381
2026-03-26T13:00:07,l2/init1/convnext_small_l2_2_init1,l1norm_step,,1.0,127.5,random_restart_2,4,0.8383975207805634
2026-03-26T13:00:07,l2/init1/convnext_small_l2_2_init1,l1norm_step,,1.0,127.5,random_restart_2,5,0.861575698852539
2026-03-26T13:00:07,l2/init1/convnext_small_l2_2_init1,l1norm_step,,1.0,127.5,random_restart_2,6,0.8835152745246887
2026-03-26T13:00:07,l2/init1/convnext_small_l2_2_init1,l1norm_step,,1.0,127.5,random_restart_2,7,0.9041801452636719
2026-03-26T13:00:07,l2/init1/convnext_small_l2_2_init1,l1norm_step,,1.0,127.5,random_restart_2,8,0.9235511660575867
2026-03-26T13:00:07,l2/init1/convnext_small_l2_2_init1,l1norm_step,,1.0,127.5,random_restart_2,9,0.9416239500045777
2026-03-26T13:00:07,l2/init1/convnext_small_l2_2_init1,l1norm_step,,1.0,127.5,random_restart_2,10,0.9582620739936829
2026-03-26T13:00:19,l2/init1/convnext_small_l2_2_init1,l1norm_step,,1.0,127.5,random_restart_3,1,0.7629469811916352
2026-03-26T13:00:19,l2/init1/convnext_small_l2_2_init1,l1norm_step,,1.0,127.5,random_restart_3,2,0.7887718915939331
2026-03-26T13:00:19,l2/init1/convnext_small_l2_2_init1,l1norm_step,,1.0,127.5,random_restart_3,3,0.814092469215393
2026-03-26T13:00:19,l2/init1/convnext_small_l2_2_init1,l1norm_step,,1.0,127.5,random_restart_3,4,0.8384280860424042
2026-03-26T13:00:19,l2/init1/convnext_small_l2_2_init1,l1norm_step,,1.0,127.5,random_restart_3,5,0.8616016507148743
2026-03-26T13:00:19,l2/init1/convnext_small_l2_2_init1,l1norm_step,,1.0,127.5,random_restart_3,6,0.8835365653038025
2026-03-26T13:00:19,l2/init1/convnext_small_l2_2_init1,l1norm_step,,1.0,127.5,random_restart_3,7,0.9041943550109863
2026-03-26T13:00:19,l2/init1/convnext_small_l2_2_init1,l1norm_step,,1.0,127.5,random_restart_3,8,0.9235676288604736
2026-03-26T13:00:19,l2/init1/convnext_small_l2_2_init1,l1norm_step,,1.0,127.5,random_restart_3,9,0.9416368722915649
2026-03-26T13:00:19,l2/init1/convnext_small_l2_2_init1,l1norm_step,,1.0,127.5,random_restart_3,10,0.958281421661377
2026-03-26T13:00:30,l2/init1/convnext_small_l2_2_init1,raw_grad_step,,1.0,127.5,deterministic,1,0.7629454612731934
2026-03-26T13:00:30,l2/init1/convnext_small_l2_2_init1,raw_grad_step,,1.0,127.5,deterministic,2,0.8190305888652801
2026-03-26T13:00:30,l2/init1/convnext_small_l2_2_init1,raw_grad_step,,1.0,127.5,deterministic,3,0.8666221022605896
2026-03-26T13:00:30,l2/init1/convnext_small_l2_2_init1,raw_grad_step,,1.0,127.5,deterministic,4,0.9017176508903504
2026-03-26T13:00:30,l2/init1/convnext_small_l2_2_init1,raw_grad_step,,1.0,127.5,deterministic,5,0.9300294399261475
2026-03-26T13:00:30,l2/init1/convnext_small_l2_2_init1,raw_grad_step,,1.0,127.5,deterministic,6,0.9543410181999207
2026-03-26T13:00:30,l2/init1/convnext_small_l2_2_init1,raw_grad_step,,1.0,127.5,deterministic,7,0.9760019779205322
2026-03-26T13:00:30,l2/init1/convnext_small_l2_2_init1,raw_grad_step,,1.0,127.5,deterministic,8,0.9955103874206543
2026-03-26T13:00:30,l2/init1/convnext_small_l2_2_init1,raw_grad_step,,1.0,127.5,deterministic,9,1.0135751128196717
2026-03-26T13:00:30,l2/init1/convnext_small_l2_2_init1,raw_grad_step,,1.0,127.5,deterministic,10,1.0305152177810668
2026-03-26T13:00:42,l2/init1/convnext_small_l2_2_init1,raw_grad_step,,1.0,127.5,random_restart_1,1,0.7629277348518372
2026-03-26T13:00:42,l2/init1/convnext_small_l2_2_init1,raw_grad_step,,1.0,127.5,random_restart_1,2,0.8146210312843323
2026-03-26T13:00:42,l2/init1/convnext_small_l2_2_init1,raw_grad_step,,1.0,127.5,random_restart_1,3,0.8583088099956513
2026-03-26T13:00:42,l2/init1/convnext_small_l2_2_init1,raw_grad_step,,1.0,127.5,random_restart_1,4,0.8937989950180054
2026-03-26T13:00:42,l2/init1/convnext_small_l2_2_init1,raw_grad_step,,1.0,127.5,random_restart_1,5,0.9226524472236634
2026-03-26T13:00:42,l2/init1/convnext_small_l2_2_init1,raw_grad_step,,1.0,127.5,random_restart_1,6,0.947310721874237
2026-03-26T13:00:42,l2/init1/convnext_small_l2_2_init1,raw_grad_step,,1.0,127.5,random_restart_1,7,0.969183623790741
2026-03-26T13:00:42,l2/init1/convnext_small_l2_2_init1,raw_grad_step,,1.0,127.5,random_restart_1,8,0.9891055583953857
2026-03-26T13:00:42,l2/init1/convnext_small_l2_2_init1,raw_grad_step,,1.0,127.5,random_restart_1,9,1.0074870347976685
2026-03-26T13:00:42,l2/init1/convnext_small_l2_2_init1,raw_grad_step,,1.0,127.5,random_restart_1,10,1.0246830105781555
2026-03-26T13:00:54,l2/init1/convnext_small_l2_2_init1,raw_grad_step,,1.0,127.5,random_restart_2,1,0.7629362583160401
2026-03-26T13:00:54,l2/init1/convnext_small_l2_2_init1,raw_grad_step,,1.0,127.5,random_restart_2,2,0.8146233677864074
2026-03-26T13:00:54,l2/init1/convnext_small_l2_2_init1,raw_grad_step,,1.0,127.5,random_restart_2,3,0.8583025932312012
2026-03-26T13:00:54,l2/init1/convnext_small_l2_2_init1,raw_grad_step,,1.0,127.5,random_restart_2,4,0.8937827944755554
2026-03-26T13:00:54,l2/init1/convnext_small_l2_2_init1,raw_grad_step,,1.0,127.5,random_restart_2,5,0.9226299405097962
2026-03-26T13:00:54,l2/init1/convnext_small_l2_2_init1,raw_grad_step,,1.0,127.5,random_restart_2,6,0.9472773551940918
2026-03-26T13:00:54,l2/init1/convnext_small_l2_2_init1,raw_grad_step,,1.0,127.5,random_restart_2,7,0.9691493391990662
2026-03-26T13:00:54,l2/init1/convnext_small_l2_2_init1,raw_grad_step,,1.0,127.5,random_restart_2,8,0.989070451259613
2026-03-26T13:00:54,l2/init1/convnext_small_l2_2_init1,raw_grad_step,,1.0,127.5,random_restart_2,9,1.007438051700592
2026-03-26T13:00:54,l2/init1/convnext_small_l2_2_init1,raw_grad_step,,1.0,127.5,random_restart_2,10,1.0246349811553954
2026-03-26T13:01:06,l2/init1/convnext_small_l2_2_init1,raw_grad_step,,1.0,127.5,random_restart_3,1,0.7629469811916352
2026-03-26T13:01:06,l2/init1/convnext_small_l2_2_init1,raw_grad_step,,1.0,127.5,random_restart_3,2,0.8146545112133026
2026-03-26T13:01:06,l2/init1/convnext_small_l2_2_init1,raw_grad_step,,1.0,127.5,random_restart_3,3,0.8583441495895385
2026-03-26T13:01:06,l2/init1/convnext_small_l2_2_init1,raw_grad_step,,1.0,127.5,random_restart_3,4,0.8938232898712158
2026-03-26T13:01:06,l2/init1/convnext_small_l2_2_init1,raw_grad_step,,1.0,127.5,random_restart_3,5,0.9226684927940368
2026-03-26T13:01:06,l2/init1/convnext_small_l2_2_init1,raw_grad_step,,1.0,127.5,random_restart_3,6,0.9473113894462586
2026-03-26T13:01:06,l2/init1/convnext_small_l2_2_init1,raw_grad_step,,1.0,127.5,random_restart_3,7,0.969170355796814
2026-03-26T13:01:06,l2/init1/convnext_small_l2_2_init1,raw_grad_step,,1.0,127.5,random_restart_3,8,0.9890775322914124
2026-03-26T13:01:06,l2/init1/convnext_small_l2_2_init1,raw_grad_step,,1.0,127.5,random_restart_3,9,1.0074579477310182
2026-03-26T13:01:06,l2/init1/convnext_small_l2_2_init1,raw_grad_step,,1.0,127.5,random_restart_3,10,1.0246501684188842
2026-03-26T13:01:18,l2/init1/convnext_small_l2_2_init1,l1_apgd_topk,0.01,1.0,127.5,deterministic,1,0.7629454612731934
2026-03-26T13:01:18,l2/init1/convnext_small_l2_2_init1,l1_apgd_topk,0.01,1.0,127.5,deterministic,2,1.175454604625702
2026-03-26T13:01:18,l2/init1/convnext_small_l2_2_init1,l1_apgd_topk,0.01,1.0,127.5,deterministic,3,1.2888164520263672
2026-03-26T13:01:18,l2/init1/convnext_small_l2_2_init1,l1_apgd_topk,0.01,1.0,127.5,deterministic,4,1.3473152995109559
2026-03-26T13:01:18,l2/init1/convnext_small_l2_2_init1,l1_apgd_topk,0.01,1.0,127.5,deterministic,5,1.3782961964607239
2026-03-26T13:01:18,l2/init1/convnext_small_l2_2_init1,l1_apgd_topk,0.01,1.0,127.5,deterministic,6,1.399288034439087
2026-03-26T13:01:18,l2/init1/convnext_small_l2_2_init1,l1_apgd_topk,0.01,1.0,127.5,deterministic,7,1.41205575466156
2026-03-26T13:01:18,l2/init1/convnext_small_l2_2_init1,l1_apgd_topk,0.01,1.0,127.5,deterministic,8,1.421103310585022
2026-03-26T13:01:18,l2/init1/convnext_small_l2_2_init1,l1_apgd_topk,0.01,1.0,127.5,deterministic,9,1.4271921157836913
2026-03-26T13:01:18,l2/init1/convnext_small_l2_2_init1,l1_apgd_topk,0.01,1.0,127.5,deterministic,10,1.4325028896331786
2026-03-26T13:01:29,l2/init1/convnext_small_l2_2_init1,l1_apgd_topk,0.01,1.0,127.5,random_restart_1,1,0.7629277348518372
2026-03-26T13:01:29,l2/init1/convnext_small_l2_2_init1,l1_apgd_topk,0.01,1.0,127.5,random_restart_1,2,1.1754864931106568
2026-03-26T13:01:29,l2/init1/convnext_small_l2_2_init1,l1_apgd_topk,0.01,1.0,127.5,random_restart_1,3,1.2888345122337341
2026-03-26T13:01:29,l2/init1/convnext_small_l2_2_init1,l1_apgd_topk,0.01,1.0,127.5,random_restart_1,4,1.347239375114441
2026-03-26T13:01:29,l2/init1/convnext_small_l2_2_init1,l1_apgd_topk,0.01,1.0,127.5,random_restart_1,5,1.3779926300048828
2026-03-26T13:01:29,l2/init1/convnext_small_l2_2_init1,l1_apgd_topk,0.01,1.0,127.5,random_restart_1,6,1.3990685939788818
2026-03-26T13:01:29,l2/init1/convnext_small_l2_2_init1,l1_apgd_topk,0.01,1.0,127.5,random_restart_1,7,1.411650812625885
2026-03-26T13:01:29,l2/init1/convnext_small_l2_2_init1,l1_apgd_topk,0.01,1.0,127.5,random_restart_1,8,1.4206843972206116
2026-03-26T13:01:29,l2/init1/convnext_small_l2_2_init1,l1_apgd_topk,0.01,1.0,127.5,random_restart_1,9,1.4268532991409302
2026-03-26T13:01:29,l2/init1/convnext_small_l2_2_init1,l1_apgd_topk,0.01,1.0,127.5,random_restart_1,10,1.4323632717132568
2026-03-26T13:01:41,l2/init1/convnext_small_l2_2_init1,l1_apgd_topk,0.01,1.0,127.5,random_restart_2,1,0.7629362583160401
2026-03-26T13:01:41,l2/init1/convnext_small_l2_2_init1,l1_apgd_topk,0.01,1.0,127.5,random_restart_2,2,1.1754594564437866
2026-03-26T13:01:41,l2/init1/convnext_small_l2_2_init1,l1_apgd_topk,0.01,1.0,127.5,random_restart_2,3,1.2887186408042908
2026-03-26T13:01:41,l2/init1/convnext_small_l2_2_init1,l1_apgd_topk,0.01,1.0,127.5,random_restart_2,4,1.3470977425575257
2026-03-26T13:01:41,l2/init1/convnext_small_l2_2_init1,l1_apgd_topk,0.01,1.0,127.5,random_restart_2,5,1.377862560749054
2026-03-26T13:01:41,l2/init1/convnext_small_l2_2_init1,l1_apgd_topk,0.01,1.0,127.5,random_restart_2,6,1.3990281105041504
2026-03-26T13:01:41,l2/init1/convnext_small_l2_2_init1,l1_apgd_topk,0.01,1.0,127.5,random_restart_2,7,1.411644744873047
2026-03-26T13:01:41,l2/init1/convnext_small_l2_2_init1,l1_apgd_topk,0.01,1.0,127.5,random_restart_2,8,1.420797872543335
2026-03-26T13:01:41,l2/init1/convnext_small_l2_2_init1,l1_apgd_topk,0.01,1.0,127.5,random_restart_2,9,1.4268093705177307
2026-03-26T13:01:41,l2/init1/convnext_small_l2_2_init1,l1_apgd_topk,0.01,1.0,127.5,random_restart_2,10,1.4322548151016234
2026-03-26T13:01:53,l2/init1/convnext_small_l2_2_init1,l1_apgd_topk,0.01,1.0,127.5,random_restart_3,1,0.7629469811916352
2026-03-26T13:01:53,l2/init1/convnext_small_l2_2_init1,l1_apgd_topk,0.01,1.0,127.5,random_restart_3,2,1.1755034804344178
2026-03-26T13:01:53,l2/init1/convnext_small_l2_2_init1,l1_apgd_topk,0.01,1.0,127.5,random_restart_3,3,1.2887246131896972
2026-03-26T13:01:53,l2/init1/convnext_small_l2_2_init1,l1_apgd_topk,0.01,1.0,127.5,random_restart_3,4,1.3470601081848144
2026-03-26T13:01:53,l2/init1/convnext_small_l2_2_init1,l1_apgd_topk,0.01,1.0,127.5,random_restart_3,5,1.3783026933670044
2026-03-26T13:01:53,l2/init1/convnext_small_l2_2_init1,l1_apgd_topk,0.01,1.0,127.5,random_restart_3,6,1.3991973519325256
2026-03-26T13:01:53,l2/init1/convnext_small_l2_2_init1,l1_apgd_topk,0.01,1.0,127.5,random_restart_3,7,1.4119893550872802
2026-03-26T13:01:53,l2/init1/convnext_small_l2_2_init1,l1_apgd_topk,0.01,1.0,127.5,random_restart_3,8,1.4210911989212036
2026-03-26T13:01:53,l2/init1/convnext_small_l2_2_init1,l1_apgd_topk,0.01,1.0,127.5,random_restart_3,9,1.4270174384117127
2026-03-26T13:01:53,l2/init1/convnext_small_l2_2_init1,l1_apgd_topk,0.01,1.0,127.5,random_restart_3,10,1.4321450471878052
2026-03-26T13:02:05,l2/init1/convnext_small_l2_2_init1,l1_apgd_topk,0.05,1.0,127.5,deterministic,1,0.7629454612731934
2026-03-26T13:02:05,l2/init1/convnext_small_l2_2_init1,l1_apgd_topk,0.05,1.0,127.5,deterministic,2,1.0288910150527955
2026-03-26T13:02:05,l2/init1/convnext_small_l2_2_init1,l1_apgd_topk,0.05,1.0,127.5,deterministic,3,1.0591967821121215
2026-03-26T13:02:05,l2/init1/convnext_small_l2_2_init1,l1_apgd_topk,0.05,1.0,127.5,deterministic,4,1.0659420490264893
2026-03-26T13:02:05,l2/init1/convnext_small_l2_2_init1,l1_apgd_topk,0.05,1.0,127.5,deterministic,5,1.0681460738182067
2026-03-26T13:02:05,l2/init1/convnext_small_l2_2_init1,l1_apgd_topk,0.05,1.0,127.5,deterministic,6,1.0690754175186157
2026-03-26T13:02:05,l2/init1/convnext_small_l2_2_init1,l1_apgd_topk,0.05,1.0,127.5,deterministic,7,1.0695605754852295
2026-03-26T13:02:05,l2/init1/convnext_small_l2_2_init1,l1_apgd_topk,0.05,1.0,127.5,deterministic,8,1.0698328495025635
2026-03-26T13:02:05,l2/init1/convnext_small_l2_2_init1,l1_apgd_topk,0.05,1.0,127.5,deterministic,9,1.0700031638145446
2026-03-26T13:02:05,l2/init1/convnext_small_l2_2_init1,l1_apgd_topk,0.05,1.0,127.5,deterministic,10,1.0701048135757447
2026-03-26T13:02:17,l2/init1/convnext_small_l2_2_init1,l1_apgd_topk,0.05,1.0,127.5,random_restart_1,1,0.7629277348518372
2026-03-26T13:02:17,l2/init1/convnext_small_l2_2_init1,l1_apgd_topk,0.05,1.0,127.5,random_restart_1,2,1.0288623571395874
2026-03-26T13:02:17,l2/init1/convnext_small_l2_2_init1,l1_apgd_topk,0.05,1.0,127.5,random_restart_1,3,1.0591795325279236
2026-03-26T13:02:17,l2/init1/convnext_small_l2_2_init1,l1_apgd_topk,0.05,1.0,127.5,random_restart_1,4,1.0659762620925903
2026-03-26T13:02:17,l2/init1/convnext_small_l2_2_init1,l1_apgd_topk,0.05,1.0,127.5,random_restart_1,5,1.0681596636772155
2026-03-26T13:02:17,l2/init1/convnext_small_l2_2_init1,l1_apgd_topk,0.05,1.0,127.5,random_restart_1,6,1.0690927028656005
2026-03-26T13:02:17,l2/init1/convnext_small_l2_2_init1,l1_apgd_topk,0.05,1.0,127.5,random_restart_1,7,1.069580090045929
2026-03-26T13:02:17,l2/init1/convnext_small_l2_2_init1,l1_apgd_topk,0.05,1.0,127.5,random_restart_1,8,1.0698612570762633
2026-03-26T13:02:17,l2/init1/convnext_small_l2_2_init1,l1_apgd_topk,0.05,1.0,127.5,random_restart_1,9,1.0700281023979188
2026-03-26T13:02:17,l2/init1/convnext_small_l2_2_init1,l1_apgd_topk,0.05,1.0,127.5,random_restart_1,10,1.0701355338096619
2026-03-26T13:02:29,l2/init1/convnext_small_l2_2_init1,l1_apgd_topk,0.05,1.0,127.5,random_restart_2,1,0.7629362583160401
2026-03-26T13:02:29,l2/init1/convnext_small_l2_2_init1,l1_apgd_topk,0.05,1.0,127.5,random_restart_2,2,1.028856587409973
2026-03-26T13:02:29,l2/init1/convnext_small_l2_2_init1,l1_apgd_topk,0.05,1.0,127.5,random_restart_2,3,1.0591681957244874
2026-03-26T13:02:29,l2/init1/convnext_small_l2_2_init1,l1_apgd_topk,0.05,1.0,127.5,random_restart_2,4,1.0659449338912963
2026-03-26T13:02:29,l2/init1/convnext_small_l2_2_init1,l1_apgd_topk,0.05,1.0,127.5,random_restart_2,5,1.068150234222412
2026-03-26T13:02:29,l2/init1/convnext_small_l2_2_init1,l1_apgd_topk,0.05,1.0,127.5,random_restart_2,6,1.0690782189369201
2026-03-26T13:02:29,l2/init1/convnext_small_l2_2_init1,l1_apgd_topk,0.05,1.0,127.5,random_restart_2,7,1.069552481174469
2026-03-26T13:02:29,l2/init1/convnext_small_l2_2_init1,l1_apgd_topk,0.05,1.0,127.5,random_restart_2,8,1.0698271870613099
2026-03-26T13:02:29,l2/init1/convnext_small_l2_2_init1,l1_apgd_topk,0.05,1.0,127.5,random_restart_2,9,1.0700035214424133
2026-03-26T13:02:29,l2/init1/convnext_small_l2_2_init1,l1_apgd_topk,0.05,1.0,127.5,random_restart_2,10,1.070112371444702
2026-03-26T13:02:40,l2/init1/convnext_small_l2_2_init1,l1_apgd_topk,0.05,1.0,127.5,random_restart_3,1,0.7629469811916352
2026-03-26T13:02:40,l2/init1/convnext_small_l2_2_init1,l1_apgd_topk,0.05,1.0,127.5,random_restart_3,2,1.0288505792617797
2026-03-26T13:02:40,l2/init1/convnext_small_l2_2_init1,l1_apgd_topk,0.05,1.0,127.5,random_restart_3,3,1.0591549158096314
2026-03-26T13:02:40,l2/init1/convnext_small_l2_2_init1,l1_apgd_topk,0.05,1.0,127.5,random_restart_3,4,1.0659478783607483
2026-03-26T13:02:40,l2/init1/convnext_small_l2_2_init1,l1_apgd_topk,0.05,1.0,127.5,random_restart_3,5,1.068129825592041
2026-03-26T13:02:40,l2/init1/convnext_small_l2_2_init1,l1_apgd_topk,0.05,1.0,127.5,random_restart_3,6,1.0690571069717407
2026-03-26T13:02:40,l2/init1/convnext_small_l2_2_init1,l1_apgd_topk,0.05,1.0,127.5,random_restart_3,7,1.0695342063903808
2026-03-26T13:02:40,l2/init1/convnext_small_l2_2_init1,l1_apgd_topk,0.05,1.0,127.5,random_restart_3,8,1.06981862783432
2026-03-26T13:02:40,l2/init1/convnext_small_l2_2_init1,l1_apgd_topk,0.05,1.0,127.5,random_restart_3,9,1.0699676036834718
2026-03-26T13:02:40,l2/init1/convnext_small_l2_2_init1,l1_apgd_topk,0.05,1.0,127.5,random_restart_3,10,1.0700817942619323
2026-03-26T13:02:52,l2/init1/convnext_small_l2_2_init1,l1_apgd_topk,0.1,1.0,127.5,deterministic,1,0.7629454612731934
2026-03-26T13:02:52,l2/init1/convnext_small_l2_2_init1,l1_apgd_topk,0.1,1.0,127.5,deterministic,2,0.9612587690353394
2026-03-26T13:02:52,l2/init1/convnext_small_l2_2_init1,l1_apgd_topk,0.1,1.0,127.5,deterministic,3,0.976007091999054
2026-03-26T13:02:52,l2/init1/convnext_small_l2_2_init1,l1_apgd_topk,0.1,1.0,127.5,deterministic,4,0.9785001516342163
2026-03-26T13:02:52,l2/init1/convnext_small_l2_2_init1,l1_apgd_topk,0.1,1.0,127.5,deterministic,5,0.9792360663414001
2026-03-26T13:02:52,l2/init1/convnext_small_l2_2_init1,l1_apgd_topk,0.1,1.0,127.5,deterministic,6,0.9795292615890503
2026-03-26T13:02:52,l2/init1/convnext_small_l2_2_init1,l1_apgd_topk,0.1,1.0,127.5,deterministic,7,0.9796566367149353
2026-03-26T13:02:52,l2/init1/convnext_small_l2_2_init1,l1_apgd_topk,0.1,1.0,127.5,deterministic,8,0.9797307252883911
2026-03-26T13:02:52,l2/init1/convnext_small_l2_2_init1,l1_apgd_topk,0.1,1.0,127.5,deterministic,9,0.9797679424285889
2026-03-26T13:02:52,l2/init1/convnext_small_l2_2_init1,l1_apgd_topk,0.1,1.0,127.5,deterministic,10,0.979807722568512
2026-03-26T13:03:04,l2/init1/convnext_small_l2_2_init1,l1_apgd_topk,0.1,1.0,127.5,random_restart_1,1,0.7629277348518372
2026-03-26T13:03:04,l2/init1/convnext_small_l2_2_init1,l1_apgd_topk,0.1,1.0,127.5,random_restart_1,2,0.9612194895744324
2026-03-26T13:03:04,l2/init1/convnext_small_l2_2_init1,l1_apgd_topk,0.1,1.0,127.5,random_restart_1,3,0.9761136651039124
2026-03-26T13:03:04,l2/init1/convnext_small_l2_2_init1,l1_apgd_topk,0.1,1.0,127.5,random_restart_1,4,0.9785163283348084
2026-03-26T13:03:04,l2/init1/convnext_small_l2_2_init1,l1_apgd_topk,0.1,1.0,127.5,random_restart_1,5,0.9792523980140686
2026-03-26T13:03:04,l2/init1/convnext_small_l2_2_init1,l1_apgd_topk,0.1,1.0,127.5,random_restart_1,6,0.979541563987732
2026-03-26T13:03:04,l2/init1/convnext_small_l2_2_init1,l1_apgd_topk,0.1,1.0,127.5,random_restart_1,7,0.979667353630066
2026-03-26T13:03:04,l2/init1/convnext_small_l2_2_init1,l1_apgd_topk,0.1,1.0,127.5,random_restart_1,8,0.9797442078590393
2026-03-26T13:03:04,l2/init1/convnext_small_l2_2_init1,l1_apgd_topk,0.1,1.0,127.5,random_restart_1,9,0.9797837138175964
2026-03-26T13:03:04,l2/init1/convnext_small_l2_2_init1,l1_apgd_topk,0.1,1.0,127.5,random_restart_1,10,0.9798122882843018
2026-03-26T13:03:16,l2/init1/convnext_small_l2_2_init1,l1_apgd_topk,0.1,1.0,127.5,random_restart_2,1,0.7629362583160401
2026-03-26T13:03:16,l2/init1/convnext_small_l2_2_init1,l1_apgd_topk,0.1,1.0,127.5,random_restart_2,2,0.9611968755722046
2026-03-26T13:03:16,l2/init1/convnext_small_l2_2_init1,l1_apgd_topk,0.1,1.0,127.5,random_restart_2,3,0.9760833263397217
2026-03-26T13:03:16,l2/init1/convnext_small_l2_2_init1,l1_apgd_topk,0.1,1.0,127.5,random_restart_2,4,0.978486692905426
2026-03-26T13:03:16,l2/init1/convnext_small_l2_2_init1,l1_apgd_topk,0.1,1.0,127.5,random_restart_2,5,0.9792323112487793
2026-03-26T13:03:16,l2/init1/convnext_small_l2_2_init1,l1_apgd_topk,0.1,1.0,127.5,random_restart_2,6,0.9795228242874146
2026-03-26T13:03:16,l2/init1/convnext_small_l2_2_init1,l1_apgd_topk,0.1,1.0,127.5,random_restart_2,7,0.9796561002731323
2026-03-26T13:03:16,l2/init1/convnext_small_l2_2_init1,l1_apgd_topk,0.1,1.0,127.5,random_restart_2,8,0.9797194242477417
2026-03-26T13:03:16,l2/init1/convnext_small_l2_2_init1,l1_apgd_topk,0.1,1.0,127.5,random_restart_2,9,0.9797549843788147
2026-03-26T13:03:16,l2/init1/convnext_small_l2_2_init1,l1_apgd_topk,0.1,1.0,127.5,random_restart_2,10,0.9797867774963379
2026-03-26T13:03:28,l2/init1/convnext_small_l2_2_init1,l1_apgd_topk,0.1,1.0,127.5,random_restart_3,1,0.7629469811916352
2026-03-26T13:03:28,l2/init1/convnext_small_l2_2_init1,l1_apgd_topk,0.1,1.0,127.5,random_restart_3,2,0.9612063527107239
2026-03-26T13:03:28,l2/init1/convnext_small_l2_2_init1,l1_apgd_topk,0.1,1.0,127.5,random_restart_3,3,0.9760953664779664
2026-03-26T13:03:28,l2/init1/convnext_small_l2_2_init1,l1_apgd_topk,0.1,1.0,127.5,random_restart_3,4,0.9784921169281006
2026-03-26T13:03:28,l2/init1/convnext_small_l2_2_init1,l1_apgd_topk,0.1,1.0,127.5,random_restart_3,5,0.9792375206947327
2026-03-26T13:03:28,l2/init1/convnext_small_l2_2_init1,l1_apgd_topk,0.1,1.0,127.5,random_restart_3,6,0.9795309424400329
2026-03-26T13:03:28,l2/init1/convnext_small_l2_2_init1,l1_apgd_topk,0.1,1.0,127.5,random_restart_3,7,0.9796606183052063
2026-03-26T13:03:28,l2/init1/convnext_small_l2_2_init1,l1_apgd_topk,0.1,1.0,127.5,random_restart_3,8,0.9797247529029847
2026-03-26T13:03:28,l2/init1/convnext_small_l2_2_init1,l1_apgd_topk,0.1,1.0,127.5,random_restart_3,9,0.9797643899917603
2026-03-26T13:03:28,l2/init1/convnext_small_l2_2_init1,l1_apgd_topk,0.1,1.0,127.5,random_restart_3,10,0.9797954320907593
2026-03-26T13:03:39,l2/init1/convnext_small_l2_2_init1,fw_onehot,,1.0,127.5,deterministic,1,0.7629454612731934
2026-03-26T13:03:39,l2/init1/convnext_small_l2_2_init1,fw_onehot,,1.0,127.5,deterministic,2,0.765360426902771
2026-03-26T13:03:39,l2/init1/convnext_small_l2_2_init1,fw_onehot,,1.0,127.5,deterministic,3,0.7668377995491028
2026-03-26T13:03:39,l2/init1/convnext_small_l2_2_init1,fw_onehot,,1.0,127.5,deterministic,4,0.7677806377410888
2026-03-26T13:03:39,l2/init1/convnext_small_l2_2_init1,fw_onehot,,1.0,127.5,deterministic,5,0.7685741126537323
2026-03-26T13:03:39,l2/init1/convnext_small_l2_2_init1,fw_onehot,,1.0,127.5,deterministic,6,0.7690964043140411
2026-03-26T13:03:39,l2/init1/convnext_small_l2_2_init1,fw_onehot,,1.0,127.5,deterministic,7,0.7698777556419373
2026-03-26T13:03:39,l2/init1/convnext_small_l2_2_init1,fw_onehot,,1.0,127.5,deterministic,8,0.7703275740146637
2026-03-26T13:03:39,l2/init1/convnext_small_l2_2_init1,fw_onehot,,1.0,127.5,deterministic,9,0.7709575593471527
2026-03-26T13:03:39,l2/init1/convnext_small_l2_2_init1,fw_onehot,,1.0,127.5,deterministic,10,0.7713285505771637
2026-03-26T13:03:51,l2/init1/convnext_small_l2_2_init1,baseline_l2norm,,2.0,255.0,deterministic,1,0.7629454612731934
2026-03-26T13:03:51,l2/init1/convnext_small_l2_2_init1,baseline_l2norm,,2.0,255.0,deterministic,2,1.2469908833503722
2026-03-26T13:03:51,l2/init1/convnext_small_l2_2_init1,baseline_l2norm,,2.0,255.0,deterministic,3,1.4502716302871703
2026-03-26T13:03:51,l2/init1/convnext_small_l2_2_init1,baseline_l2norm,,2.0,255.0,deterministic,4,1.526028084754944
2026-03-26T13:03:51,l2/init1/convnext_small_l2_2_init1,baseline_l2norm,,2.0,255.0,deterministic,5,1.6160940885543824
2026-03-26T13:03:51,l2/init1/convnext_small_l2_2_init1,baseline_l2norm,,2.0,255.0,deterministic,6,1.6278197765350342
2026-03-26T13:03:51,l2/init1/convnext_small_l2_2_init1,baseline_l2norm,,2.0,255.0,deterministic,7,1.6867714881896974
2026-03-26T13:03:51,l2/init1/convnext_small_l2_2_init1,baseline_l2norm,,2.0,255.0,deterministic,8,1.6696582078933715
2026-03-26T13:03:51,l2/init1/convnext_small_l2_2_init1,baseline_l2norm,,2.0,255.0,deterministic,9,1.711561918258667
2026-03-26T13:03:51,l2/init1/convnext_small_l2_2_init1,baseline_l2norm,,2.0,255.0,deterministic,10,1.696115779876709
2026-03-26T13:04:03,l2/init1/convnext_small_l2_2_init1,baseline_l2norm,,2.0,255.0,random_restart_1,1,0.7628625869750977
2026-03-26T13:04:03,l2/init1/convnext_small_l2_2_init1,baseline_l2norm,,2.0,255.0,random_restart_1,2,1.2471973180770874
2026-03-26T13:04:03,l2/init1/convnext_small_l2_2_init1,baseline_l2norm,,2.0,255.0,random_restart_1,3,1.4503479957580567
2026-03-26T13:04:03,l2/init1/convnext_small_l2_2_init1,baseline_l2norm,,2.0,255.0,random_restart_1,4,1.5260494709014893
2026-03-26T13:04:03,l2/init1/convnext_small_l2_2_init1,baseline_l2norm,,2.0,255.0,random_restart_1,5,1.6173861026763916
2026-03-26T13:04:03,l2/init1/convnext_small_l2_2_init1,baseline_l2norm,,2.0,255.0,random_restart_1,6,1.627390694618225
2026-03-26T13:04:03,l2/init1/convnext_small_l2_2_init1,baseline_l2norm,,2.0,255.0,random_restart_1,7,1.6907314777374267
2026-03-26T13:04:03,l2/init1/convnext_small_l2_2_init1,baseline_l2norm,,2.0,255.0,random_restart_1,8,1.6689468145370483
2026-03-26T13:04:03,l2/init1/convnext_small_l2_2_init1,baseline_l2norm,,2.0,255.0,random_restart_1,9,1.709173846244812
2026-03-26T13:04:03,l2/init1/convnext_small_l2_2_init1,baseline_l2norm,,2.0,255.0,random_restart_1,10,1.6964528799057006
2026-03-26T13:04:15,l2/init1/convnext_small_l2_2_init1,baseline_l2norm,,2.0,255.0,random_restart_2,1,0.7628837466239929
2026-03-26T13:04:15,l2/init1/convnext_small_l2_2_init1,baseline_l2norm,,2.0,255.0,random_restart_2,2,1.2474178314208983
2026-03-26T13:04:15,l2/init1/convnext_small_l2_2_init1,baseline_l2norm,,2.0,255.0,random_restart_2,3,1.4502341508865357
2026-03-26T13:04:15,l2/init1/convnext_small_l2_2_init1,baseline_l2norm,,2.0,255.0,random_restart_2,4,1.5267591953277588
2026-03-26T13:04:15,l2/init1/convnext_small_l2_2_init1,baseline_l2norm,,2.0,255.0,random_restart_2,5,1.6193706512451171
2026-03-26T13:04:15,l2/init1/convnext_small_l2_2_init1,baseline_l2norm,,2.0,255.0,random_restart_2,6,1.63104305267334
2026-03-26T13:04:15,l2/init1/convnext_small_l2_2_init1,baseline_l2norm,,2.0,255.0,random_restart_2,7,1.6944690227508545
2026-03-26T13:04:15,l2/init1/convnext_small_l2_2_init1,baseline_l2norm,,2.0,255.0,random_restart_2,8,1.6730320453643799
2026-03-26T13:04:15,l2/init1/convnext_small_l2_2_init1,baseline_l2norm,,2.0,255.0,random_restart_2,9,1.7127832651138306
2026-03-26T13:04:15,l2/init1/convnext_small_l2_2_init1,baseline_l2norm,,2.0,255.0,random_restart_2,10,1.6911115884780883
2026-03-26T13:04:27,l2/init1/convnext_small_l2_2_init1,baseline_l2norm,,2.0,255.0,random_restart_3,1,0.7629150390625
2026-03-26T13:04:27,l2/init1/convnext_small_l2_2_init1,baseline_l2norm,,2.0,255.0,random_restart_3,2,1.2472835659980774
2026-03-26T13:04:27,l2/init1/convnext_small_l2_2_init1,baseline_l2norm,,2.0,255.0,random_restart_3,3,1.4504889249801636
2026-03-26T13:04:27,l2/init1/convnext_small_l2_2_init1,baseline_l2norm,,2.0,255.0,random_restart_3,4,1.5272635698318482
2026-03-26T13:04:27,l2/init1/convnext_small_l2_2_init1,baseline_l2norm,,2.0,255.0,random_restart_3,5,1.6165953874588013
2026-03-26T13:04:27,l2/init1/convnext_small_l2_2_init1,baseline_l2norm,,2.0,255.0,random_restart_3,6,1.6312255382537841
2026-03-26T13:04:27,l2/init1/convnext_small_l2_2_init1,baseline_l2norm,,2.0,255.0,random_restart_3,7,1.6914140939712525
2026-03-26T13:04:27,l2/init1/convnext_small_l2_2_init1,baseline_l2norm,,2.0,255.0,random_restart_3,8,1.6730759143829346
2026-03-26T13:04:27,l2/init1/convnext_small_l2_2_init1,baseline_l2norm,,2.0,255.0,random_restart_3,9,1.7159367799758911
2026-03-26T13:04:27,l2/init1/convnext_small_l2_2_init1,baseline_l2norm,,2.0,255.0,random_restart_3,10,1.7005234718322755
2026-03-26T13:04:38,l2/init1/convnext_small_l2_2_init1,l1norm_step,,2.0,255.0,deterministic,1,0.7629454612731934
2026-03-26T13:04:38,l2/init1/convnext_small_l2_2_init1,l1norm_step,,2.0,255.0,deterministic,2,0.8160264730453491
2026-03-26T13:04:38,l2/init1/convnext_small_l2_2_init1,l1norm_step,,2.0,255.0,deterministic,3,0.8726473212242126
2026-03-26T13:04:38,l2/init1/convnext_small_l2_2_init1,l1norm_step,,2.0,255.0,deterministic,4,0.9327926635742188
2026-03-26T13:04:38,l2/init1/convnext_small_l2_2_init1,l1norm_step,,2.0,255.0,deterministic,5,0.9961033582687377
2026-03-26T13:04:38,l2/init1/convnext_small_l2_2_init1,l1norm_step,,2.0,255.0,deterministic,6,1.0623225927352906
2026-03-26T13:04:38,l2/init1/convnext_small_l2_2_init1,l1norm_step,,2.0,255.0,deterministic,7,1.1054120182991027
2026-03-26T13:04:38,l2/init1/convnext_small_l2_2_init1,l1norm_step,,2.0,255.0,deterministic,8,1.1445593118667603
2026-03-26T13:04:38,l2/init1/convnext_small_l2_2_init1,l1norm_step,,2.0,255.0,deterministic,9,1.1807617783546447
2026-03-26T13:04:38,l2/init1/convnext_small_l2_2_init1,l1norm_step,,2.0,255.0,deterministic,10,1.2144585728645325
2026-03-26T13:04:50,l2/init1/convnext_small_l2_2_init1,l1norm_step,,2.0,255.0,random_restart_1,1,0.7628625869750977
2026-03-26T13:04:50,l2/init1/convnext_small_l2_2_init1,l1norm_step,,2.0,255.0,random_restart_1,2,0.8153379678726196
2026-03-26T13:04:50,l2/init1/convnext_small_l2_2_init1,l1norm_step,,2.0,255.0,random_restart_1,3,0.8683782696723938
2026-03-26T13:04:50,l2/init1/convnext_small_l2_2_init1,l1norm_step,,2.0,255.0,random_restart_1,4,0.9206729054450988
2026-03-26T13:04:50,l2/init1/convnext_small_l2_2_init1,l1norm_step,,2.0,255.0,random_restart_1,5,0.9713269352912903
2026-03-26T13:04:50,l2/init1/convnext_small_l2_2_init1,l1norm_step,,2.0,255.0,random_restart_1,6,1.0198060154914856
2026-03-26T13:04:50,l2/init1/convnext_small_l2_2_init1,l1norm_step,,2.0,255.0,random_restart_1,7,1.06585932970047
2026-03-26T13:04:50,l2/init1/convnext_small_l2_2_init1,l1norm_step,,2.0,255.0,random_restart_1,8,1.1094678521156311
2026-03-26T13:04:50,l2/init1/convnext_small_l2_2_init1,l1norm_step,,2.0,255.0,random_restart_1,9,1.1505013346672057
2026-03-26T13:04:50,l2/init1/convnext_small_l2_2_init1,l1norm_step,,2.0,255.0,random_restart_1,10,1.188793671131134
2026-03-26T13:05:02,l2/init1/convnext_small_l2_2_init1,l1norm_step,,2.0,255.0,random_restart_2,1,0.7628837466239929
2026-03-26T13:05:02,l2/init1/convnext_small_l2_2_init1,l1norm_step,,2.0,255.0,random_restart_2,2,0.8153501272201538
2026-03-26T13:05:02,l2/init1/convnext_small_l2_2_init1,l1norm_step,,2.0,255.0,random_restart_2,3,0.8683692574501037
2026-03-26T13:05:02,l2/init1/convnext_small_l2_2_init1,l1norm_step,,2.0,255.0,random_restart_2,4,0.9206649541854859
2026-03-26T13:05:02,l2/init1/convnext_small_l2_2_init1,l1norm_step,,2.0,255.0,random_restart_2,5,0.9713003635406494
2026-03-26T13:05:02,l2/init1/convnext_small_l2_2_init1,l1norm_step,,2.0,255.0,random_restart_2,6,1.0197864413261413
2026-03-26T13:05:02,l2/init1/convnext_small_l2_2_init1,l1norm_step,,2.0,255.0,random_restart_2,7,1.0658415317535401
2026-03-26T13:05:02,l2/init1/convnext_small_l2_2_init1,l1norm_step,,2.0,255.0,random_restart_2,8,1.1094642758369446
2026-03-26T13:05:02,l2/init1/convnext_small_l2_2_init1,l1norm_step,,2.0,255.0,random_restart_2,9,1.1505151033401488
2026-03-26T13:05:02,l2/init1/convnext_small_l2_2_init1,l1norm_step,,2.0,255.0,random_restart_2,10,1.1888114929199218
2026-03-26T13:05:14,l2/init1/convnext_small_l2_2_init1,l1norm_step,,2.0,255.0,random_restart_3,1,0.7629150390625
2026-03-26T13:05:14,l2/init1/convnext_small_l2_2_init1,l1norm_step,,2.0,255.0,random_restart_3,2,0.8154036283493042
2026-03-26T13:05:14,l2/init1/convnext_small_l2_2_init1,l1norm_step,,2.0,255.0,random_restart_3,3,0.8684388279914856
2026-03-26T13:05:14,l2/init1/convnext_small_l2_2_init1,l1norm_step,,2.0,255.0,random_restart_3,4,0.9207223773002624
2026-03-26T13:05:14,l2/init1/convnext_small_l2_2_init1,l1norm_step,,2.0,255.0,random_restart_3,5,0.971367883682251
2026-03-26T13:05:14,l2/init1/convnext_small_l2_2_init1,l1norm_step,,2.0,255.0,random_restart_3,6,1.0198451161384583
2026-03-26T13:05:14,l2/init1/convnext_small_l2_2_init1,l1norm_step,,2.0,255.0,random_restart_3,7,1.0658942341804505
2026-03-26T13:05:14,l2/init1/convnext_small_l2_2_init1,l1norm_step,,2.0,255.0,random_restart_3,8,1.1094744563102723
2026-03-26T13:05:14,l2/init1/convnext_small_l2_2_init1,l1norm_step,,2.0,255.0,random_restart_3,9,1.150512433052063
2026-03-26T13:05:14,l2/init1/convnext_small_l2_2_init1,l1norm_step,,2.0,255.0,random_restart_3,10,1.1887892603874206
2026-03-26T13:05:26,l2/init1/convnext_small_l2_2_init1,raw_grad_step,,2.0,255.0,deterministic,1,0.7629454612731934
2026-03-26T13:05:26,l2/init1/convnext_small_l2_2_init1,raw_grad_step,,2.0,255.0,deterministic,2,0.8751342058181762
2026-03-26T13:05:26,l2/init1/convnext_small_l2_2_init1,raw_grad_step,,2.0,255.0,deterministic,3,0.9743165850639344
2026-03-26T13:05:26,l2/init1/convnext_small_l2_2_init1,raw_grad_step,,2.0,255.0,deterministic,4,1.049221658706665
2026-03-26T13:05:26,l2/init1/convnext_small_l2_2_init1,raw_grad_step,,2.0,255.0,deterministic,5,1.1146621227264404
2026-03-26T13:05:26,l2/init1/convnext_small_l2_2_init1,raw_grad_step,,2.0,255.0,deterministic,6,1.1751220941543579
2026-03-26T13:05:26,l2/init1/convnext_small_l2_2_init1,raw_grad_step,,2.0,255.0,deterministic,7,1.2298025727272033
2026-03-26T13:05:26,l2/init1/convnext_small_l2_2_init1,raw_grad_step,,2.0,255.0,deterministic,8,1.2791700601577758
2026-03-26T13:05:26,l2/init1/convnext_small_l2_2_init1,raw_grad_step,,2.0,255.0,deterministic,9,1.3253511428833007
2026-03-26T13:05:26,l2/init1/convnext_small_l2_2_init1,raw_grad_step,,2.0,255.0,deterministic,10,1.3700750112533568
2026-03-26T13:05:37,l2/init1/convnext_small_l2_2_init1,raw_grad_step,,2.0,255.0,random_restart_1,1,0.7628625869750977
2026-03-26T13:05:37,l2/init1/convnext_small_l2_2_init1,raw_grad_step,,2.0,255.0,random_restart_1,2,0.8666639566421509
2026-03-26T13:05:37,l2/init1/convnext_small_l2_2_init1,raw_grad_step,,2.0,255.0,random_restart_1,3,0.9572426915168762
2026-03-26T13:05:37,l2/init1/convnext_small_l2_2_init1,raw_grad_step,,2.0,255.0,random_restart_1,4,1.031627929210663
2026-03-26T13:05:37,l2/init1/convnext_small_l2_2_init1,raw_grad_step,,2.0,255.0,random_restart_1,5,1.0970528364181518
2026-03-26T13:05:37,l2/init1/convnext_small_l2_2_init1,raw_grad_step,,2.0,255.0,random_restart_1,6,1.157382309436798
2026-03-26T13:05:37,l2/init1/convnext_small_l2_2_init1,raw_grad_step,,2.0,255.0,random_restart_1,7,1.2125820755958556
2026-03-26T13:05:37,l2/init1/convnext_small_l2_2_init1,raw_grad_step,,2.0,255.0,random_restart_1,8,1.2625249385833741
2026-03-26T13:05:37,l2/init1/convnext_small_l2_2_init1,raw_grad_step,,2.0,255.0,random_restart_1,9,1.3087807655334474
2026-03-26T13:05:37,l2/init1/convnext_small_l2_2_init1,raw_grad_step,,2.0,255.0,random_restart_1,10,1.3530101418495177
2026-03-26T13:05:49,l2/init1/convnext_small_l2_2_init1,raw_grad_step,,2.0,255.0,random_restart_2,1,0.7628837466239929
2026-03-26T13:05:49,l2/init1/convnext_small_l2_2_init1,raw_grad_step,,2.0,255.0,random_restart_2,2,0.8666533470153809
2026-03-26T13:05:49,l2/init1/convnext_small_l2_2_init1,raw_grad_step,,2.0,255.0,random_restart_2,3,0.9572295308113098
2026-03-26T13:05:49,l2/init1/convnext_small_l2_2_init1,raw_grad_step,,2.0,255.0,random_restart_2,4,1.031623911857605
2026-03-26T13:05:49,l2/init1/convnext_small_l2_2_init1,raw_grad_step,,2.0,255.0,random_restart_2,5,1.0970232367515564
2026-03-26T13:05:49,l2/init1/convnext_small_l2_2_init1,raw_grad_step,,2.0,255.0,random_restart_2,6,1.1573201060295104
2026-03-26T13:05:49,l2/init1/convnext_small_l2_2_init1,raw_grad_step,,2.0,255.0,random_restart_2,7,1.2125303626060486
2026-03-26T13:05:49,l2/init1/convnext_small_l2_2_init1,raw_grad_step,,2.0,255.0,random_restart_2,8,1.262521708011627
2026-03-26T13:05:49,l2/init1/convnext_small_l2_2_init1,raw_grad_step,,2.0,255.0,random_restart_2,9,1.3088680624961853
2026-03-26T13:05:49,l2/init1/convnext_small_l2_2_init1,raw_grad_step,,2.0,255.0,random_restart_2,10,1.3532787084579467
2026-03-26T13:06:01,l2/init1/convnext_small_l2_2_init1,raw_grad_step,,2.0,255.0,random_restart_3,1,0.7629150390625
2026-03-26T13:06:01,l2/init1/convnext_small_l2_2_init1,raw_grad_step,,2.0,255.0,random_restart_3,2,0.8667585134506226
2026-03-26T13:06:01,l2/init1/convnext_small_l2_2_init1,raw_grad_step,,2.0,255.0,random_restart_3,3,0.9573335409164428
2026-03-26T13:06:01,l2/init1/convnext_small_l2_2_init1,raw_grad_step,,2.0,255.0,random_restart_3,4,1.0316940784454345
2026-03-26T13:06:01,l2/init1/convnext_small_l2_2_init1,raw_grad_step,,2.0,255.0,random_restart_3,5,1.0970852851867676
2026-03-26T13:06:01,l2/init1/convnext_small_l2_2_init1,raw_grad_step,,2.0,255.0,random_restart_3,6,1.1573772192001344
2026-03-26T13:06:01,l2/init1/convnext_small_l2_2_init1,raw_grad_step,,2.0,255.0,random_restart_3,7,1.2125826716423034
2026-03-26T13:06:01,l2/init1/convnext_small_l2_2_init1,raw_grad_step,,2.0,255.0,random_restart_3,8,1.2625487685203551
2026-03-26T13:06:01,l2/init1/convnext_small_l2_2_init1,raw_grad_step,,2.0,255.0,random_restart_3,9,1.308819878101349
2026-03-26T13:06:01,l2/init1/convnext_small_l2_2_init1,raw_grad_step,,2.0,255.0,random_restart_3,10,1.3530380487442017
2026-03-26T13:06:13,l2/init1/convnext_small_l2_2_init1,l1_apgd_topk,0.01,2.0,255.0,deterministic,1,0.7629454612731934
2026-03-26T13:06:13,l2/init1/convnext_small_l2_2_init1,l1_apgd_topk,0.01,2.0,255.0,deterministic,2,1.4484734296798707
2026-03-26T13:06:13,l2/init1/convnext_small_l2_2_init1,l1_apgd_topk,0.01,2.0,255.0,deterministic,3,1.731257963180542
2026-03-26T13:06:13,l2/init1/convnext_small_l2_2_init1,l1_apgd_topk,0.01,2.0,255.0,deterministic,4,1.9730759620666505
2026-03-26T13:06:13,l2/init1/convnext_small_l2_2_init1,l1_apgd_topk,0.01,2.0,255.0,deterministic,5,2.135546064376831
2026-03-26T13:06:13,l2/init1/convnext_small_l2_2_init1,l1_apgd_topk,0.01,2.0,255.0,deterministic,6,2.2782800912857057
2026-03-26T13:06:13,l2/init1/convnext_small_l2_2_init1,l1_apgd_topk,0.01,2.0,255.0,deterministic,7,2.376249837875366
2026-03-26T13:06:13,l2/init1/convnext_small_l2_2_init1,l1_apgd_topk,0.01,2.0,255.0,deterministic,8,2.4804362773895265
2026-03-26T13:06:13,l2/init1/convnext_small_l2_2_init1,l1_apgd_topk,0.01,2.0,255.0,deterministic,9,2.545823335647583
2026-03-26T13:06:13,l2/init1/convnext_small_l2_2_init1,l1_apgd_topk,0.01,2.0,255.0,deterministic,10,2.622427463531494
2026-03-26T13:06:25,l2/init1/convnext_small_l2_2_init1,l1_apgd_topk,0.01,2.0,255.0,random_restart_1,1,0.7628625869750977
2026-03-26T13:06:25,l2/init1/convnext_small_l2_2_init1,l1_apgd_topk,0.01,2.0,255.0,random_restart_1,2,1.4484901189804078
2026-03-26T13:06:25,l2/init1/convnext_small_l2_2_init1,l1_apgd_topk,0.01,2.0,255.0,random_restart_1,3,1.7320428133010863
2026-03-26T13:06:25,l2/init1/convnext_small_l2_2_init1,l1_apgd_topk,0.01,2.0,255.0,random_restart_1,4,1.97406964302063
2026-03-26T13:06:25,l2/init1/convnext_small_l2_2_init1,l1_apgd_topk,0.01,2.0,255.0,random_restart_1,5,2.1403247356414794
2026-03-26T13:06:25,l2/init1/convnext_small_l2_2_init1,l1_apgd_topk,0.01,2.0,255.0,random_restart_1,6,2.279625678062439
2026-03-26T13:06:25,l2/init1/convnext_small_l2_2_init1,l1_apgd_topk,0.01,2.0,255.0,random_restart_1,7,2.381571865081787
2026-03-26T13:06:25,l2/init1/convnext_small_l2_2_init1,l1_apgd_topk,0.01,2.0,255.0,random_restart_1,8,2.481143355369568
2026-03-26T13:06:25,l2/init1/convnext_small_l2_2_init1,l1_apgd_topk,0.01,2.0,255.0,random_restart_1,9,2.5480236530303957
2026-03-26T13:06:25,l2/init1/convnext_small_l2_2_init1,l1_apgd_topk,0.01,2.0,255.0,random_restart_1,10,2.6161992073059084
2026-03-26T13:06:36,l2/init1/convnext_small_l2_2_init1,l1_apgd_topk,0.01,2.0,255.0,random_restart_2,1,0.7628837466239929
2026-03-26T13:06:36,l2/init1/convnext_small_l2_2_init1,l1_apgd_topk,0.01,2.0,255.0,random_restart_2,2,1.4485140085220336
2026-03-26T13:06:36,l2/init1/convnext_small_l2_2_init1,l1_apgd_topk,0.01,2.0,255.0,random_restart_2,3,1.730969786643982
2026-03-26T13:06:36,l2/init1/convnext_small_l2_2_init1,l1_apgd_topk,0.01,2.0,255.0,random_restart_2,4,1.9737388849258424
2026-03-26T13:06:36,l2/init1/convnext_small_l2_2_init1,l1_apgd_topk,0.01,2.0,255.0,random_restart_2,5,2.1384921073913574
2026-03-26T13:06:36,l2/init1/convnext_small_l2_2_init1,l1_apgd_topk,0.01,2.0,255.0,random_restart_2,6,2.2795255184173584
2026-03-26T13:06:36,l2/init1/convnext_small_l2_2_init1,l1_apgd_topk,0.01,2.0,255.0,random_restart_2,7,2.3797170877456666
2026-03-26T13:06:36,l2/init1/convnext_small_l2_2_init1,l1_apgd_topk,0.01,2.0,255.0,random_restart_2,8,2.481093168258667
2026-03-26T13:06:36,l2/init1/convnext_small_l2_2_init1,l1_apgd_topk,0.01,2.0,255.0,random_restart_2,9,2.550540590286255
2026-03-26T13:06:36,l2/init1/convnext_small_l2_2_init1,l1_apgd_topk,0.01,2.0,255.0,random_restart_2,10,2.626788520812988
2026-03-26T13:06:48,l2/init1/convnext_small_l2_2_init1,l1_apgd_topk,0.01,2.0,255.0,random_restart_3,1,0.7629150390625
2026-03-26T13:06:48,l2/init1/convnext_small_l2_2_init1,l1_apgd_topk,0.01,2.0,255.0,random_restart_3,2,1.4487796545028686
2026-03-26T13:06:48,l2/init1/convnext_small_l2_2_init1,l1_apgd_topk,0.01,2.0,255.0,random_restart_3,3,1.7318078756332398
2026-03-26T13:06:48,l2/init1/convnext_small_l2_2_init1,l1_apgd_topk,0.01,2.0,255.0,random_restart_3,4,1.9744495391845702
2026-03-26T13:06:48,l2/init1/convnext_small_l2_2_init1,l1_apgd_topk,0.01,2.0,255.0,random_restart_3,5,2.1375749349594115
2026-03-26T13:06:48,l2/init1/convnext_small_l2_2_init1,l1_apgd_topk,0.01,2.0,255.0,random_restart_3,6,2.2772178173065187
2026-03-26T13:06:48,l2/init1/convnext_small_l2_2_init1,l1_apgd_topk,0.01,2.0,255.0,random_restart_3,7,2.3803930282592773
2026-03-26T13:06:48,l2/init1/convnext_small_l2_2_init1,l1_apgd_topk,0.01,2.0,255.0,random_restart_3,8,2.474515771865845
2026-03-26T13:06:48,l2/init1/convnext_small_l2_2_init1,l1_apgd_topk,0.01,2.0,255.0,random_restart_3,9,2.542541742324829
2026-03-26T13:06:48,l2/init1/convnext_small_l2_2_init1,l1_apgd_topk,0.01,2.0,255.0,random_restart_3,10,2.6173871040344237
2026-03-26T13:07:00,l2/init1/convnext_small_l2_2_init1,l1_apgd_topk,0.05,2.0,255.0,deterministic,1,0.7629454612731934
2026-03-26T13:07:00,l2/init1/convnext_small_l2_2_init1,l1_apgd_topk,0.05,2.0,255.0,deterministic,2,1.3168841123580932
2026-03-26T13:07:00,l2/init1/convnext_small_l2_2_init1,l1_apgd_topk,0.05,2.0,255.0,deterministic,3,1.4629246950149537
2026-03-26T13:07:00,l2/init1/convnext_small_l2_2_init1,l1_apgd_topk,0.05,2.0,255.0,deterministic,4,1.516300582885742
2026-03-26T13:07:00,l2/init1/convnext_small_l2_2_init1,l1_apgd_topk,0.05,2.0,255.0,deterministic,5,1.5386560201644897
2026-03-26T13:07:00,l2/init1/convnext_small_l2_2_init1,l1_apgd_topk,0.05,2.0,255.0,deterministic,6,1.5505345106124877
2026-03-26T13:07:00,l2/init1/convnext_small_l2_2_init1,l1_apgd_topk,0.05,2.0,255.0,deterministic,7,1.5576375484466554
2026-03-26T13:07:00,l2/init1/convnext_small_l2_2_init1,l1_apgd_topk,0.05,2.0,255.0,deterministic,8,1.5615005970001221
2026-03-26T13:07:00,l2/init1/convnext_small_l2_2_init1,l1_apgd_topk,0.05,2.0,255.0,deterministic,9,1.5639919281005858
2026-03-26T13:07:00,l2/init1/convnext_small_l2_2_init1,l1_apgd_topk,0.05,2.0,255.0,deterministic,10,1.5658809185028075
2026-03-26T13:07:12,l2/init1/convnext_small_l2_2_init1,l1_apgd_topk,0.05,2.0,255.0,random_restart_1,1,0.7628625869750977
2026-03-26T13:07:12,l2/init1/convnext_small_l2_2_init1,l1_apgd_topk,0.05,2.0,255.0,random_restart_1,2,1.3168150544166566
2026-03-26T13:07:12,l2/init1/convnext_small_l2_2_init1,l1_apgd_topk,0.05,2.0,255.0,random_restart_1,3,1.4629063606262207
2026-03-26T13:07:12,l2/init1/convnext_small_l2_2_init1,l1_apgd_topk,0.05,2.0,255.0,random_restart_1,4,1.516250991821289
2026-03-26T13:07:12,l2/init1/convnext_small_l2_2_init1,l1_apgd_topk,0.05,2.0,255.0,random_restart_1,5,1.5386083602905274
2026-03-26T13:07:12,l2/init1/convnext_small_l2_2_init1,l1_apgd_topk,0.05,2.0,255.0,random_restart_1,6,1.550659441947937
2026-03-26T13:07:12,l2/init1/convnext_small_l2_2_init1,l1_apgd_topk,0.05,2.0,255.0,random_restart_1,7,1.5578173398971558
2026-03-26T13:07:12,l2/init1/convnext_small_l2_2_init1,l1_apgd_topk,0.05,2.0,255.0,random_restart_1,8,1.561629557609558
2026-03-26T13:07:12,l2/init1/convnext_small_l2_2_init1,l1_apgd_topk,0.05,2.0,255.0,random_restart_1,9,1.5639816522598267
2026-03-26T13:07:12,l2/init1/convnext_small_l2_2_init1,l1_apgd_topk,0.05,2.0,255.0,random_restart_1,10,1.5658823013305665
2026-03-26T13:07:24,l2/init1/convnext_small_l2_2_init1,l1_apgd_topk,0.05,2.0,255.0,random_restart_2,1,0.7628837466239929
2026-03-26T13:07:24,l2/init1/convnext_small_l2_2_init1,l1_apgd_topk,0.05,2.0,255.0,random_restart_2,2,1.3168577075004577
2026-03-26T13:07:24,l2/init1/convnext_small_l2_2_init1,l1_apgd_topk,0.05,2.0,255.0,random_restart_2,3,1.4628385782241822
2026-03-26T13:07:24,l2/init1/convnext_small_l2_2_init1,l1_apgd_topk,0.05,2.0,255.0,random_restart_2,4,1.5161523342132568
2026-03-26T13:07:24,l2/init1/convnext_small_l2_2_init1,l1_apgd_topk,0.05,2.0,255.0,random_restart_2,5,1.5384618282318114
2026-03-26T13:07:24,l2/init1/convnext_small_l2_2_init1,l1_apgd_topk,0.05,2.0,255.0,random_restart_2,6,1.5503196716308594
2026-03-26T13:07:24,l2/init1/convnext_small_l2_2_init1,l1_apgd_topk,0.05,2.0,255.0,random_restart_2,7,1.5574115753173827
2026-03-26T13:07:24,l2/init1/convnext_small_l2_2_init1,l1_apgd_topk,0.05,2.0,255.0,random_restart_2,8,1.561370849609375
2026-03-26T13:07:24,l2/init1/convnext_small_l2_2_init1,l1_apgd_topk,0.05,2.0,255.0,random_restart_2,9,1.563897395133972
2026-03-26T13:07:24,l2/init1/convnext_small_l2_2_init1,l1_apgd_topk,0.05,2.0,255.0,random_restart_2,10,1.5658071756362915
2026-03-26T13:07:36,l2/init1/convnext_small_l2_2_init1,l1_apgd_topk,0.05,2.0,255.0,random_restart_3,1,0.7629150390625
2026-03-26T13:07:36,l2/init1/convnext_small_l2_2_init1,l1_apgd_topk,0.05,2.0,255.0,random_restart_3,2,1.3167230367660523
2026-03-26T13:07:36,l2/init1/convnext_small_l2_2_init1,l1_apgd_topk,0.05,2.0,255.0,random_restart_3,3,1.4627412557601929
2026-03-26T13:07:36,l2/init1/convnext_small_l2_2_init1,l1_apgd_topk,0.05,2.0,255.0,random_restart_3,4,1.516046929359436
2026-03-26T13:07:36,l2/init1/convnext_small_l2_2_init1,l1_apgd_topk,0.05,2.0,255.0,random_restart_3,5,1.5384395837783813
2026-03-26T13:07:36,l2/init1/convnext_small_l2_2_init1,l1_apgd_topk,0.05,2.0,255.0,random_restart_3,6,1.550406813621521
2026-03-26T13:07:36,l2/init1/convnext_small_l2_2_init1,l1_apgd_topk,0.05,2.0,255.0,random_restart_3,7,1.557456135749817
2026-03-26T13:07:36,l2/init1/convnext_small_l2_2_init1,l1_apgd_topk,0.05,2.0,255.0,random_restart_3,8,1.5612906217575073
2026-03-26T13:07:36,l2/init1/convnext_small_l2_2_init1,l1_apgd_topk,0.05,2.0,255.0,random_restart_3,9,1.5637470006942749
2026-03-26T13:07:36,l2/init1/convnext_small_l2_2_init1,l1_apgd_topk,0.05,2.0,255.0,random_restart_3,10,1.5656312227249145
2026-03-26T13:07:47,l2/init1/convnext_small_l2_2_init1,l1_apgd_topk,0.1,2.0,255.0,deterministic,1,0.7629454612731934
2026-03-26T13:07:47,l2/init1/convnext_small_l2_2_init1,l1_apgd_topk,0.1,2.0,255.0,deterministic,2,1.18338782787323
2026-03-26T13:07:47,l2/init1/convnext_small_l2_2_init1,l1_apgd_topk,0.1,2.0,255.0,deterministic,3,1.2582062005996704
2026-03-26T13:07:47,l2/init1/convnext_small_l2_2_init1,l1_apgd_topk,0.1,2.0,255.0,deterministic,4,1.2771013498306274
2026-03-26T13:07:47,l2/init1/convnext_small_l2_2_init1,l1_apgd_topk,0.1,2.0,255.0,deterministic,5,1.2835134625434876
2026-03-26T13:07:47,l2/init1/convnext_small_l2_2_init1,l1_apgd_topk,0.1,2.0,255.0,deterministic,6,1.286437463760376
2026-03-26T13:07:47,l2/init1/convnext_small_l2_2_init1,l1_apgd_topk,0.1,2.0,255.0,deterministic,7,1.2880639553070068
2026-03-26T13:07:47,l2/init1/convnext_small_l2_2_init1,l1_apgd_topk,0.1,2.0,255.0,deterministic,8,1.2890398383140564
2026-03-26T13:07:47,l2/init1/convnext_small_l2_2_init1,l1_apgd_topk,0.1,2.0,255.0,deterministic,9,1.2896931886672973
2026-03-26T13:07:47,l2/init1/convnext_small_l2_2_init1,l1_apgd_topk,0.1,2.0,255.0,deterministic,10,1.290112519264221
2026-03-26T13:07:59,l2/init1/convnext_small_l2_2_init1,l1_apgd_topk,0.1,2.0,255.0,random_restart_1,1,0.7628625869750977
2026-03-26T13:07:59,l2/init1/convnext_small_l2_2_init1,l1_apgd_topk,0.1,2.0,255.0,random_restart_1,2,1.1832687973976135
2026-03-26T13:07:59,l2/init1/convnext_small_l2_2_init1,l1_apgd_topk,0.1,2.0,255.0,random_restart_1,3,1.2585167169570923
2026-03-26T13:07:59,l2/init1/convnext_small_l2_2_init1,l1_apgd_topk,0.1,2.0,255.0,random_restart_1,4,1.2770580649375916
2026-03-26T13:07:59,l2/init1/convnext_small_l2_2_init1,l1_apgd_topk,0.1,2.0,255.0,random_restart_1,5,1.283484411239624
2026-03-26T13:07:59,l2/init1/convnext_small_l2_2_init1,l1_apgd_topk,0.1,2.0,255.0,random_restart_1,6,1.2863495588302611
2026-03-26T13:07:59,l2/init1/convnext_small_l2_2_init1,l1_apgd_topk,0.1,2.0,255.0,random_restart_1,7,1.288024663925171
2026-03-26T13:07:59,l2/init1/convnext_small_l2_2_init1,l1_apgd_topk,0.1,2.0,255.0,random_restart_1,8,1.2889719367027284
2026-03-26T13:07:59,l2/init1/convnext_small_l2_2_init1,l1_apgd_topk,0.1,2.0,255.0,random_restart_1,9,1.289625918865204
2026-03-26T13:07:59,l2/init1/convnext_small_l2_2_init1,l1_apgd_topk,0.1,2.0,255.0,random_restart_1,10,1.2900640726089478
2026-03-26T13:08:11,l2/init1/convnext_small_l2_2_init1,l1_apgd_topk,0.1,2.0,255.0,random_restart_2,1,0.7628837466239929
2026-03-26T13:08:11,l2/init1/convnext_small_l2_2_init1,l1_apgd_topk,0.1,2.0,255.0,random_restart_2,2,1.1832256197929383
2026-03-26T13:08:11,l2/init1/convnext_small_l2_2_init1,l1_apgd_topk,0.1,2.0,255.0,random_restart_2,3,1.258468794822693
2026-03-26T13:08:11,l2/init1/convnext_small_l2_2_init1,l1_apgd_topk,0.1,2.0,255.0,random_restart_2,4,1.2770496726036071
2026-03-26T13:08:11,l2/init1/convnext_small_l2_2_init1,l1_apgd_topk,0.1,2.0,255.0,random_restart_2,5,1.2834458827972413
2026-03-26T13:08:11,l2/init1/convnext_small_l2_2_init1,l1_apgd_topk,0.1,2.0,255.0,random_restart_2,6,1.2863530158996581
2026-03-26T13:08:11,l2/init1/convnext_small_l2_2_init1,l1_apgd_topk,0.1,2.0,255.0,random_restart_2,7,1.287999415397644
2026-03-26T13:08:11,l2/init1/convnext_small_l2_2_init1,l1_apgd_topk,0.1,2.0,255.0,random_restart_2,8,1.2889711141586304
2026-03-26T13:08:11,l2/init1/convnext_small_l2_2_init1,l1_apgd_topk,0.1,2.0,255.0,random_restart_2,9,1.289612317085266
2026-03-26T13:08:11,l2/init1/convnext_small_l2_2_init1,l1_apgd_topk,0.1,2.0,255.0,random_restart_2,10,1.2900323033332826
2026-03-26T13:08:23,l2/init1/convnext_small_l2_2_init1,l1_apgd_topk,0.1,2.0,255.0,random_restart_3,1,0.7629150390625
2026-03-26T13:08:23,l2/init1/convnext_small_l2_2_init1,l1_apgd_topk,0.1,2.0,255.0,random_restart_3,2,1.1832371354103088
2026-03-26T13:08:23,l2/init1/convnext_small_l2_2_init1,l1_apgd_topk,0.1,2.0,255.0,random_restart_3,3,1.2584787845611571
2026-03-26T13:08:23,l2/init1/convnext_small_l2_2_init1,l1_apgd_topk,0.1,2.0,255.0,random_restart_3,4,1.2770391702651978
2026-03-26T13:08:23,l2/init1/convnext_small_l2_2_init1,l1_apgd_topk,0.1,2.0,255.0,random_restart_3,5,1.2834155440330506
2026-03-26T13:08:23,l2/init1/convnext_small_l2_2_init1,l1_apgd_topk,0.1,2.0,255.0,random_restart_3,6,1.2863369226455688
2026-03-26T13:08:23,l2/init1/convnext_small_l2_2_init1,l1_apgd_topk,0.1,2.0,255.0,random_restart_3,7,1.287933313846588
2026-03-26T13:08:23,l2/init1/convnext_small_l2_2_init1,l1_apgd_topk,0.1,2.0,255.0,random_restart_3,8,1.2889288902282714
2026-03-26T13:08:23,l2/init1/convnext_small_l2_2_init1,l1_apgd_topk,0.1,2.0,255.0,random_restart_3,9,1.289562213420868
2026-03-26T13:08:23,l2/init1/convnext_small_l2_2_init1,l1_apgd_topk,0.1,2.0,255.0,random_restart_3,10,1.2899872422218324
2026-03-26T13:08:35,l2/init1/convnext_small_l2_2_init1,fw_onehot,,2.0,255.0,deterministic,1,0.7629454612731934
2026-03-26T13:08:35,l2/init1/convnext_small_l2_2_init1,fw_onehot,,2.0,255.0,deterministic,2,0.765360426902771
2026-03-26T13:08:35,l2/init1/convnext_small_l2_2_init1,fw_onehot,,2.0,255.0,deterministic,3,0.7668377995491028
2026-03-26T13:08:35,l2/init1/convnext_small_l2_2_init1,fw_onehot,,2.0,255.0,deterministic,4,0.7677806377410888
2026-03-26T13:08:35,l2/init1/convnext_small_l2_2_init1,fw_onehot,,2.0,255.0,deterministic,5,0.7685741126537323
2026-03-26T13:08:35,l2/init1/convnext_small_l2_2_init1,fw_onehot,,2.0,255.0,deterministic,6,0.7690964043140411
2026-03-26T13:08:35,l2/init1/convnext_small_l2_2_init1,fw_onehot,,2.0,255.0,deterministic,7,0.7698777556419373
2026-03-26T13:08:35,l2/init1/convnext_small_l2_2_init1,fw_onehot,,2.0,255.0,deterministic,8,0.7703275740146637
2026-03-26T13:08:35,l2/init1/convnext_small_l2_2_init1,fw_onehot,,2.0,255.0,deterministic,9,0.7709575593471527
2026-03-26T13:08:35,l2/init1/convnext_small_l2_2_init1,fw_onehot,,2.0,255.0,deterministic,10,0.7713285505771637
2026-03-26T13:08:46,l2/init1/convnext_small_l2_2_init1,baseline_l2norm,,4.0,510.0,deterministic,1,0.7629454612731934
2026-03-26T13:08:46,l2/init1/convnext_small_l2_2_init1,baseline_l2norm,,4.0,510.0,deterministic,2,1.3278806567192079
2026-03-26T13:08:46,l2/init1/convnext_small_l2_2_init1,baseline_l2norm,,4.0,510.0,deterministic,3,1.4931676387786865
2026-03-26T13:08:46,l2/init1/convnext_small_l2_2_init1,baseline_l2norm,,4.0,510.0,deterministic,4,1.5835636615753175
2026-03-26T13:08:46,l2/init1/convnext_small_l2_2_init1,baseline_l2norm,,4.0,510.0,deterministic,5,1.6762387037277222
2026-03-26T13:08:46,l2/init1/convnext_small_l2_2_init1,baseline_l2norm,,4.0,510.0,deterministic,6,1.6843575477600097
2026-03-26T13:08:46,l2/init1/convnext_small_l2_2_init1,baseline_l2norm,,4.0,510.0,deterministic,7,1.751680064201355
2026-03-26T13:08:46,l2/init1/convnext_small_l2_2_init1,baseline_l2norm,,4.0,510.0,deterministic,8,1.7532630681991577
2026-03-26T13:08:46,l2/init1/convnext_small_l2_2_init1,baseline_l2norm,,4.0,510.0,deterministic,9,1.8055289268493653
2026-03-26T13:08:46,l2/init1/convnext_small_l2_2_init1,baseline_l2norm,,4.0,510.0,deterministic,10,1.779173159599304
2026-03-26T13:08:58,l2/init1/convnext_small_l2_2_init1,baseline_l2norm,,4.0,510.0,random_restart_1,1,0.7626405715942383
2026-03-26T13:08:58,l2/init1/convnext_small_l2_2_init1,baseline_l2norm,,4.0,510.0,random_restart_1,2,1.3290032148361206
2026-03-26T13:08:58,l2/init1/convnext_small_l2_2_init1,baseline_l2norm,,4.0,510.0,random_restart_1,3,1.4913589239120484
2026-03-26T13:08:58,l2/init1/convnext_small_l2_2_init1,baseline_l2norm,,4.0,510.0,random_restart_1,4,1.5834283828735352
2026-03-26T13:08:58,l2/init1/convnext_small_l2_2_init1,baseline_l2norm,,4.0,510.0,random_restart_1,5,1.6785719394683838
2026-03-26T13:08:58,l2/init1/convnext_small_l2_2_init1,baseline_l2norm,,4.0,510.0,random_restart_1,6,1.6829429149627686
2026-03-26T13:08:58,l2/init1/convnext_small_l2_2_init1,baseline_l2norm,,4.0,510.0,random_restart_1,7,1.7552968502044677
2026-03-26T13:08:58,l2/init1/convnext_small_l2_2_init1,baseline_l2norm,,4.0,510.0,random_restart_1,8,1.7429649829864502
2026-03-26T13:08:58,l2/init1/convnext_small_l2_2_init1,baseline_l2norm,,4.0,510.0,random_restart_1,9,1.807074213027954
2026-03-26T13:08:58,l2/init1/convnext_small_l2_2_init1,baseline_l2norm,,4.0,510.0,random_restart_1,10,1.7876446485519408
2026-03-26T13:09:10,l2/init1/convnext_small_l2_2_init1,baseline_l2norm,,4.0,510.0,random_restart_2,1,0.7626807749271393
2026-03-26T13:09:10,l2/init1/convnext_small_l2_2_init1,baseline_l2norm,,4.0,510.0,random_restart_2,2,1.3296152830123902
2026-03-26T13:09:10,l2/init1/convnext_small_l2_2_init1,baseline_l2norm,,4.0,510.0,random_restart_2,3,1.4942203044891358
2026-03-26T13:09:10,l2/init1/convnext_small_l2_2_init1,baseline_l2norm,,4.0,510.0,random_restart_2,4,1.5860638618469238
2026-03-26T13:09:10,l2/init1/convnext_small_l2_2_init1,baseline_l2norm,,4.0,510.0,random_restart_2,5,1.6818885803222656
2026-03-26T13:09:10,l2/init1/convnext_small_l2_2_init1,baseline_l2norm,,4.0,510.0,random_restart_2,6,1.6940645217895507
2026-03-26T13:09:10,l2/init1/convnext_small_l2_2_init1,baseline_l2norm,,4.0,510.0,random_restart_2,7,1.7635511875152587
2026-03-26T13:09:10,l2/init1/convnext_small_l2_2_init1,baseline_l2norm,,4.0,510.0,random_restart_2,8,1.7527095556259156
2026-03-26T13:09:10,l2/init1/convnext_small_l2_2_init1,baseline_l2norm,,4.0,510.0,random_restart_2,9,1.8011904954910278
2026-03-26T13:09:10,l2/init1/convnext_small_l2_2_init1,baseline_l2norm,,4.0,510.0,random_restart_2,10,1.7916863679885864
2026-03-26T13:09:22,l2/init1/convnext_small_l2_2_init1,baseline_l2norm,,4.0,510.0,random_restart_3,1,0.7627426743507385
2026-03-26T13:09:22,l2/init1/convnext_small_l2_2_init1,baseline_l2norm,,4.0,510.0,random_restart_3,2,1.3292441844940186
2026-03-26T13:09:22,l2/init1/convnext_small_l2_2_init1,baseline_l2norm,,4.0,510.0,random_restart_3,3,1.4931172370910644
2026-03-26T13:09:22,l2/init1/convnext_small_l2_2_init1,baseline_l2norm,,4.0,510.0,random_restart_3,4,1.5852966785430909
2026-03-26T13:09:22,l2/init1/convnext_small_l2_2_init1,baseline_l2norm,,4.0,510.0,random_restart_3,5,1.685781717300415
2026-03-26T13:09:22,l2/init1/convnext_small_l2_2_init1,baseline_l2norm,,4.0,510.0,random_restart_3,6,1.6873732328414917
2026-03-26T13:09:22,l2/init1/convnext_small_l2_2_init1,baseline_l2norm,,4.0,510.0,random_restart_3,7,1.7576685667037963
2026-03-26T13:09:22,l2/init1/convnext_small_l2_2_init1,baseline_l2norm,,4.0,510.0,random_restart_3,8,1.7518317461013795
2026-03-26T13:09:22,l2/init1/convnext_small_l2_2_init1,baseline_l2norm,,4.0,510.0,random_restart_3,9,1.8010695695877075
2026-03-26T13:09:22,l2/init1/convnext_small_l2_2_init1,baseline_l2norm,,4.0,510.0,random_restart_3,10,1.7835440397262574
2026-03-26T13:09:34,l2/init1/convnext_small_l2_2_init1,l1norm_step,,4.0,510.0,deterministic,1,0.7629454612731934
2026-03-26T13:09:34,l2/init1/convnext_small_l2_2_init1,l1norm_step,,4.0,510.0,deterministic,2,0.8722315311431885
2026-03-26T13:09:34,l2/init1/convnext_small_l2_2_init1,l1norm_step,,4.0,510.0,deterministic,3,0.9946938514709472
2026-03-26T13:09:34,l2/init1/convnext_small_l2_2_init1,l1norm_step,,4.0,510.0,deterministic,4,1.1285023927688598
2026-03-26T13:09:34,l2/init1/convnext_small_l2_2_init1,l1norm_step,,4.0,510.0,deterministic,5,1.2727079391479492
2026-03-26T13:09:34,l2/init1/convnext_small_l2_2_init1,l1norm_step,,4.0,510.0,deterministic,6,1.426955246925354
2026-03-26T13:09:34,l2/init1/convnext_small_l2_2_init1,l1norm_step,,4.0,510.0,deterministic,7,1.532942819595337
2026-03-26T13:09:34,l2/init1/convnext_small_l2_2_init1,l1norm_step,,4.0,510.0,deterministic,8,1.6299461603164673
2026-03-26T13:09:34,l2/init1/convnext_small_l2_2_init1,l1norm_step,,4.0,510.0,deterministic,9,1.721718144416809
2026-03-26T13:09:34,l2/init1/convnext_small_l2_2_init1,l1norm_step,,4.0,510.0,deterministic,10,1.8085273504257202
2026-03-26T13:09:45,l2/init1/convnext_small_l2_2_init1,l1norm_step,,4.0,510.0,random_restart_1,1,0.7626405715942383
2026-03-26T13:09:45,l2/init1/convnext_small_l2_2_init1,l1norm_step,,4.0,510.0,random_restart_1,2,0.8706293106079102
2026-03-26T13:09:45,l2/init1/convnext_small_l2_2_init1,l1norm_step,,4.0,510.0,random_restart_1,3,0.9852820038795471
2026-03-26T13:09:45,l2/init1/convnext_small_l2_2_init1,l1norm_step,,4.0,510.0,random_restart_1,4,1.101528561115265
2026-03-26T13:09:45,l2/init1/convnext_small_l2_2_init1,l1norm_step,,4.0,510.0,random_restart_1,5,1.2166582942008972
2026-03-26T13:09:45,l2/init1/convnext_small_l2_2_init1,l1norm_step,,4.0,510.0,random_restart_1,6,1.329306972026825
2026-03-26T13:09:45,l2/init1/convnext_small_l2_2_init1,l1norm_step,,4.0,510.0,random_restart_1,7,1.4386157512664794
2026-03-26T13:09:45,l2/init1/convnext_small_l2_2_init1,l1norm_step,,4.0,510.0,random_restart_1,8,1.5441911458969115
2026-03-26T13:09:45,l2/init1/convnext_small_l2_2_init1,l1norm_step,,4.0,510.0,random_restart_1,9,1.6456172943115235
2026-03-26T13:09:45,l2/init1/convnext_small_l2_2_init1,l1norm_step,,4.0,510.0,random_restart_1,10,1.7420914888381958
2026-03-26T13:09:57,l2/init1/convnext_small_l2_2_init1,l1norm_step,,4.0,510.0,random_restart_2,1,0.7626807749271393
2026-03-26T13:09:57,l2/init1/convnext_small_l2_2_init1,l1norm_step,,4.0,510.0,random_restart_2,2,0.870639967918396
2026-03-26T13:09:57,l2/init1/convnext_small_l2_2_init1,l1norm_step,,4.0,510.0,random_restart_2,3,0.9852552533149719
2026-03-26T13:09:57,l2/init1/convnext_small_l2_2_init1,l1norm_step,,4.0,510.0,random_restart_2,4,1.1015060901641847
2026-03-26T13:09:57,l2/init1/convnext_small_l2_2_init1,l1norm_step,,4.0,510.0,random_restart_2,5,1.216681671142578
2026-03-26T13:09:57,l2/init1/convnext_small_l2_2_init1,l1norm_step,,4.0,510.0,random_restart_2,6,1.3293986320495605
2026-03-26T13:09:57,l2/init1/convnext_small_l2_2_init1,l1norm_step,,4.0,510.0,random_restart_2,7,1.4387974739074707
2026-03-26T13:09:57,l2/init1/convnext_small_l2_2_init1,l1norm_step,,4.0,510.0,random_restart_2,8,1.5444500684738158
2026-03-26T13:09:57,l2/init1/convnext_small_l2_2_init1,l1norm_step,,4.0,510.0,random_restart_2,9,1.6459136009216309
2026-03-26T13:09:57,l2/init1/convnext_small_l2_2_init1,l1norm_step,,4.0,510.0,random_restart_2,10,1.742388868331909
2026-03-26T13:10:09,l2/init1/convnext_small_l2_2_init1,l1norm_step,,4.0,510.0,random_restart_3,1,0.7627426743507385
2026-03-26T13:10:09,l2/init1/convnext_small_l2_2_init1,l1norm_step,,4.0,510.0,random_restart_3,2,0.8707597970962524
2026-03-26T13:10:09,l2/init1/convnext_small_l2_2_init1,l1norm_step,,4.0,510.0,random_restart_3,3,0.9854082942008973
2026-03-26T13:10:09,l2/init1/convnext_small_l2_2_init1,l1norm_step,,4.0,510.0,random_restart_3,4,1.1016526460647582
2026-03-26T13:10:09,l2/init1/convnext_small_l2_2_init1,l1norm_step,,4.0,510.0,random_restart_3,5,1.2167581081390382
2026-03-26T13:10:09,l2/init1/convnext_small_l2_2_init1,l1norm_step,,4.0,510.0,random_restart_3,6,1.3293879985809327
2026-03-26T13:10:09,l2/init1/convnext_small_l2_2_init1,l1norm_step,,4.0,510.0,random_restart_3,7,1.4386867523193358
2026-03-26T13:10:09,l2/init1/convnext_small_l2_2_init1,l1norm_step,,4.0,510.0,random_restart_3,8,1.5442636966705323
2026-03-26T13:10:09,l2/init1/convnext_small_l2_2_init1,l1norm_step,,4.0,510.0,random_restart_3,9,1.6456924200057983
2026-03-26T13:10:09,l2/init1/convnext_small_l2_2_init1,l1norm_step,,4.0,510.0,random_restart_3,10,1.7421419858932494
2026-03-26T13:10:21,l2/init1/convnext_small_l2_2_init1,raw_grad_step,,4.0,510.0,deterministic,1,0.7629454612731934
2026-03-26T13:10:21,l2/init1/convnext_small_l2_2_init1,raw_grad_step,,4.0,510.0,deterministic,2,0.9806681752204895
2026-03-26T13:10:21,l2/init1/convnext_small_l2_2_init1,raw_grad_step,,4.0,510.0,deterministic,3,1.18546302318573
2026-03-26T13:10:21,l2/init1/convnext_small_l2_2_init1,raw_grad_step,,4.0,510.0,deterministic,4,1.359810996055603
2026-03-26T13:10:21,l2/init1/convnext_small_l2_2_init1,raw_grad_step,,4.0,510.0,deterministic,5,1.5176559448242188
2026-03-26T13:10:21,l2/init1/convnext_small_l2_2_init1,raw_grad_step,,4.0,510.0,deterministic,6,1.6629762649536133
2026-03-26T13:10:21,l2/init1/convnext_small_l2_2_init1,raw_grad_step,,4.0,510.0,deterministic,7,1.789971661567688
2026-03-26T13:10:21,l2/init1/convnext_small_l2_2_init1,raw_grad_step,,4.0,510.0,deterministic,8,1.9001873970031737
2026-03-26T13:10:21,l2/init1/convnext_small_l2_2_init1,raw_grad_step,,4.0,510.0,deterministic,9,2.0010863542556763
2026-03-26T13:10:21,l2/init1/convnext_small_l2_2_init1,raw_grad_step,,4.0,510.0,deterministic,10,2.097368097305298
2026-03-26T13:10:33,l2/init1/convnext_small_l2_2_init1,raw_grad_step,,4.0,510.0,random_restart_1,1,0.7626405715942383
2026-03-26T13:10:33,l2/init1/convnext_small_l2_2_init1,raw_grad_step,,4.0,510.0,random_restart_1,2,0.9659598708152771
2026-03-26T13:10:33,l2/init1/convnext_small_l2_2_init1,raw_grad_step,,4.0,510.0,random_restart_1,3,1.151008141040802
2026-03-26T13:10:33,l2/init1/convnext_small_l2_2_init1,raw_grad_step,,4.0,510.0,random_restart_1,4,1.3225438117980957
2026-03-26T13:10:33,l2/init1/convnext_small_l2_2_init1,raw_grad_step,,4.0,510.0,random_restart_1,5,1.4764590501785277
2026-03-26T13:10:33,l2/init1/convnext_small_l2_2_init1,raw_grad_step,,4.0,510.0,random_restart_1,6,1.6209421396255492
2026-03-26T13:10:33,l2/init1/convnext_small_l2_2_init1,raw_grad_step,,4.0,510.0,random_restart_1,7,1.7529828786849975
2026-03-26T13:10:33,l2/init1/convnext_small_l2_2_init1,raw_grad_step,,4.0,510.0,random_restart_1,8,1.8643532752990724
2026-03-26T13:10:33,l2/init1/convnext_small_l2_2_init1,raw_grad_step,,4.0,510.0,random_restart_1,9,1.9649943590164185
2026-03-26T13:10:33,l2/init1/convnext_small_l2_2_init1,raw_grad_step,,4.0,510.0,random_restart_1,10,2.0593083620071413
2026-03-26T13:10:44,l2/init1/convnext_small_l2_2_init1,raw_grad_step,,4.0,510.0,random_restart_2,1,0.7626807749271393
2026-03-26T13:10:44,l2/init1/convnext_small_l2_2_init1,raw_grad_step,,4.0,510.0,random_restart_2,2,0.9659149408340454
2026-03-26T13:10:44,l2/init1/convnext_small_l2_2_init1,raw_grad_step,,4.0,510.0,random_restart_2,3,1.151101016998291
2026-03-26T13:10:44,l2/init1/convnext_small_l2_2_init1,raw_grad_step,,4.0,510.0,random_restart_2,4,1.3225855588912965
2026-03-26T13:10:44,l2/init1/convnext_small_l2_2_init1,raw_grad_step,,4.0,510.0,random_restart_2,5,1.4767536163330077
2026-03-26T13:10:44,l2/init1/convnext_small_l2_2_init1,raw_grad_step,,4.0,510.0,random_restart_2,6,1.6221732139587401
2026-03-26T13:10:44,l2/init1/convnext_small_l2_2_init1,raw_grad_step,,4.0,510.0,random_restart_2,7,1.753165078163147
2026-03-26T13:10:44,l2/init1/convnext_small_l2_2_init1,raw_grad_step,,4.0,510.0,random_restart_2,8,1.8642973184585572
2026-03-26T13:10:44,l2/init1/convnext_small_l2_2_init1,raw_grad_step,,4.0,510.0,random_restart_2,9,1.9646772861480712
2026-03-26T13:10:44,l2/init1/convnext_small_l2_2_init1,raw_grad_step,,4.0,510.0,random_restart_2,10,2.0589246273040773
2026-03-26T13:10:56,l2/init1/convnext_small_l2_2_init1,raw_grad_step,,4.0,510.0,random_restart_3,1,0.7627426743507385
2026-03-26T13:10:56,l2/init1/convnext_small_l2_2_init1,raw_grad_step,,4.0,510.0,random_restart_3,2,0.966230034828186
2026-03-26T13:10:56,l2/init1/convnext_small_l2_2_init1,raw_grad_step,,4.0,510.0,random_restart_3,3,1.1513061761856078
2026-03-26T13:10:56,l2/init1/convnext_small_l2_2_init1,raw_grad_step,,4.0,510.0,random_restart_3,4,1.3227788805961609
2026-03-26T13:10:56,l2/init1/convnext_small_l2_2_init1,raw_grad_step,,4.0,510.0,random_restart_3,5,1.476721501350403
2026-03-26T13:10:56,l2/init1/convnext_small_l2_2_init1,raw_grad_step,,4.0,510.0,random_restart_3,6,1.6212137937545776
2026-03-26T13:10:56,l2/init1/convnext_small_l2_2_init1,raw_grad_step,,4.0,510.0,random_restart_3,7,1.753148341178894
2026-03-26T13:10:56,l2/init1/convnext_small_l2_2_init1,raw_grad_step,,4.0,510.0,random_restart_3,8,1.864263916015625
2026-03-26T13:10:56,l2/init1/convnext_small_l2_2_init1,raw_grad_step,,4.0,510.0,random_restart_3,9,1.9645089387893677
2026-03-26T13:10:56,l2/init1/convnext_small_l2_2_init1,raw_grad_step,,4.0,510.0,random_restart_3,10,2.0586613178253175
2026-03-26T13:11:08,l2/init1/convnext_small_l2_2_init1,l1_apgd_topk,0.01,4.0,510.0,deterministic,1,0.7629454612731934
2026-03-26T13:11:08,l2/init1/convnext_small_l2_2_init1,l1_apgd_topk,0.01,4.0,510.0,deterministic,2,1.5880635499954223
2026-03-26T13:11:08,l2/init1/convnext_small_l2_2_init1,l1_apgd_topk,0.01,4.0,510.0,deterministic,3,1.9197611331939697
2026-03-26T13:11:08,l2/init1/convnext_small_l2_2_init1,l1_apgd_topk,0.01,4.0,510.0,deterministic,4,2.2682114601135255
2026-03-26T13:11:08,l2/init1/convnext_small_l2_2_init1,l1_apgd_topk,0.01,4.0,510.0,deterministic,5,2.392654228210449
2026-03-26T13:11:08,l2/init1/convnext_small_l2_2_init1,l1_apgd_topk,0.01,4.0,510.0,deterministic,6,2.566849184036255
2026-03-26T13:11:08,l2/init1/convnext_small_l2_2_init1,l1_apgd_topk,0.01,4.0,510.0,deterministic,7,2.619104242324829
2026-03-26T13:11:08,l2/init1/convnext_small_l2_2_init1,l1_apgd_topk,0.01,4.0,510.0,deterministic,8,2.780611038208008
2026-03-26T13:11:08,l2/init1/convnext_small_l2_2_init1,l1_apgd_topk,0.01,4.0,510.0,deterministic,9,2.7685432910919188
2026-03-26T13:11:08,l2/init1/convnext_small_l2_2_init1,l1_apgd_topk,0.01,4.0,510.0,deterministic,10,2.8961663246154785
2026-03-26T13:11:20,l2/init1/convnext_small_l2_2_init1,l1_apgd_topk,0.01,4.0,510.0,random_restart_1,1,0.7626405715942383
2026-03-26T13:11:20,l2/init1/convnext_small_l2_2_init1,l1_apgd_topk,0.01,4.0,510.0,random_restart_1,2,1.5888550996780395
2026-03-26T13:11:20,l2/init1/convnext_small_l2_2_init1,l1_apgd_topk,0.01,4.0,510.0,random_restart_1,3,1.9242286682128906
2026-03-26T13:11:20,l2/init1/convnext_small_l2_2_init1,l1_apgd_topk,0.01,4.0,510.0,random_restart_1,4,2.2687509298324584
2026-03-26T13:11:20,l2/init1/convnext_small_l2_2_init1,l1_apgd_topk,0.01,4.0,510.0,random_restart_1,5,2.404916858673096
2026-03-26T13:11:20,l2/init1/convnext_small_l2_2_init1,l1_apgd_topk,0.01,4.0,510.0,random_restart_1,6,2.582072114944458
2026-03-26T13:11:20,l2/init1/convnext_small_l2_2_init1,l1_apgd_topk,0.01,4.0,510.0,random_restart_1,7,2.619137144088745
2026-03-26T13:11:20,l2/init1/convnext_small_l2_2_init1,l1_apgd_topk,0.01,4.0,510.0,random_restart_1,8,2.756133031845093
2026-03-26T13:11:20,l2/init1/convnext_small_l2_2_init1,l1_apgd_topk,0.01,4.0,510.0,random_restart_1,9,2.7743229389190676
2026-03-26T13:11:20,l2/init1/convnext_small_l2_2_init1,l1_apgd_topk,0.01,4.0,510.0,random_restart_1,10,2.91857795715332
2026-03-26T13:11:32,l2/init1/convnext_small_l2_2_init1,l1_apgd_topk,0.01,4.0,510.0,random_restart_2,1,0.7626807749271393
2026-03-26T13:11:32,l2/init1/convnext_small_l2_2_init1,l1_apgd_topk,0.01,4.0,510.0,random_restart_2,2,1.5885711431503295
2026-03-26T13:11:32,l2/init1/convnext_small_l2_2_init1,l1_apgd_topk,0.01,4.0,510.0,random_restart_2,3,1.9223252058029174
2026-03-26T13:11:32,l2/init1/convnext_small_l2_2_init1,l1_apgd_topk,0.01,4.0,510.0,random_restart_2,4,2.262046790122986
2026-03-26T13:11:32,l2/init1/convnext_small_l2_2_init1,l1_apgd_topk,0.01,4.0,510.0,random_restart_2,5,2.3952820777893065
2026-03-26T13:11:32,l2/init1/convnext_small_l2_2_init1,l1_apgd_topk,0.01,4.0,510.0,random_restart_2,6,2.5570077419281008
2026-03-26T13:11:32,l2/init1/convnext_small_l2_2_init1,l1_apgd_topk,0.01,4.0,510.0,random_restart_2,7,2.635433387756348
2026-03-26T13:11:32,l2/init1/convnext_small_l2_2_init1,l1_apgd_topk,0.01,4.0,510.0,random_restart_2,8,2.772600507736206
2026-03-26T13:11:32,l2/init1/convnext_small_l2_2_init1,l1_apgd_topk,0.01,4.0,510.0,random_restart_2,9,2.808006191253662
2026-03-26T13:11:32,l2/init1/convnext_small_l2_2_init1,l1_apgd_topk,0.01,4.0,510.0,random_restart_2,10,2.902641201019287
2026-03-26T13:11:44,l2/init1/convnext_small_l2_2_init1,l1_apgd_topk,0.01,4.0,510.0,random_restart_3,1,0.7627426743507385
2026-03-26T13:11:44,l2/init1/convnext_small_l2_2_init1,l1_apgd_topk,0.01,4.0,510.0,random_restart_3,2,1.5895065069198608
2026-03-26T13:11:44,l2/init1/convnext_small_l2_2_init1,l1_apgd_topk,0.01,4.0,510.0,random_restart_3,3,1.9193377256393434
2026-03-26T13:11:44,l2/init1/convnext_small_l2_2_init1,l1_apgd_topk,0.01,4.0,510.0,random_restart_3,4,2.2687321662902833
2026-03-26T13:11:44,l2/init1/convnext_small_l2_2_init1,l1_apgd_topk,0.01,4.0,510.0,random_restart_3,5,2.4048826932907104
2026-03-26T13:11:44,l2/init1/convnext_small_l2_2_init1,l1_apgd_topk,0.01,4.0,510.0,random_restart_3,6,2.5847382068634035
2026-03-26T13:11:44,l2/init1/convnext_small_l2_2_init1,l1_apgd_topk,0.01,4.0,510.0,random_restart_3,7,2.647904062271118
2026-03-26T13:11:44,l2/init1/convnext_small_l2_2_init1,l1_apgd_topk,0.01,4.0,510.0,random_restart_3,8,2.7866657257080076
2026-03-26T13:11:44,l2/init1/convnext_small_l2_2_init1,l1_apgd_topk,0.01,4.0,510.0,random_restart_3,9,2.770500898361206
2026-03-26T13:11:44,l2/init1/convnext_small_l2_2_init1,l1_apgd_topk,0.01,4.0,510.0,random_restart_3,10,2.8741687297821046
2026-03-26T13:11:55,l2/init1/convnext_small_l2_2_init1,l1_apgd_topk,0.05,4.0,510.0,deterministic,1,0.7629454612731934
2026-03-26T13:11:55,l2/init1/convnext_small_l2_2_init1,l1_apgd_topk,0.05,4.0,510.0,deterministic,2,1.8217122077941894
2026-03-26T13:11:55,l2/init1/convnext_small_l2_2_init1,l1_apgd_topk,0.05,4.0,510.0,deterministic,3,2.37622754573822
2026-03-26T13:11:55,l2/init1/convnext_small_l2_2_init1,l1_apgd_topk,0.05,4.0,510.0,deterministic,4,2.7058104991912844
2026-03-26T13:11:55,l2/init1/convnext_small_l2_2_init1,l1_apgd_topk,0.05,4.0,510.0,deterministic,5,2.9254063606262206
2026-03-26T13:11:55,l2/init1/convnext_small_l2_2_init1,l1_apgd_topk,0.05,4.0,510.0,deterministic,6,3.0715011596679687
2026-03-26T13:11:55,l2/init1/convnext_small_l2_2_init1,l1_apgd_topk,0.05,4.0,510.0,deterministic,7,3.1710468769073485
2026-03-26T13:11:55,l2/init1/convnext_small_l2_2_init1,l1_apgd_topk,0.05,4.0,510.0,deterministic,8,3.2393542766571044
2026-03-26T13:11:55,l2/init1/convnext_small_l2_2_init1,l1_apgd_topk,0.05,4.0,510.0,deterministic,9,3.2898483753204344
2026-03-26T13:11:55,l2/init1/convnext_small_l2_2_init1,l1_apgd_topk,0.05,4.0,510.0,deterministic,10,3.327365016937256
2026-03-26T13:12:07,l2/init1/convnext_small_l2_2_init1,l1_apgd_topk,0.05,4.0,510.0,random_restart_1,1,0.7626405715942383
2026-03-26T13:12:07,l2/init1/convnext_small_l2_2_init1,l1_apgd_topk,0.05,4.0,510.0,random_restart_1,2,1.8219884872436523
2026-03-26T13:12:07,l2/init1/convnext_small_l2_2_init1,l1_apgd_topk,0.05,4.0,510.0,random_restart_1,3,2.3770402908325194
2026-03-26T13:12:07,l2/init1/convnext_small_l2_2_init1,l1_apgd_topk,0.05,4.0,510.0,random_restart_1,4,2.706515407562256
2026-03-26T13:12:07,l2/init1/convnext_small_l2_2_init1,l1_apgd_topk,0.05,4.0,510.0,random_restart_1,5,2.92490611076355
2026-03-26T13:12:07,l2/init1/convnext_small_l2_2_init1,l1_apgd_topk,0.05,4.0,510.0,random_restart_1,6,3.0700415134429933
2026-03-26T13:12:07,l2/init1/convnext_small_l2_2_init1,l1_apgd_topk,0.05,4.0,510.0,random_restart_1,7,3.1693252086639405
2026-03-26T13:12:07,l2/init1/convnext_small_l2_2_init1,l1_apgd_topk,0.05,4.0,510.0,random_restart_1,8,3.2388579845428467
2026-03-26T13:12:07,l2/init1/convnext_small_l2_2_init1,l1_apgd_topk,0.05,4.0,510.0,random_restart_1,9,3.289559316635132
2026-03-26T13:12:07,l2/init1/convnext_small_l2_2_init1,l1_apgd_topk,0.05,4.0,510.0,random_restart_1,10,3.3265575408935546
2026-03-26T13:12:19,l2/init1/convnext_small_l2_2_init1,l1_apgd_topk,0.05,4.0,510.0,random_restart_2,1,0.7626807749271393
2026-03-26T13:12:19,l2/init1/convnext_small_l2_2_init1,l1_apgd_topk,0.05,4.0,510.0,random_restart_2,2,1.8223100185394288
2026-03-26T13:12:19,l2/init1/convnext_small_l2_2_init1,l1_apgd_topk,0.05,4.0,510.0,random_restart_2,3,2.3769957780838014
2026-03-26T13:12:19,l2/init1/convnext_small_l2_2_init1,l1_apgd_topk,0.05,4.0,510.0,random_restart_2,4,2.7069794654846193
2026-03-26T13:12:19,l2/init1/convnext_small_l2_2_init1,l1_apgd_topk,0.05,4.0,510.0,random_restart_2,5,2.925474262237549
2026-03-26T13:12:19,l2/init1/convnext_small_l2_2_init1,l1_apgd_topk,0.05,4.0,510.0,random_restart_2,6,3.069908285140991
2026-03-26T13:12:19,l2/init1/convnext_small_l2_2_init1,l1_apgd_topk,0.05,4.0,510.0,random_restart_2,7,3.169419860839844
2026-03-26T13:12:19,l2/init1/convnext_small_l2_2_init1,l1_apgd_topk,0.05,4.0,510.0,random_restart_2,8,3.2393431663513184
2026-03-26T13:12:19,l2/init1/convnext_small_l2_2_init1,l1_apgd_topk,0.05,4.0,510.0,random_restart_2,9,3.290256690979004
2026-03-26T13:12:19,l2/init1/convnext_small_l2_2_init1,l1_apgd_topk,0.05,4.0,510.0,random_restart_2,10,3.3272916316986083
2026-03-26T13:12:31,l2/init1/convnext_small_l2_2_init1,l1_apgd_topk,0.05,4.0,510.0,random_restart_3,1,0.7627426743507385
2026-03-26T13:12:31,l2/init1/convnext_small_l2_2_init1,l1_apgd_topk,0.05,4.0,510.0,random_restart_3,2,1.8219255208969116
2026-03-26T13:12:31,l2/init1/convnext_small_l2_2_init1,l1_apgd_topk,0.05,4.0,510.0,random_restart_3,3,2.376826310157776
2026-03-26T13:12:31,l2/init1/convnext_small_l2_2_init1,l1_apgd_topk,0.05,4.0,510.0,random_restart_3,4,2.706906270980835
2026-03-26T13:12:31,l2/init1/convnext_small_l2_2_init1,l1_apgd_topk,0.05,4.0,510.0,random_restart_3,5,2.9269112586975097
2026-03-26T13:12:31,l2/init1/convnext_small_l2_2_init1,l1_apgd_topk,0.05,4.0,510.0,random_restart_3,6,3.071580505371094
2026-03-26T13:12:31,l2/init1/convnext_small_l2_2_init1,l1_apgd_topk,0.05,4.0,510.0,random_restart_3,7,3.170206356048584
2026-03-26T13:12:31,l2/init1/convnext_small_l2_2_init1,l1_apgd_topk,0.05,4.0,510.0,random_restart_3,8,3.2391865730285643
2026-03-26T13:12:31,l2/init1/convnext_small_l2_2_init1,l1_apgd_topk,0.05,4.0,510.0,random_restart_3,9,3.2890796184539797
2026-03-26T13:12:31,l2/init1/convnext_small_l2_2_init1,l1_apgd_topk,0.05,4.0,510.0,random_restart_3,10,3.3263481140136717
2026-03-26T13:12:43,l2/init1/convnext_small_l2_2_init1,l1_apgd_topk,0.1,4.0,510.0,deterministic,1,0.7629454612731934
2026-03-26T13:12:43,l2/init1/convnext_small_l2_2_init1,l1_apgd_topk,0.1,4.0,510.0,deterministic,2,1.6301585674285888
2026-03-26T13:12:43,l2/init1/convnext_small_l2_2_init1,l1_apgd_topk,0.1,4.0,510.0,deterministic,3,1.9789758920669556
2026-03-26T13:12:43,l2/init1/convnext_small_l2_2_init1,l1_apgd_topk,0.1,4.0,510.0,deterministic,4,2.12833776473999
2026-03-26T13:12:43,l2/init1/convnext_small_l2_2_init1,l1_apgd_topk,0.1,4.0,510.0,deterministic,5,2.2027268171310426
2026-03-26T13:12:43,l2/init1/convnext_small_l2_2_init1,l1_apgd_topk,0.1,4.0,510.0,deterministic,6,2.242516207695007
2026-03-26T13:12:43,l2/init1/convnext_small_l2_2_init1,l1_apgd_topk,0.1,4.0,510.0,deterministic,7,2.267474412918091
2026-03-26T13:12:43,l2/init1/convnext_small_l2_2_init1,l1_apgd_topk,0.1,4.0,510.0,deterministic,8,2.2834375381469725
2026-03-26T13:12:43,l2/init1/convnext_small_l2_2_init1,l1_apgd_topk,0.1,4.0,510.0,deterministic,9,2.294576072692871
2026-03-26T13:12:43,l2/init1/convnext_small_l2_2_init1,l1_apgd_topk,0.1,4.0,510.0,deterministic,10,2.3021156072616575
2026-03-26T13:12:55,l2/init1/convnext_small_l2_2_init1,l1_apgd_topk,0.1,4.0,510.0,random_restart_1,1,0.7626405715942383
2026-03-26T13:12:55,l2/init1/convnext_small_l2_2_init1,l1_apgd_topk,0.1,4.0,510.0,random_restart_1,2,1.629930019378662
2026-03-26T13:12:55,l2/init1/convnext_small_l2_2_init1,l1_apgd_topk,0.1,4.0,510.0,random_restart_1,3,1.9790038585662841
2026-03-26T13:12:55,l2/init1/convnext_small_l2_2_init1,l1_apgd_topk,0.1,4.0,510.0,random_restart_1,4,2.127682828903198
2026-03-26T13:12:55,l2/init1/convnext_small_l2_2_init1,l1_apgd_topk,0.1,4.0,510.0,random_restart_1,5,2.2017388105392457
2026-03-26T13:12:55,l2/init1/convnext_small_l2_2_init1,l1_apgd_topk,0.1,4.0,510.0,random_restart_1,6,2.241601061820984
2026-03-26T13:12:55,l2/init1/convnext_small_l2_2_init1,l1_apgd_topk,0.1,4.0,510.0,random_restart_1,7,2.2661932468414308
2026-03-26T13:12:55,l2/init1/convnext_small_l2_2_init1,l1_apgd_topk,0.1,4.0,510.0,random_restart_1,8,2.282180571556091
2026-03-26T13:12:55,l2/init1/convnext_small_l2_2_init1,l1_apgd_topk,0.1,4.0,510.0,random_restart_1,9,2.2931756734848023
2026-03-26T13:12:55,l2/init1/convnext_small_l2_2_init1,l1_apgd_topk,0.1,4.0,510.0,random_restart_1,10,2.3008368015289307
2026-03-26T13:13:06,l2/init1/convnext_small_l2_2_init1,l1_apgd_topk,0.1,4.0,510.0,random_restart_2,1,0.7626807749271393
2026-03-26T13:13:06,l2/init1/convnext_small_l2_2_init1,l1_apgd_topk,0.1,4.0,510.0,random_restart_2,2,1.6299642324447632
2026-03-26T13:13:06,l2/init1/convnext_small_l2_2_init1,l1_apgd_topk,0.1,4.0,510.0,random_restart_2,3,1.979123854637146
2026-03-26T13:13:06,l2/init1/convnext_small_l2_2_init1,l1_apgd_topk,0.1,4.0,510.0,random_restart_2,4,2.128031921386719
2026-03-26T13:13:06,l2/init1/convnext_small_l2_2_init1,l1_apgd_topk,0.1,4.0,510.0,random_restart_2,5,2.2019146203994753
2026-03-26T13:13:06,l2/init1/convnext_small_l2_2_init1,l1_apgd_topk,0.1,4.0,510.0,random_restart_2,6,2.2420403957366943
2026-03-26T13:13:06,l2/init1/convnext_small_l2_2_init1,l1_apgd_topk,0.1,4.0,510.0,random_restart_2,7,2.2669673919677735
2026-03-26T13:13:06,l2/init1/convnext_small_l2_2_init1,l1_apgd_topk,0.1,4.0,510.0,random_restart_2,8,2.2830955505371096
2026-03-26T13:13:06,l2/init1/convnext_small_l2_2_init1,l1_apgd_topk,0.1,4.0,510.0,random_restart_2,9,2.294034004211426
2026-03-26T13:13:06,l2/init1/convnext_small_l2_2_init1,l1_apgd_topk,0.1,4.0,510.0,random_restart_2,10,2.3015587091445924
2026-03-26T13:13:18,l2/init1/convnext_small_l2_2_init1,l1_apgd_topk,0.1,4.0,510.0,random_restart_3,1,0.7627426743507385
2026-03-26T13:13:18,l2/init1/convnext_small_l2_2_init1,l1_apgd_topk,0.1,4.0,510.0,random_restart_3,2,1.6298081159591675
2026-03-26T13:13:18,l2/init1/convnext_small_l2_2_init1,l1_apgd_topk,0.1,4.0,510.0,random_restart_3,3,1.9788081884384154
2026-03-26T13:13:18,l2/init1/convnext_small_l2_2_init1,l1_apgd_topk,0.1,4.0,510.0,random_restart_3,4,2.127671003341675
2026-03-26T13:13:18,l2/init1/convnext_small_l2_2_init1,l1_apgd_topk,0.1,4.0,510.0,random_restart_3,5,2.2015448570251466
2026-03-26T13:13:18,l2/init1/convnext_small_l2_2_init1,l1_apgd_topk,0.1,4.0,510.0,random_restart_3,6,2.241392493247986
2026-03-26T13:13:18,l2/init1/convnext_small_l2_2_init1,l1_apgd_topk,0.1,4.0,510.0,random_restart_3,7,2.2662099599838257
2026-03-26T13:13:18,l2/init1/convnext_small_l2_2_init1,l1_apgd_topk,0.1,4.0,510.0,random_restart_3,8,2.2821651458740235
2026-03-26T13:13:18,l2/init1/convnext_small_l2_2_init1,l1_apgd_topk,0.1,4.0,510.0,random_restart_3,9,2.2931946754455566
2026-03-26T13:13:18,l2/init1/convnext_small_l2_2_init1,l1_apgd_topk,0.1,4.0,510.0,random_restart_3,10,2.300844597816467
2026-03-26T13:13:30,l2/init1/convnext_small_l2_2_init1,fw_onehot,,4.0,510.0,deterministic,1,0.7629454612731934
2026-03-26T13:13:30,l2/init1/convnext_small_l2_2_init1,fw_onehot,,4.0,510.0,deterministic,2,0.765360426902771
2026-03-26T13:13:30,l2/init1/convnext_small_l2_2_init1,fw_onehot,,4.0,510.0,deterministic,3,0.7668377995491028
2026-03-26T13:13:30,l2/init1/convnext_small_l2_2_init1,fw_onehot,,4.0,510.0,deterministic,4,0.7677806377410888
2026-03-26T13:13:30,l2/init1/convnext_small_l2_2_init1,fw_onehot,,4.0,510.0,deterministic,5,0.7685741126537323
2026-03-26T13:13:30,l2/init1/convnext_small_l2_2_init1,fw_onehot,,4.0,510.0,deterministic,6,0.7690964043140411
2026-03-26T13:13:30,l2/init1/convnext_small_l2_2_init1,fw_onehot,,4.0,510.0,deterministic,7,0.7698777556419373
2026-03-26T13:13:30,l2/init1/convnext_small_l2_2_init1,fw_onehot,,4.0,510.0,deterministic,8,0.7703275740146637
2026-03-26T13:13:30,l2/init1/convnext_small_l2_2_init1,fw_onehot,,4.0,510.0,deterministic,9,0.7709575593471527
2026-03-26T13:13:30,l2/init1/convnext_small_l2_2_init1,fw_onehot,,4.0,510.0,deterministic,10,0.7713285505771637
2026-03-26T13:13:42,l2/init1/convnext_small_l2_2_init1,baseline_l2norm,,8.0,1020.0,deterministic,1,0.7629454612731934
2026-03-26T13:13:42,l2/init1/convnext_small_l2_2_init1,baseline_l2norm,,8.0,1020.0,deterministic,2,1.3739635229110718
2026-03-26T13:13:42,l2/init1/convnext_small_l2_2_init1,baseline_l2norm,,8.0,1020.0,deterministic,3,1.4915157556533813
2026-03-26T13:13:42,l2/init1/convnext_small_l2_2_init1,baseline_l2norm,,8.0,1020.0,deterministic,4,1.633093285560608
2026-03-26T13:13:42,l2/init1/convnext_small_l2_2_init1,baseline_l2norm,,8.0,1020.0,deterministic,5,1.6958943367004395
2026-03-26T13:13:42,l2/init1/convnext_small_l2_2_init1,baseline_l2norm,,8.0,1020.0,deterministic,6,1.6865027666091919
2026-03-26T13:13:42,l2/init1/convnext_small_l2_2_init1,baseline_l2norm,,8.0,1020.0,deterministic,7,1.7499701976776123
2026-03-26T13:13:42,l2/init1/convnext_small_l2_2_init1,baseline_l2norm,,8.0,1020.0,deterministic,8,1.701633358001709
2026-03-26T13:13:42,l2/init1/convnext_small_l2_2_init1,baseline_l2norm,,8.0,1020.0,deterministic,9,1.7700767993927002
2026-03-26T13:13:42,l2/init1/convnext_small_l2_2_init1,baseline_l2norm,,8.0,1020.0,deterministic,10,1.748962640762329
2026-03-26T13:13:54,l2/init1/convnext_small_l2_2_init1,baseline_l2norm,,8.0,1020.0,random_restart_1,1,0.762087368965149
2026-03-26T13:13:54,l2/init1/convnext_small_l2_2_init1,baseline_l2norm,,8.0,1020.0,random_restart_1,2,1.3762518644332886
2026-03-26T13:13:54,l2/init1/convnext_small_l2_2_init1,baseline_l2norm,,8.0,1020.0,random_restart_1,3,1.4887567520141602
2026-03-26T13:13:54,l2/init1/convnext_small_l2_2_init1,baseline_l2norm,,8.0,1020.0,random_restart_1,4,1.6334357023239137
2026-03-26T13:13:54,l2/init1/convnext_small_l2_2_init1,baseline_l2norm,,8.0,1020.0,random_restart_1,5,1.701434588432312
2026-03-26T13:13:54,l2/init1/convnext_small_l2_2_init1,baseline_l2norm,,8.0,1020.0,random_restart_1,6,1.6880321264266969
2026-03-26T13:13:54,l2/init1/convnext_small_l2_2_init1,baseline_l2norm,,8.0,1020.0,random_restart_1,7,1.7483836889266968
2026-03-26T13:13:54,l2/init1/convnext_small_l2_2_init1,baseline_l2norm,,8.0,1020.0,random_restart_1,8,1.695892071723938
2026-03-26T13:13:54,l2/init1/convnext_small_l2_2_init1,baseline_l2norm,,8.0,1020.0,random_restart_1,9,1.7590171098709106
2026-03-26T13:13:54,l2/init1/convnext_small_l2_2_init1,baseline_l2norm,,8.0,1020.0,random_restart_1,10,1.746929693222046
2026-03-26T13:14:05,l2/init1/convnext_small_l2_2_init1,baseline_l2norm,,8.0,1020.0,random_restart_2,1,0.762187659740448
2026-03-26T13:14:05,l2/init1/convnext_small_l2_2_init1,baseline_l2norm,,8.0,1020.0,random_restart_2,2,1.3780444383621215
2026-03-26T13:14:05,l2/init1/convnext_small_l2_2_init1,baseline_l2norm,,8.0,1020.0,random_restart_2,3,1.4898094177246093
2026-03-26T13:14:05,l2/init1/convnext_small_l2_2_init1,baseline_l2norm,,8.0,1020.0,random_restart_2,4,1.6245168209075929
2026-03-26T13:14:05,l2/init1/convnext_small_l2_2_init1,baseline_l2norm,,8.0,1020.0,random_restart_2,5,1.6877978324890137
2026-03-26T13:14:05,l2/init1/convnext_small_l2_2_init1,baseline_l2norm,,8.0,1020.0,random_restart_2,6,1.6872507810592652
2026-03-26T13:14:05,l2/init1/convnext_small_l2_2_init1,baseline_l2norm,,8.0,1020.0,random_restart_2,7,1.7406641244888306
2026-03-26T13:14:05,l2/init1/convnext_small_l2_2_init1,baseline_l2norm,,8.0,1020.0,random_restart_2,8,1.6986017942428588
2026-03-26T13:14:05,l2/init1/convnext_small_l2_2_init1,baseline_l2norm,,8.0,1020.0,random_restart_2,9,1.7617182970046996
2026-03-26T13:14:05,l2/init1/convnext_small_l2_2_init1,baseline_l2norm,,8.0,1020.0,random_restart_2,10,1.7701447010040283
2026-03-26T13:14:17,l2/init1/convnext_small_l2_2_init1,baseline_l2norm,,8.0,1020.0,random_restart_3,1,0.7623163461685181
2026-03-26T13:14:17,l2/init1/convnext_small_l2_2_init1,baseline_l2norm,,8.0,1020.0,random_restart_3,2,1.3765751361846923
2026-03-26T13:14:17,l2/init1/convnext_small_l2_2_init1,baseline_l2norm,,8.0,1020.0,random_restart_3,3,1.4907136917114259
2026-03-26T13:14:17,l2/init1/convnext_small_l2_2_init1,baseline_l2norm,,8.0,1020.0,random_restart_3,4,1.6319361925125122
2026-03-26T13:14:17,l2/init1/convnext_small_l2_2_init1,baseline_l2norm,,8.0,1020.0,random_restart_3,5,1.7004904747009277
2026-03-26T13:14:17,l2/init1/convnext_small_l2_2_init1,baseline_l2norm,,8.0,1020.0,random_restart_3,6,1.6800408840179444
2026-03-26T13:14:17,l2/init1/convnext_small_l2_2_init1,baseline_l2norm,,8.0,1020.0,random_restart_3,7,1.7395076990127563
2026-03-26T13:14:17,l2/init1/convnext_small_l2_2_init1,baseline_l2norm,,8.0,1020.0,random_restart_3,8,1.6890531539916993
2026-03-26T13:14:17,l2/init1/convnext_small_l2_2_init1,baseline_l2norm,,8.0,1020.0,random_restart_3,9,1.7641403436660767
2026-03-26T13:14:17,l2/init1/convnext_small_l2_2_init1,baseline_l2norm,,8.0,1020.0,random_restart_3,10,1.747201132774353
2026-03-26T13:14:29,l2/init1/convnext_small_l2_2_init1,l1norm_step,,8.0,1020.0,deterministic,1,0.7629454612731934
2026-03-26T13:14:29,l2/init1/convnext_small_l2_2_init1,l1norm_step,,8.0,1020.0,deterministic,2,0.9913912177085876
2026-03-26T13:14:29,l2/init1/convnext_small_l2_2_init1,l1norm_step,,8.0,1020.0,deterministic,3,1.2628671765327453
2026-03-26T13:14:29,l2/init1/convnext_small_l2_2_init1,l1norm_step,,8.0,1020.0,deterministic,4,1.5703014373779296
2026-03-26T13:14:29,l2/init1/convnext_small_l2_2_init1,l1norm_step,,8.0,1020.0,deterministic,5,1.9075776576995849
2026-03-26T13:14:29,l2/init1/convnext_small_l2_2_init1,l1norm_step,,8.0,1020.0,deterministic,6,2.264989233016968
2026-03-26T13:14:29,l2/init1/convnext_small_l2_2_init1,l1norm_step,,8.0,1020.0,deterministic,7,2.5334752559661866
2026-03-26T13:14:29,l2/init1/convnext_small_l2_2_init1,l1norm_step,,8.0,1020.0,deterministic,8,2.7673933029174806
2026-03-26T13:14:29,l2/init1/convnext_small_l2_2_init1,l1norm_step,,8.0,1020.0,deterministic,9,2.9856515884399415
2026-03-26T13:14:29,l2/init1/convnext_small_l2_2_init1,l1norm_step,,8.0,1020.0,deterministic,10,3.1907480239868162
2026-03-26T13:14:41,l2/init1/convnext_small_l2_2_init1,l1norm_step,,8.0,1020.0,random_restart_1,1,0.762087368965149
2026-03-26T13:14:41,l2/init1/convnext_small_l2_2_init1,l1norm_step,,8.0,1020.0,random_restart_1,2,0.9874754667282104
2026-03-26T13:14:41,l2/init1/convnext_small_l2_2_init1,l1norm_step,,8.0,1020.0,random_restart_1,3,1.2421814441680907
2026-03-26T13:14:41,l2/init1/convnext_small_l2_2_init1,l1norm_step,,8.0,1020.0,random_restart_1,4,1.5104665517807008
2026-03-26T13:14:41,l2/init1/convnext_small_l2_2_init1,l1norm_step,,8.0,1020.0,random_restart_1,5,1.7839980840682983
2026-03-26T13:14:41,l2/init1/convnext_small_l2_2_init1,l1norm_step,,8.0,1020.0,random_restart_1,6,2.056178092956543
2026-03-26T13:14:41,l2/init1/convnext_small_l2_2_init1,l1norm_step,,8.0,1020.0,random_restart_1,7,2.3205874443054197
2026-03-26T13:14:41,l2/init1/convnext_small_l2_2_init1,l1norm_step,,8.0,1020.0,random_restart_1,8,2.5731249809265138
2026-03-26T13:14:41,l2/init1/convnext_small_l2_2_init1,l1norm_step,,8.0,1020.0,random_restart_1,9,2.811492681503296
2026-03-26T13:14:41,l2/init1/convnext_small_l2_2_init1,l1norm_step,,8.0,1020.0,random_restart_1,10,3.035966396331787
2026-03-26T13:14:53,l2/init1/convnext_small_l2_2_init1,l1norm_step,,8.0,1020.0,random_restart_2,1,0.762187659740448
2026-03-26T13:14:53,l2/init1/convnext_small_l2_2_init1,l1norm_step,,8.0,1020.0,random_restart_2,2,0.9874494791030883
2026-03-26T13:14:53,l2/init1/convnext_small_l2_2_init1,l1norm_step,,8.0,1020.0,random_restart_2,3,1.2422734141349792
2026-03-26T13:14:53,l2/init1/convnext_small_l2_2_init1,l1norm_step,,8.0,1020.0,random_restart_2,4,1.510954451560974
2026-03-26T13:14:53,l2/init1/convnext_small_l2_2_init1,l1norm_step,,8.0,1020.0,random_restart_2,5,1.7846772432327271
2026-03-26T13:14:53,l2/init1/convnext_small_l2_2_init1,l1norm_step,,8.0,1020.0,random_restart_2,6,2.056806182861328
2026-03-26T13:14:53,l2/init1/convnext_small_l2_2_init1,l1norm_step,,8.0,1020.0,random_restart_2,7,2.321090316772461
2026-03-26T13:14:53,l2/init1/convnext_small_l2_2_init1,l1norm_step,,8.0,1020.0,random_restart_2,8,2.5735833168029787
2026-03-26T13:14:53,l2/init1/convnext_small_l2_2_init1,l1norm_step,,8.0,1020.0,random_restart_2,9,2.811970281600952
2026-03-26T13:14:53,l2/init1/convnext_small_l2_2_init1,l1norm_step,,8.0,1020.0,random_restart_2,10,3.0364059448242187
2026-03-26T13:15:04,l2/init1/convnext_small_l2_2_init1,l1norm_step,,8.0,1020.0,random_restart_3,1,0.7623163461685181
2026-03-26T13:15:04,l2/init1/convnext_small_l2_2_init1,l1norm_step,,8.0,1020.0,random_restart_3,2,0.9877580046653748
2026-03-26T13:15:04,l2/init1/convnext_small_l2_2_init1,l1norm_step,,8.0,1020.0,random_restart_3,3,1.2425392150878907
2026-03-26T13:15:04,l2/init1/convnext_small_l2_2_init1,l1norm_step,,8.0,1020.0,random_restart_3,4,1.5109018325805663
2026-03-26T13:15:04,l2/init1/convnext_small_l2_2_init1,l1norm_step,,8.0,1020.0,random_restart_3,5,1.7844326972961426
2026-03-26T13:15:04,l2/init1/convnext_small_l2_2_init1,l1norm_step,,8.0,1020.0,random_restart_3,6,2.0565228939056395
2026-03-26T13:15:04,l2/init1/convnext_small_l2_2_init1,l1norm_step,,8.0,1020.0,random_restart_3,7,2.3208361864089966
2026-03-26T13:15:04,l2/init1/convnext_small_l2_2_init1,l1norm_step,,8.0,1020.0,random_restart_3,8,2.573274755477905
2026-03-26T13:15:04,l2/init1/convnext_small_l2_2_init1,l1norm_step,,8.0,1020.0,random_restart_3,9,2.8114065647125246
2026-03-26T13:15:04,l2/init1/convnext_small_l2_2_init1,l1norm_step,,8.0,1020.0,random_restart_3,10,3.0354448795318603
2026-03-26T13:15:16,l2/init1/convnext_small_l2_2_init1,raw_grad_step,,8.0,1020.0,deterministic,1,0.7629454612731934
2026-03-26T13:15:16,l2/init1/convnext_small_l2_2_init1,raw_grad_step,,8.0,1020.0,deterministic,2,1.160640251636505
2026-03-26T13:15:16,l2/init1/convnext_small_l2_2_init1,raw_grad_step,,8.0,1020.0,deterministic,3,1.5798482656478883
2026-03-26T13:15:16,l2/init1/convnext_small_l2_2_init1,raw_grad_step,,8.0,1020.0,deterministic,4,1.947671151161194
2026-03-26T13:15:16,l2/init1/convnext_small_l2_2_init1,raw_grad_step,,8.0,1020.0,deterministic,5,2.2435989141464234
2026-03-26T13:15:16,l2/init1/convnext_small_l2_2_init1,raw_grad_step,,8.0,1020.0,deterministic,6,2.4933401584625243
2026-03-26T13:15:16,l2/init1/convnext_small_l2_2_init1,raw_grad_step,,8.0,1020.0,deterministic,7,2.75307092666626
2026-03-26T13:15:16,l2/init1/convnext_small_l2_2_init1,raw_grad_step,,8.0,1020.0,deterministic,8,2.98013596534729
2026-03-26T13:15:16,l2/init1/convnext_small_l2_2_init1,raw_grad_step,,8.0,1020.0,deterministic,9,3.1777740955352782
2026-03-26T13:15:16,l2/init1/convnext_small_l2_2_init1,raw_grad_step,,8.0,1020.0,deterministic,10,3.354985237121582
2026-03-26T13:15:28,l2/init1/convnext_small_l2_2_init1,raw_grad_step,,8.0,1020.0,random_restart_1,1,0.762087368965149
2026-03-26T13:15:28,l2/init1/convnext_small_l2_2_init1,raw_grad_step,,8.0,1020.0,random_restart_1,2,1.140043306350708
2026-03-26T13:15:28,l2/init1/convnext_small_l2_2_init1,raw_grad_step,,8.0,1020.0,random_restart_1,3,1.522945523262024
2026-03-26T13:15:28,l2/init1/convnext_small_l2_2_init1,raw_grad_step,,8.0,1020.0,random_restart_1,4,1.8744703769683837
2026-03-26T13:15:28,l2/init1/convnext_small_l2_2_init1,raw_grad_step,,8.0,1020.0,random_restart_1,5,2.1805651426315307
2026-03-26T13:15:28,l2/init1/convnext_small_l2_2_init1,raw_grad_step,,8.0,1020.0,random_restart_1,6,2.4274675607681275
2026-03-26T13:15:28,l2/init1/convnext_small_l2_2_init1,raw_grad_step,,8.0,1020.0,random_restart_1,7,2.661019134521484
2026-03-26T13:15:28,l2/init1/convnext_small_l2_2_init1,raw_grad_step,,8.0,1020.0,random_restart_1,8,2.886931848526001
2026-03-26T13:15:28,l2/init1/convnext_small_l2_2_init1,raw_grad_step,,8.0,1020.0,random_restart_1,9,3.095133352279663
2026-03-26T13:15:28,l2/init1/convnext_small_l2_2_init1,raw_grad_step,,8.0,1020.0,random_restart_1,10,3.2850747108459473
2026-03-26T13:15:40,l2/init1/convnext_small_l2_2_init1,raw_grad_step,,8.0,1020.0,random_restart_2,1,0.762187659740448
2026-03-26T13:15:40,l2/init1/convnext_small_l2_2_init1,raw_grad_step,,8.0,1020.0,random_restart_2,2,1.1400696396827699
2026-03-26T13:15:40,l2/init1/convnext_small_l2_2_init1,raw_grad_step,,8.0,1020.0,random_restart_2,3,1.523320746421814
2026-03-26T13:15:40,l2/init1/convnext_small_l2_2_init1,raw_grad_step,,8.0,1020.0,random_restart_2,4,1.8765158176422119
2026-03-26T13:15:40,l2/init1/convnext_small_l2_2_init1,raw_grad_step,,8.0,1020.0,random_restart_2,5,2.1799465894699095
2026-03-26T13:15:40,l2/init1/convnext_small_l2_2_init1,raw_grad_step,,8.0,1020.0,random_restart_2,6,2.4270694732666014
2026-03-26T13:15:40,l2/init1/convnext_small_l2_2_init1,raw_grad_step,,8.0,1020.0,random_restart_2,7,2.6624688148498534
2026-03-26T13:15:40,l2/init1/convnext_small_l2_2_init1,raw_grad_step,,8.0,1020.0,random_restart_2,8,2.887919616699219
2026-03-26T13:15:40,l2/init1/convnext_small_l2_2_init1,raw_grad_step,,8.0,1020.0,random_restart_2,9,3.0963762283325194
2026-03-26T13:15:40,l2/init1/convnext_small_l2_2_init1,raw_grad_step,,8.0,1020.0,random_restart_2,10,3.2885178565979003
2026-03-26T13:15:51,l2/init1/convnext_small_l2_2_init1,raw_grad_step,,8.0,1020.0,random_restart_3,1,0.7623163461685181
2026-03-26T13:15:51,l2/init1/convnext_small_l2_2_init1,raw_grad_step,,8.0,1020.0,random_restart_3,2,1.1408924460411072
2026-03-26T13:15:51,l2/init1/convnext_small_l2_2_init1,raw_grad_step,,8.0,1020.0,random_restart_3,3,1.5238031148910522
2026-03-26T13:15:51,l2/init1/convnext_small_l2_2_init1,raw_grad_step,,8.0,1020.0,random_restart_3,4,1.8755574703216553
2026-03-26T13:15:51,l2/init1/convnext_small_l2_2_init1,raw_grad_step,,8.0,1020.0,random_restart_3,5,2.181025505065918
2026-03-26T13:15:51,l2/init1/convnext_small_l2_2_init1,raw_grad_step,,8.0,1020.0,random_restart_3,6,2.4272975444793703
2026-03-26T13:15:51,l2/init1/convnext_small_l2_2_init1,raw_grad_step,,8.0,1020.0,random_restart_3,7,2.6621981620788575
2026-03-26T13:15:51,l2/init1/convnext_small_l2_2_init1,raw_grad_step,,8.0,1020.0,random_restart_3,8,2.8882110595703123
2026-03-26T13:15:51,l2/init1/convnext_small_l2_2_init1,raw_grad_step,,8.0,1020.0,random_restart_3,9,3.0958853721618653
2026-03-26T13:15:51,l2/init1/convnext_small_l2_2_init1,raw_grad_step,,8.0,1020.0,random_restart_3,10,3.2869340896606447
2026-03-26T13:16:03,l2/init1/convnext_small_l2_2_init1,l1_apgd_topk,0.01,8.0,1020.0,deterministic,1,0.7629454612731934
2026-03-26T13:16:03,l2/init1/convnext_small_l2_2_init1,l1_apgd_topk,0.01,8.0,1020.0,deterministic,2,1.4798802137374878
2026-03-26T13:16:03,l2/init1/convnext_small_l2_2_init1,l1_apgd_topk,0.01,8.0,1020.0,deterministic,3,1.616598653793335
2026-03-26T13:16:03,l2/init1/convnext_small_l2_2_init1,l1_apgd_topk,0.01,8.0,1020.0,deterministic,4,1.9561622381210326
2026-03-26T13:16:03,l2/init1/convnext_small_l2_2_init1,l1_apgd_topk,0.01,8.0,1020.0,deterministic,5,1.9850125551223754
2026-03-26T13:16:03,l2/init1/convnext_small_l2_2_init1,l1_apgd_topk,0.01,8.0,1020.0,deterministic,6,2.15649995803833
2026-03-26T13:16:03,l2/init1/convnext_small_l2_2_init1,l1_apgd_topk,0.01,8.0,1020.0,deterministic,7,2.1039974451065064
2026-03-26T13:16:03,l2/init1/convnext_small_l2_2_init1,l1_apgd_topk,0.01,8.0,1020.0,deterministic,8,2.22034330368042
2026-03-26T13:16:03,l2/init1/convnext_small_l2_2_init1,l1_apgd_topk,0.01,8.0,1020.0,deterministic,9,2.203460717201233
2026-03-26T13:16:03,l2/init1/convnext_small_l2_2_init1,l1_apgd_topk,0.01,8.0,1020.0,deterministic,10,2.2905539512634276
2026-03-26T13:16:15,l2/init1/convnext_small_l2_2_init1,l1_apgd_topk,0.01,8.0,1020.0,random_restart_1,1,0.762087368965149
2026-03-26T13:16:15,l2/init1/convnext_small_l2_2_init1,l1_apgd_topk,0.01,8.0,1020.0,random_restart_1,2,1.479671049118042
2026-03-26T13:16:15,l2/init1/convnext_small_l2_2_init1,l1_apgd_topk,0.01,8.0,1020.0,random_restart_1,3,1.6218994379043579
2026-03-26T13:16:15,l2/init1/convnext_small_l2_2_init1,l1_apgd_topk,0.01,8.0,1020.0,random_restart_1,4,1.9660547733306886
2026-03-26T13:16:15,l2/init1/convnext_small_l2_2_init1,l1_apgd_topk,0.01,8.0,1020.0,random_restart_1,5,1.9607426643371582
2026-03-26T13:16:15,l2/init1/convnext_small_l2_2_init1,l1_apgd_topk,0.01,8.0,1020.0,random_restart_1,6,2.126947546005249
2026-03-26T13:16:15,l2/init1/convnext_small_l2_2_init1,l1_apgd_topk,0.01,8.0,1020.0,random_restart_1,7,2.103982377052307
2026-03-26T13:16:15,l2/init1/convnext_small_l2_2_init1,l1_apgd_topk,0.01,8.0,1020.0,random_restart_1,8,2.255660152435303
2026-03-26T13:16:15,l2/init1/convnext_small_l2_2_init1,l1_apgd_topk,0.01,8.0,1020.0,random_restart_1,9,2.1764769554138184
2026-03-26T13:16:15,l2/init1/convnext_small_l2_2_init1,l1_apgd_topk,0.01,8.0,1020.0,random_restart_1,10,2.2511897325515746
2026-03-26T13:16:27,l2/init1/convnext_small_l2_2_init1,l1_apgd_topk,0.01,8.0,1020.0,random_restart_2,1,0.762187659740448
2026-03-26T13:16:27,l2/init1/convnext_small_l2_2_init1,l1_apgd_topk,0.01,8.0,1020.0,random_restart_2,2,1.4826204776763916
2026-03-26T13:16:27,l2/init1/convnext_small_l2_2_init1,l1_apgd_topk,0.01,8.0,1020.0,random_restart_2,3,1.6239629983901978
2026-03-26T13:16:27,l2/init1/convnext_small_l2_2_init1,l1_apgd_topk,0.01,8.0,1020.0,random_restart_2,4,1.9722372055053712
2026-03-26T13:16:27,l2/init1/convnext_small_l2_2_init1,l1_apgd_topk,0.01,8.0,1020.0,random_restart_2,5,1.9880143404006958
2026-03-26T13:16:27,l2/init1/convnext_small_l2_2_init1,l1_apgd_topk,0.01,8.0,1020.0,random_restart_2,6,2.1518468856811523
2026-03-26T13:16:27,l2/init1/convnext_small_l2_2_init1,l1_apgd_topk,0.01,8.0,1020.0,random_restart_2,7,2.1036590099334718
2026-03-26T13:16:27,l2/init1/convnext_small_l2_2_init1,l1_apgd_topk,0.01,8.0,1020.0,random_restart_2,8,2.2769765615463258
2026-03-26T13:16:27,l2/init1/convnext_small_l2_2_init1,l1_apgd_topk,0.01,8.0,1020.0,random_restart_2,9,2.184321475028992
2026-03-26T13:16:27,l2/init1/convnext_small_l2_2_init1,l1_apgd_topk,0.01,8.0,1020.0,random_restart_2,10,2.2858723640441894
2026-03-26T13:16:39,l2/init1/convnext_small_l2_2_init1,l1_apgd_topk,0.01,8.0,1020.0,random_restart_3,1,0.7623163461685181
2026-03-26T13:16:39,l2/init1/convnext_small_l2_2_init1,l1_apgd_topk,0.01,8.0,1020.0,random_restart_3,2,1.4831196308135985
2026-03-26T13:16:39,l2/init1/convnext_small_l2_2_init1,l1_apgd_topk,0.01,8.0,1020.0,random_restart_3,3,1.6215053796768188
2026-03-26T13:16:39,l2/init1/convnext_small_l2_2_init1,l1_apgd_topk,0.01,8.0,1020.0,random_restart_3,4,1.96862690448761
2026-03-26T13:16:39,l2/init1/convnext_small_l2_2_init1,l1_apgd_topk,0.01,8.0,1020.0,random_restart_3,5,1.9650312662124634
2026-03-26T13:16:39,l2/init1/convnext_small_l2_2_init1,l1_apgd_topk,0.01,8.0,1020.0,random_restart_3,6,2.1392641067504883
2026-03-26T13:16:39,l2/init1/convnext_small_l2_2_init1,l1_apgd_topk,0.01,8.0,1020.0,random_restart_3,7,2.083926486968994
2026-03-26T13:16:39,l2/init1/convnext_small_l2_2_init1,l1_apgd_topk,0.01,8.0,1020.0,random_restart_3,8,2.214079236984253
2026-03-26T13:16:39,l2/init1/convnext_small_l2_2_init1,l1_apgd_topk,0.01,8.0,1020.0,random_restart_3,9,2.176470422744751
2026-03-26T13:16:39,l2/init1/convnext_small_l2_2_init1,l1_apgd_topk,0.01,8.0,1020.0,random_restart_3,10,2.2786127805709837
2026-03-26T13:16:51,l2/init1/convnext_small_l2_2_init1,l1_apgd_topk,0.05,8.0,1020.0,deterministic,1,0.7629454612731934
2026-03-26T13:16:51,l2/init1/convnext_small_l2_2_init1,l1_apgd_topk,0.05,8.0,1020.0,deterministic,2,2.381440210342407
2026-03-26T13:16:51,l2/init1/convnext_small_l2_2_init1,l1_apgd_topk,0.05,8.0,1020.0,deterministic,3,3.5619579315185548
2026-03-26T13:16:51,l2/init1/convnext_small_l2_2_init1,l1_apgd_topk,0.05,8.0,1020.0,deterministic,4,4.4459052085876465
2026-03-26T13:16:51,l2/init1/convnext_small_l2_2_init1,l1_apgd_topk,0.05,8.0,1020.0,deterministic,5,5.040384674072266
2026-03-26T13:16:51,l2/init1/convnext_small_l2_2_init1,l1_apgd_topk,0.05,8.0,1020.0,deterministic,6,5.335108661651612
2026-03-26T13:16:51,l2/init1/convnext_small_l2_2_init1,l1_apgd_topk,0.05,8.0,1020.0,deterministic,7,5.70595121383667
2026-03-26T13:16:51,l2/init1/convnext_small_l2_2_init1,l1_apgd_topk,0.05,8.0,1020.0,deterministic,8,5.903995418548584
2026-03-26T13:16:51,l2/init1/convnext_small_l2_2_init1,l1_apgd_topk,0.05,8.0,1020.0,deterministic,9,6.109780216217041
2026-03-26T13:16:51,l2/init1/convnext_small_l2_2_init1,l1_apgd_topk,0.05,8.0,1020.0,deterministic,10,6.243644714355469
2026-03-26T13:17:02,l2/init1/convnext_small_l2_2_init1,l1_apgd_topk,0.05,8.0,1020.0,random_restart_1,1,0.762087368965149
2026-03-26T13:17:02,l2/init1/convnext_small_l2_2_init1,l1_apgd_topk,0.05,8.0,1020.0,random_restart_1,2,2.3912731170654298
2026-03-26T13:17:02,l2/init1/convnext_small_l2_2_init1,l1_apgd_topk,0.05,8.0,1020.0,random_restart_1,3,3.5742440223693848
2026-03-26T13:17:02,l2/init1/convnext_small_l2_2_init1,l1_apgd_topk,0.05,8.0,1020.0,random_restart_1,4,4.444412326812744
2026-03-26T13:17:02,l2/init1/convnext_small_l2_2_init1,l1_apgd_topk,0.05,8.0,1020.0,random_restart_1,5,5.033715057373047
2026-03-26T13:17:02,l2/init1/convnext_small_l2_2_init1,l1_apgd_topk,0.05,8.0,1020.0,random_restart_1,6,5.367257881164551
2026-03-26T13:17:02,l2/init1/convnext_small_l2_2_init1,l1_apgd_topk,0.05,8.0,1020.0,random_restart_1,7,5.717072200775147
2026-03-26T13:17:02,l2/init1/convnext_small_l2_2_init1,l1_apgd_topk,0.05,8.0,1020.0,random_restart_1,8,5.902469539642334
2026-03-26T13:17:02,l2/init1/convnext_small_l2_2_init1,l1_apgd_topk,0.05,8.0,1020.0,random_restart_1,9,6.078167247772217
2026-03-26T13:17:02,l2/init1/convnext_small_l2_2_init1,l1_apgd_topk,0.05,8.0,1020.0,random_restart_1,10,6.232775783538818
2026-03-26T13:17:14,l2/init1/convnext_small_l2_2_init1,l1_apgd_topk,0.05,8.0,1020.0,random_restart_2,1,0.762187659740448
2026-03-26T13:17:14,l2/init1/convnext_small_l2_2_init1,l1_apgd_topk,0.05,8.0,1020.0,random_restart_2,2,2.3913881301879885
2026-03-26T13:17:14,l2/init1/convnext_small_l2_2_init1,l1_apgd_topk,0.05,8.0,1020.0,random_restart_2,3,3.572727584838867
2026-03-26T13:17:14,l2/init1/convnext_small_l2_2_init1,l1_apgd_topk,0.05,8.0,1020.0,random_restart_2,4,4.445420551300049
2026-03-26T13:17:14,l2/init1/convnext_small_l2_2_init1,l1_apgd_topk,0.05,8.0,1020.0,random_restart_2,5,5.050173377990722
2026-03-26T13:17:14,l2/init1/convnext_small_l2_2_init1,l1_apgd_topk,0.05,8.0,1020.0,random_restart_2,6,5.350536346435547
2026-03-26T13:17:14,l2/init1/convnext_small_l2_2_init1,l1_apgd_topk,0.05,8.0,1020.0,random_restart_2,7,5.703009414672851
2026-03-26T13:17:14,l2/init1/convnext_small_l2_2_init1,l1_apgd_topk,0.05,8.0,1020.0,random_restart_2,8,5.936308860778809
2026-03-26T13:17:14,l2/init1/convnext_small_l2_2_init1,l1_apgd_topk,0.05,8.0,1020.0,random_restart_2,9,6.130901050567627
2026-03-26T13:17:14,l2/init1/convnext_small_l2_2_init1,l1_apgd_topk,0.05,8.0,1020.0,random_restart_2,10,6.300066947937012
2026-03-26T13:17:26,l2/init1/convnext_small_l2_2_init1,l1_apgd_topk,0.05,8.0,1020.0,random_restart_3,1,0.7623163461685181
2026-03-26T13:17:26,l2/init1/convnext_small_l2_2_init1,l1_apgd_topk,0.05,8.0,1020.0,random_restart_3,2,2.3906869411468508
2026-03-26T13:17:26,l2/init1/convnext_small_l2_2_init1,l1_apgd_topk,0.05,8.0,1020.0,random_restart_3,3,3.5718283653259277
2026-03-26T13:17:26,l2/init1/convnext_small_l2_2_init1,l1_apgd_topk,0.05,8.0,1020.0,random_restart_3,4,4.450477933883667
2026-03-26T13:17:26,l2/init1/convnext_small_l2_2_init1,l1_apgd_topk,0.05,8.0,1020.0,random_restart_3,5,5.047038459777832
2026-03-26T13:17:26,l2/init1/convnext_small_l2_2_init1,l1_apgd_topk,0.05,8.0,1020.0,random_restart_3,6,5.357662963867187
2026-03-26T13:17:26,l2/init1/convnext_small_l2_2_init1,l1_apgd_topk,0.05,8.0,1020.0,random_restart_3,7,5.705361461639404
2026-03-26T13:17:26,l2/init1/convnext_small_l2_2_init1,l1_apgd_topk,0.05,8.0,1020.0,random_restart_3,8,5.9171881675720215
2026-03-26T13:17:26,l2/init1/convnext_small_l2_2_init1,l1_apgd_topk,0.05,8.0,1020.0,random_restart_3,9,6.151481437683105
2026-03-26T13:17:26,l2/init1/convnext_small_l2_2_init1,l1_apgd_topk,0.05,8.0,1020.0,random_restart_3,10,6.234939956665039
2026-03-26T13:17:38,l2/init1/convnext_small_l2_2_init1,l1_apgd_topk,0.1,8.0,1020.0,deterministic,1,0.7629454612731934
2026-03-26T13:17:38,l2/init1/convnext_small_l2_2_init1,l1_apgd_topk,0.1,8.0,1020.0,deterministic,2,2.3080022811889647
2026-03-26T13:17:38,l2/init1/convnext_small_l2_2_init1,l1_apgd_topk,0.1,8.0,1020.0,deterministic,3,3.375605821609497
2026-03-26T13:17:38,l2/init1/convnext_small_l2_2_init1,l1_apgd_topk,0.1,8.0,1020.0,deterministic,4,4.073527908325195
2026-03-26T13:17:38,l2/init1/convnext_small_l2_2_init1,l1_apgd_topk,0.1,8.0,1020.0,deterministic,5,4.577335548400879
2026-03-26T13:17:38,l2/init1/convnext_small_l2_2_init1,l1_apgd_topk,0.1,8.0,1020.0,deterministic,6,4.906742000579834
2026-03-26T13:17:38,l2/init1/convnext_small_l2_2_init1,l1_apgd_topk,0.1,8.0,1020.0,deterministic,7,5.185481262207031
2026-03-26T13:17:38,l2/init1/convnext_small_l2_2_init1,l1_apgd_topk,0.1,8.0,1020.0,deterministic,8,5.36512508392334
2026-03-26T13:17:38,l2/init1/convnext_small_l2_2_init1,l1_apgd_topk,0.1,8.0,1020.0,deterministic,9,5.548527526855469
2026-03-26T13:17:38,l2/init1/convnext_small_l2_2_init1,l1_apgd_topk,0.1,8.0,1020.0,deterministic,10,5.656530666351318
2026-03-26T13:17:50,l2/init1/convnext_small_l2_2_init1,l1_apgd_topk,0.1,8.0,1020.0,random_restart_1,1,0.762087368965149
2026-03-26T13:17:50,l2/init1/convnext_small_l2_2_init1,l1_apgd_topk,0.1,8.0,1020.0,random_restart_1,2,2.3112447261810303
2026-03-26T13:17:50,l2/init1/convnext_small_l2_2_init1,l1_apgd_topk,0.1,8.0,1020.0,random_restart_1,3,3.3804928779602053
2026-03-26T13:17:50,l2/init1/convnext_small_l2_2_init1,l1_apgd_topk,0.1,8.0,1020.0,random_restart_1,4,4.076242828369141
2026-03-26T13:17:50,l2/init1/convnext_small_l2_2_init1,l1_apgd_topk,0.1,8.0,1020.0,random_restart_1,5,4.578810453414917
2026-03-26T13:17:50,l2/init1/convnext_small_l2_2_init1,l1_apgd_topk,0.1,8.0,1020.0,random_restart_1,6,4.900159549713135
2026-03-26T13:17:50,l2/init1/convnext_small_l2_2_init1,l1_apgd_topk,0.1,8.0,1020.0,random_restart_1,7,5.1880621910095215
2026-03-26T13:17:50,l2/init1/convnext_small_l2_2_init1,l1_apgd_topk,0.1,8.0,1020.0,random_restart_1,8,5.360234260559082
2026-03-26T13:17:50,l2/init1/convnext_small_l2_2_init1,l1_apgd_topk,0.1,8.0,1020.0,random_restart_1,9,5.528364658355713
2026-03-26T13:17:50,l2/init1/convnext_small_l2_2_init1,l1_apgd_topk,0.1,8.0,1020.0,random_restart_1,10,5.635420131683349
2026-03-26T13:18:02,l2/init1/convnext_small_l2_2_init1,l1_apgd_topk,0.1,8.0,1020.0,random_restart_2,1,0.762187659740448
2026-03-26T13:18:02,l2/init1/convnext_small_l2_2_init1,l1_apgd_topk,0.1,8.0,1020.0,random_restart_2,2,2.310940885543823
2026-03-26T13:18:02,l2/init1/convnext_small_l2_2_init1,l1_apgd_topk,0.1,8.0,1020.0,random_restart_2,3,3.3807927131652833
2026-03-26T13:18:02,l2/init1/convnext_small_l2_2_init1,l1_apgd_topk,0.1,8.0,1020.0,random_restart_2,4,4.074858713150024
2026-03-26T13:18:02,l2/init1/convnext_small_l2_2_init1,l1_apgd_topk,0.1,8.0,1020.0,random_restart_2,5,4.58108606338501
2026-03-26T13:18:02,l2/init1/convnext_small_l2_2_init1,l1_apgd_topk,0.1,8.0,1020.0,random_restart_2,6,4.905951404571534
2026-03-26T13:18:02,l2/init1/convnext_small_l2_2_init1,l1_apgd_topk,0.1,8.0,1020.0,random_restart_2,7,5.179343223571777
2026-03-26T13:18:02,l2/init1/convnext_small_l2_2_init1,l1_apgd_topk,0.1,8.0,1020.0,random_restart_2,8,5.3483741760253904
2026-03-26T13:18:02,l2/init1/convnext_small_l2_2_init1,l1_apgd_topk,0.1,8.0,1020.0,random_restart_2,9,5.536135864257813
2026-03-26T13:18:02,l2/init1/convnext_small_l2_2_init1,l1_apgd_topk,0.1,8.0,1020.0,random_restart_2,10,5.652637767791748
2026-03-26T13:18:13,l2/init1/convnext_small_l2_2_init1,l1_apgd_topk,0.1,8.0,1020.0,random_restart_3,1,0.7623163461685181
2026-03-26T13:18:13,l2/init1/convnext_small_l2_2_init1,l1_apgd_topk,0.1,8.0,1020.0,random_restart_3,2,2.310695838928223
2026-03-26T13:18:13,l2/init1/convnext_small_l2_2_init1,l1_apgd_topk,0.1,8.0,1020.0,random_restart_3,3,3.3800000667572023
2026-03-26T13:18:13,l2/init1/convnext_small_l2_2_init1,l1_apgd_topk,0.1,8.0,1020.0,random_restart_3,4,4.076096153259277
2026-03-26T13:18:13,l2/init1/convnext_small_l2_2_init1,l1_apgd_topk,0.1,8.0,1020.0,random_restart_3,5,4.579595470428467
2026-03-26T13:18:13,l2/init1/convnext_small_l2_2_init1,l1_apgd_topk,0.1,8.0,1020.0,random_restart_3,6,4.903872489929199
2026-03-26T13:18:13,l2/init1/convnext_small_l2_2_init1,l1_apgd_topk,0.1,8.0,1020.0,random_restart_3,7,5.19119176864624
2026-03-26T13:18:13,l2/init1/convnext_small_l2_2_init1,l1_apgd_topk,0.1,8.0,1020.0,random_restart_3,8,5.362657356262207
2026-03-26T13:18:13,l2/init1/convnext_small_l2_2_init1,l1_apgd_topk,0.1,8.0,1020.0,random_restart_3,9,5.537082862854004
2026-03-26T13:18:13,l2/init1/convnext_small_l2_2_init1,l1_apgd_topk,0.1,8.0,1020.0,random_restart_3,10,5.642401695251465
2026-03-26T13:18:25,l2/init1/convnext_small_l2_2_init1,fw_onehot,,8.0,1020.0,deterministic,1,0.7629454612731934
2026-03-26T13:18:25,l2/init1/convnext_small_l2_2_init1,fw_onehot,,8.0,1020.0,deterministic,2,0.765360426902771
2026-03-26T13:18:25,l2/init1/convnext_small_l2_2_init1,fw_onehot,,8.0,1020.0,deterministic,3,0.7668377995491028
2026-03-26T13:18:25,l2/init1/convnext_small_l2_2_init1,fw_onehot,,8.0,1020.0,deterministic,4,0.7677806377410888
2026-03-26T13:18:25,l2/init1/convnext_small_l2_2_init1,fw_onehot,,8.0,1020.0,deterministic,5,0.7685741126537323
2026-03-26T13:18:25,l2/init1/convnext_small_l2_2_init1,fw_onehot,,8.0,1020.0,deterministic,6,0.7690964043140411
2026-03-26T13:18:25,l2/init1/convnext_small_l2_2_init1,fw_onehot,,8.0,1020.0,deterministic,7,0.7698777556419373
2026-03-26T13:18:25,l2/init1/convnext_small_l2_2_init1,fw_onehot,,8.0,1020.0,deterministic,8,0.7703275740146637
2026-03-26T13:18:25,l2/init1/convnext_small_l2_2_init1,fw_onehot,,8.0,1020.0,deterministic,9,0.7709575593471527
2026-03-26T13:18:25,l2/init1/convnext_small_l2_2_init1,fw_onehot,,8.0,1020.0,deterministic,10,0.7713285505771637
2026-03-26T13:18:37,l2/init1/convnext_small_l2_2_init1,baseline_l2norm,,16.0,2040.0,deterministic,1,0.7629454612731934
2026-03-26T13:18:37,l2/init1/convnext_small_l2_2_init1,baseline_l2norm,,16.0,2040.0,deterministic,2,1.3910466194152833
2026-03-26T13:18:37,l2/init1/convnext_small_l2_2_init1,baseline_l2norm,,16.0,2040.0,deterministic,3,1.4634877443313599
2026-03-26T13:18:37,l2/init1/convnext_small_l2_2_init1,baseline_l2norm,,16.0,2040.0,deterministic,4,1.6306686878204346
2026-03-26T13:18:37,l2/init1/convnext_small_l2_2_init1,baseline_l2norm,,16.0,2040.0,deterministic,5,1.6387566804885865
2026-03-26T13:18:37,l2/init1/convnext_small_l2_2_init1,baseline_l2norm,,16.0,2040.0,deterministic,6,1.650113320350647
2026-03-26T13:18:37,l2/init1/convnext_small_l2_2_init1,baseline_l2norm,,16.0,2040.0,deterministic,7,1.690371537208557
2026-03-26T13:18:37,l2/init1/convnext_small_l2_2_init1,baseline_l2norm,,16.0,2040.0,deterministic,8,1.6917811393737794
2026-03-26T13:18:37,l2/init1/convnext_small_l2_2_init1,baseline_l2norm,,16.0,2040.0,deterministic,9,1.7153533220291137
2026-03-26T13:18:37,l2/init1/convnext_small_l2_2_init1,baseline_l2norm,,16.0,2040.0,deterministic,10,1.7112086772918702
2026-03-26T13:18:49,l2/init1/convnext_small_l2_2_init1,baseline_l2norm,,16.0,2040.0,random_restart_1,1,0.765737795829773
2026-03-26T13:18:49,l2/init1/convnext_small_l2_2_init1,baseline_l2norm,,16.0,2040.0,random_restart_1,2,1.3989871501922608
2026-03-26T13:18:49,l2/init1/convnext_small_l2_2_init1,baseline_l2norm,,16.0,2040.0,random_restart_1,3,1.4751105070114137
2026-03-26T13:18:49,l2/init1/convnext_small_l2_2_init1,baseline_l2norm,,16.0,2040.0,random_restart_1,4,1.6265522480010985
2026-03-26T13:18:49,l2/init1/convnext_small_l2_2_init1,baseline_l2norm,,16.0,2040.0,random_restart_1,5,1.6431382656097413
2026-03-26T13:18:49,l2/init1/convnext_small_l2_2_init1,baseline_l2norm,,16.0,2040.0,random_restart_1,6,1.6529475927352906
2026-03-26T13:18:49,l2/init1/convnext_small_l2_2_init1,baseline_l2norm,,16.0,2040.0,random_restart_1,7,1.6848145008087159
2026-03-26T13:18:49,l2/init1/convnext_small_l2_2_init1,baseline_l2norm,,16.0,2040.0,random_restart_1,8,1.6774561643600463
2026-03-26T13:18:49,l2/init1/convnext_small_l2_2_init1,baseline_l2norm,,16.0,2040.0,random_restart_1,9,1.7157744884490966
2026-03-26T13:18:49,l2/init1/convnext_small_l2_2_init1,baseline_l2norm,,16.0,2040.0,random_restart_1,10,1.6889090538024902
2026-03-26T13:19:01,l2/init1/convnext_small_l2_2_init1,baseline_l2norm,,16.0,2040.0,random_restart_2,1,0.7660019814968109
2026-03-26T13:19:01,l2/init1/convnext_small_l2_2_init1,baseline_l2norm,,16.0,2040.0,random_restart_2,2,1.4030898332595825
2026-03-26T13:19:01,l2/init1/convnext_small_l2_2_init1,baseline_l2norm,,16.0,2040.0,random_restart_2,3,1.4876205682754517
2026-03-26T13:19:01,l2/init1/convnext_small_l2_2_init1,baseline_l2norm,,16.0,2040.0,random_restart_2,4,1.6435986042022706
2026-03-26T13:19:01,l2/init1/convnext_small_l2_2_init1,baseline_l2norm,,16.0,2040.0,random_restart_2,5,1.6557992458343507
2026-03-26T13:19:01,l2/init1/convnext_small_l2_2_init1,baseline_l2norm,,16.0,2040.0,random_restart_2,6,1.6880026817321778
2026-03-26T13:19:01,l2/init1/convnext_small_l2_2_init1,baseline_l2norm,,16.0,2040.0,random_restart_2,7,1.7291368246078491
2026-03-26T13:19:01,l2/init1/convnext_small_l2_2_init1,baseline_l2norm,,16.0,2040.0,random_restart_2,8,1.70064857006073
2026-03-26T13:19:01,l2/init1/convnext_small_l2_2_init1,baseline_l2norm,,16.0,2040.0,random_restart_2,9,1.75265691280365
2026-03-26T13:19:01,l2/init1/convnext_small_l2_2_init1,baseline_l2norm,,16.0,2040.0,random_restart_2,10,1.7233408451080323
2026-03-26T13:19:12,l2/init1/convnext_small_l2_2_init1,baseline_l2norm,,16.0,2040.0,random_restart_3,1,0.7662764191627502
2026-03-26T13:19:12,l2/init1/convnext_small_l2_2_init1,baseline_l2norm,,16.0,2040.0,random_restart_3,2,1.3995132207870484
2026-03-26T13:19:12,l2/init1/convnext_small_l2_2_init1,baseline_l2norm,,16.0,2040.0,random_restart_3,3,1.4761191368103028
2026-03-26T13:19:12,l2/init1/convnext_small_l2_2_init1,baseline_l2norm,,16.0,2040.0,random_restart_3,4,1.6306828022003175
2026-03-26T13:19:12,l2/init1/convnext_small_l2_2_init1,baseline_l2norm,,16.0,2040.0,random_restart_3,5,1.6609908819198609
2026-03-26T13:19:12,l2/init1/convnext_small_l2_2_init1,baseline_l2norm,,16.0,2040.0,random_restart_3,6,1.6740080833435058
2026-03-26T13:19:12,l2/init1/convnext_small_l2_2_init1,baseline_l2norm,,16.0,2040.0,random_restart_3,7,1.6949600219726562
2026-03-26T13:19:12,l2/init1/convnext_small_l2_2_init1,baseline_l2norm,,16.0,2040.0,random_restart_3,8,1.6861868858337403
2026-03-26T13:19:12,l2/init1/convnext_small_l2_2_init1,baseline_l2norm,,16.0,2040.0,random_restart_3,9,1.7456158638000487
2026-03-26T13:19:12,l2/init1/convnext_small_l2_2_init1,baseline_l2norm,,16.0,2040.0,random_restart_3,10,1.7132556438446045
2026-03-26T13:19:24,l2/init1/convnext_small_l2_2_init1,l1norm_step,,16.0,2040.0,deterministic,1,0.7629454612731934
2026-03-26T13:19:24,l2/init1/convnext_small_l2_2_init1,l1norm_step,,16.0,2040.0,deterministic,2,1.2412713170051575
2026-03-26T13:19:24,l2/init1/convnext_small_l2_2_init1,l1norm_step,,16.0,2040.0,deterministic,3,1.8451019048690795
2026-03-26T13:19:24,l2/init1/convnext_small_l2_2_init1,l1norm_step,,16.0,2040.0,deterministic,4,2.5201891899108886
2026-03-26T13:19:24,l2/init1/convnext_small_l2_2_init1,l1norm_step,,16.0,2040.0,deterministic,5,3.218653345108032
2026-03-26T13:19:24,l2/init1/convnext_small_l2_2_init1,l1norm_step,,16.0,2040.0,deterministic,6,3.9125458240509032
2026-03-26T13:19:24,l2/init1/convnext_small_l2_2_init1,l1norm_step,,16.0,2040.0,deterministic,7,4.504977798461914
2026-03-26T13:19:24,l2/init1/convnext_small_l2_2_init1,l1norm_step,,16.0,2040.0,deterministic,8,4.984576416015625
2026-03-26T13:19:24,l2/init1/convnext_small_l2_2_init1,l1norm_step,,16.0,2040.0,deterministic,9,5.4128186225891115
2026-03-26T13:19:24,l2/init1/convnext_small_l2_2_init1,l1norm_step,,16.0,2040.0,deterministic,10,5.811631488800049
2026-03-26T13:19:36,l2/init1/convnext_small_l2_2_init1,l1norm_step,,16.0,2040.0,random_restart_1,1,0.765737795829773
2026-03-26T13:19:36,l2/init1/convnext_small_l2_2_init1,l1norm_step,,16.0,2040.0,random_restart_1,2,1.2387308955192566
2026-03-26T13:19:36,l2/init1/convnext_small_l2_2_init1,l1norm_step,,16.0,2040.0,random_restart_1,3,1.8084562301635743
2026-03-26T13:19:36,l2/init1/convnext_small_l2_2_init1,l1norm_step,,16.0,2040.0,random_restart_1,4,2.4132762432098387
2026-03-26T13:19:36,l2/init1/convnext_small_l2_2_init1,l1norm_step,,16.0,2040.0,random_restart_1,5,3.0167391777038572
2026-03-26T13:19:36,l2/init1/convnext_small_l2_2_init1,l1norm_step,,16.0,2040.0,random_restart_1,6,3.5966195583343508
2026-03-26T13:19:36,l2/init1/convnext_small_l2_2_init1,l1norm_step,,16.0,2040.0,random_restart_1,7,4.144836473464966
2026-03-26T13:19:36,l2/init1/convnext_small_l2_2_init1,l1norm_step,,16.0,2040.0,random_restart_1,8,4.650923442840576
2026-03-26T13:19:36,l2/init1/convnext_small_l2_2_init1,l1norm_step,,16.0,2040.0,random_restart_1,9,5.113448619842529
2026-03-26T13:19:36,l2/init1/convnext_small_l2_2_init1,l1norm_step,,16.0,2040.0,random_restart_1,10,5.545302200317383
2026-03-26T13:19:48,l2/init1/convnext_small_l2_2_init1,l1norm_step,,16.0,2040.0,random_restart_2,1,0.7660019814968109
2026-03-26T13:19:48,l2/init1/convnext_small_l2_2_init1,l1norm_step,,16.0,2040.0,random_restart_2,2,1.2387712478637696
2026-03-26T13:19:48,l2/init1/convnext_small_l2_2_init1,l1norm_step,,16.0,2040.0,random_restart_2,3,1.8098053455352783
2026-03-26T13:19:48,l2/init1/convnext_small_l2_2_init1,l1norm_step,,16.0,2040.0,random_restart_2,4,2.413828182220459
2026-03-26T13:19:48,l2/init1/convnext_small_l2_2_init1,l1norm_step,,16.0,2040.0,random_restart_2,5,3.0163516998291016
2026-03-26T13:19:48,l2/init1/convnext_small_l2_2_init1,l1norm_step,,16.0,2040.0,random_restart_2,6,3.5952556133270264
2026-03-26T13:19:48,l2/init1/convnext_small_l2_2_init1,l1norm_step,,16.0,2040.0,random_restart_2,7,4.142138051986694
2026-03-26T13:19:48,l2/init1/convnext_small_l2_2_init1,l1norm_step,,16.0,2040.0,random_restart_2,8,4.649369764328003
2026-03-26T13:19:48,l2/init1/convnext_small_l2_2_init1,l1norm_step,,16.0,2040.0,random_restart_2,9,5.116087913513184
2026-03-26T13:19:48,l2/init1/convnext_small_l2_2_init1,l1norm_step,,16.0,2040.0,random_restart_2,10,5.54932861328125
2026-03-26T13:20:00,l2/init1/convnext_small_l2_2_init1,l1norm_step,,16.0,2040.0,random_restart_3,1,0.7662764191627502
2026-03-26T13:20:00,l2/init1/convnext_small_l2_2_init1,l1norm_step,,16.0,2040.0,random_restart_3,2,1.2394394636154176
2026-03-26T13:20:00,l2/init1/convnext_small_l2_2_init1,l1norm_step,,16.0,2040.0,random_restart_3,3,1.8095315933227538
2026-03-26T13:20:00,l2/init1/convnext_small_l2_2_init1,l1norm_step,,16.0,2040.0,random_restart_3,4,2.4135695934295653
2026-03-26T13:20:00,l2/init1/convnext_small_l2_2_init1,l1norm_step,,16.0,2040.0,random_restart_3,5,3.0160114765167236
2026-03-26T13:20:00,l2/init1/convnext_small_l2_2_init1,l1norm_step,,16.0,2040.0,random_restart_3,6,3.594555902481079
2026-03-26T13:20:00,l2/init1/convnext_small_l2_2_init1,l1norm_step,,16.0,2040.0,random_restart_3,7,4.142333269119263
2026-03-26T13:20:00,l2/init1/convnext_small_l2_2_init1,l1norm_step,,16.0,2040.0,random_restart_3,8,4.649074935913086
2026-03-26T13:20:00,l2/init1/convnext_small_l2_2_init1,l1norm_step,,16.0,2040.0,random_restart_3,9,5.114899730682373
2026-03-26T13:20:00,l2/init1/convnext_small_l2_2_init1,l1norm_step,,16.0,2040.0,random_restart_3,10,5.548519515991211
2026-03-26T13:20:11,l2/init1/convnext_small_l2_2_init1,raw_grad_step,,16.0,2040.0,deterministic,1,0.7629454612731934
2026-03-26T13:20:11,l2/init1/convnext_small_l2_2_init1,raw_grad_step,,16.0,2040.0,deterministic,2,1.4357402801513672
2026-03-26T13:20:11,l2/init1/convnext_small_l2_2_init1,raw_grad_step,,16.0,2040.0,deterministic,3,2.1780737161636354
2026-03-26T13:20:11,l2/init1/convnext_small_l2_2_init1,raw_grad_step,,16.0,2040.0,deterministic,4,2.7667773246765135
2026-03-26T13:20:11,l2/init1/convnext_small_l2_2_init1,raw_grad_step,,16.0,2040.0,deterministic,5,3.3343661308288572
2026-03-26T13:20:11,l2/init1/convnext_small_l2_2_init1,raw_grad_step,,16.0,2040.0,deterministic,6,3.809543085098267
2026-03-26T13:20:11,l2/init1/convnext_small_l2_2_init1,raw_grad_step,,16.0,2040.0,deterministic,7,4.182071876525879
2026-03-26T13:20:11,l2/init1/convnext_small_l2_2_init1,raw_grad_step,,16.0,2040.0,deterministic,8,4.563818168640137
2026-03-26T13:20:11,l2/init1/convnext_small_l2_2_init1,raw_grad_step,,16.0,2040.0,deterministic,9,4.975461864471436
2026-03-26T13:20:11,l2/init1/convnext_small_l2_2_init1,raw_grad_step,,16.0,2040.0,deterministic,10,5.334763240814209
2026-03-26T13:20:23,l2/init1/convnext_small_l2_2_init1,raw_grad_step,,16.0,2040.0,random_restart_1,1,0.765737795829773
2026-03-26T13:20:23,l2/init1/convnext_small_l2_2_init1,raw_grad_step,,16.0,2040.0,random_restart_1,2,1.429768943786621
2026-03-26T13:20:23,l2/init1/convnext_small_l2_2_init1,raw_grad_step,,16.0,2040.0,random_restart_1,3,2.1060858964920044
2026-03-26T13:20:23,l2/init1/convnext_small_l2_2_init1,raw_grad_step,,16.0,2040.0,random_restart_1,4,2.694701910018921
2026-03-26T13:20:23,l2/init1/convnext_small_l2_2_init1,raw_grad_step,,16.0,2040.0,random_restart_1,5,3.214363718032837
2026-03-26T13:20:23,l2/init1/convnext_small_l2_2_init1,raw_grad_step,,16.0,2040.0,random_restart_1,6,3.688219451904297
2026-03-26T13:20:23,l2/init1/convnext_small_l2_2_init1,raw_grad_step,,16.0,2040.0,random_restart_1,7,4.114830827713012
2026-03-26T13:20:23,l2/init1/convnext_small_l2_2_init1,raw_grad_step,,16.0,2040.0,random_restart_1,8,4.5139566421508786
2026-03-26T13:20:23,l2/init1/convnext_small_l2_2_init1,raw_grad_step,,16.0,2040.0,random_restart_1,9,4.869518756866455
2026-03-26T13:20:23,l2/init1/convnext_small_l2_2_init1,raw_grad_step,,16.0,2040.0,random_restart_1,10,5.258757209777832
2026-03-26T13:20:35,l2/init1/convnext_small_l2_2_init1,raw_grad_step,,16.0,2040.0,random_restart_2,1,0.7660019814968109
2026-03-26T13:20:35,l2/init1/convnext_small_l2_2_init1,raw_grad_step,,16.0,2040.0,random_restart_2,2,1.4300689458847047
2026-03-26T13:20:35,l2/init1/convnext_small_l2_2_init1,raw_grad_step,,16.0,2040.0,random_restart_2,3,2.1082745790481567
2026-03-26T13:20:35,l2/init1/convnext_small_l2_2_init1,raw_grad_step,,16.0,2040.0,random_restart_2,4,2.693006181716919
2026-03-26T13:20:35,l2/init1/convnext_small_l2_2_init1,raw_grad_step,,16.0,2040.0,random_restart_2,5,3.2140599727630614
2026-03-26T13:20:35,l2/init1/convnext_small_l2_2_init1,raw_grad_step,,16.0,2040.0,random_restart_2,6,3.6929955005645754
2026-03-26T13:20:35,l2/init1/convnext_small_l2_2_init1,raw_grad_step,,16.0,2040.0,random_restart_2,7,4.118990087509156
2026-03-26T13:20:35,l2/init1/convnext_small_l2_2_init1,raw_grad_step,,16.0,2040.0,random_restart_2,8,4.512590599060059
2026-03-26T13:20:35,l2/init1/convnext_small_l2_2_init1,raw_grad_step,,16.0,2040.0,random_restart_2,9,4.87898006439209
2026-03-26T13:20:35,l2/init1/convnext_small_l2_2_init1,raw_grad_step,,16.0,2040.0,random_restart_2,10,5.260737514495849
2026-03-26T13:20:47,l2/init1/convnext_small_l2_2_init1,raw_grad_step,,16.0,2040.0,random_restart_3,1,0.7662764191627502
2026-03-26T13:20:47,l2/init1/convnext_small_l2_2_init1,raw_grad_step,,16.0,2040.0,random_restart_3,2,1.4316174626350402
2026-03-26T13:20:47,l2/init1/convnext_small_l2_2_init1,raw_grad_step,,16.0,2040.0,random_restart_3,3,2.109231448173523
2026-03-26T13:20:47,l2/init1/convnext_small_l2_2_init1,raw_grad_step,,16.0,2040.0,random_restart_3,4,2.696287822723389
2026-03-26T13:20:47,l2/init1/convnext_small_l2_2_init1,raw_grad_step,,16.0,2040.0,random_restart_3,5,3.2131360530853272
2026-03-26T13:20:47,l2/init1/convnext_small_l2_2_init1,raw_grad_step,,16.0,2040.0,random_restart_3,6,3.692622995376587
2026-03-26T13:20:47,l2/init1/convnext_small_l2_2_init1,raw_grad_step,,16.0,2040.0,random_restart_3,7,4.116150331497193
2026-03-26T13:20:47,l2/init1/convnext_small_l2_2_init1,raw_grad_step,,16.0,2040.0,random_restart_3,8,4.520781660079956
2026-03-26T13:20:47,l2/init1/convnext_small_l2_2_init1,raw_grad_step,,16.0,2040.0,random_restart_3,9,4.8862916946411135
2026-03-26T13:20:47,l2/init1/convnext_small_l2_2_init1,raw_grad_step,,16.0,2040.0,random_restart_3,10,5.242534065246582
2026-03-26T13:20:58,l2/init1/convnext_small_l2_2_init1,l1_apgd_topk,0.01,16.0,2040.0,deterministic,1,0.7629454612731934
2026-03-26T13:20:58,l2/init1/convnext_small_l2_2_init1,l1_apgd_topk,0.01,16.0,2040.0,deterministic,2,1.4465762615203857
2026-03-26T13:20:58,l2/init1/convnext_small_l2_2_init1,l1_apgd_topk,0.01,16.0,2040.0,deterministic,3,1.5113497495651245
2026-03-26T13:20:58,l2/init1/convnext_small_l2_2_init1,l1_apgd_topk,0.01,16.0,2040.0,deterministic,4,1.8565469980239868
2026-03-26T13:20:58,l2/init1/convnext_small_l2_2_init1,l1_apgd_topk,0.01,16.0,2040.0,deterministic,5,1.8383697509765624
2026-03-26T13:20:58,l2/init1/convnext_small_l2_2_init1,l1_apgd_topk,0.01,16.0,2040.0,deterministic,6,2.0236105918884277
2026-03-26T13:20:58,l2/init1/convnext_small_l2_2_init1,l1_apgd_topk,0.01,16.0,2040.0,deterministic,7,1.9641841888427733
2026-03-26T13:20:58,l2/init1/convnext_small_l2_2_init1,l1_apgd_topk,0.01,16.0,2040.0,deterministic,8,2.097606062889099
2026-03-26T13:20:58,l2/init1/convnext_small_l2_2_init1,l1_apgd_topk,0.01,16.0,2040.0,deterministic,9,2.0296690702438354
2026-03-26T13:20:58,l2/init1/convnext_small_l2_2_init1,l1_apgd_topk,0.01,16.0,2040.0,deterministic,10,2.181098461151123
2026-03-26T13:21:10,l2/init1/convnext_small_l2_2_init1,l1_apgd_topk,0.01,16.0,2040.0,random_restart_1,1,0.765737795829773
2026-03-26T13:21:10,l2/init1/convnext_small_l2_2_init1,l1_apgd_topk,0.01,16.0,2040.0,random_restart_1,2,1.4444474697113037
2026-03-26T13:21:10,l2/init1/convnext_small_l2_2_init1,l1_apgd_topk,0.01,16.0,2040.0,random_restart_1,3,1.5154724836349487
2026-03-26T13:21:10,l2/init1/convnext_small_l2_2_init1,l1_apgd_topk,0.01,16.0,2040.0,random_restart_1,4,1.8416052103042602
2026-03-26T13:21:10,l2/init1/convnext_small_l2_2_init1,l1_apgd_topk,0.01,16.0,2040.0,random_restart_1,5,1.8453474283218383
2026-03-26T13:21:10,l2/init1/convnext_small_l2_2_init1,l1_apgd_topk,0.01,16.0,2040.0,random_restart_1,6,1.9785106420516967
2026-03-26T13:21:10,l2/init1/convnext_small_l2_2_init1,l1_apgd_topk,0.01,16.0,2040.0,random_restart_1,7,1.9519898653030396
2026-03-26T13:21:10,l2/init1/convnext_small_l2_2_init1,l1_apgd_topk,0.01,16.0,2040.0,random_restart_1,8,2.0498186349868774
2026-03-26T13:21:10,l2/init1/convnext_small_l2_2_init1,l1_apgd_topk,0.01,16.0,2040.0,random_restart_1,9,2.050378203392029
2026-03-26T13:21:10,l2/init1/convnext_small_l2_2_init1,l1_apgd_topk,0.01,16.0,2040.0,random_restart_1,10,2.1369786739349363
2026-03-26T13:21:22,l2/init1/convnext_small_l2_2_init1,l1_apgd_topk,0.01,16.0,2040.0,random_restart_2,1,0.7660019814968109
2026-03-26T13:21:22,l2/init1/convnext_small_l2_2_init1,l1_apgd_topk,0.01,16.0,2040.0,random_restart_2,2,1.4508168935775756
2026-03-26T13:21:22,l2/init1/convnext_small_l2_2_init1,l1_apgd_topk,0.01,16.0,2040.0,random_restart_2,3,1.534680151939392
2026-03-26T13:21:22,l2/init1/convnext_small_l2_2_init1,l1_apgd_topk,0.01,16.0,2040.0,random_restart_2,4,1.8373586416244507
2026-03-26T13:21:22,l2/init1/convnext_small_l2_2_init1,l1_apgd_topk,0.01,16.0,2040.0,random_restart_2,5,1.8550919532775878
2026-03-26T13:21:22,l2/init1/convnext_small_l2_2_init1,l1_apgd_topk,0.01,16.0,2040.0,random_restart_2,6,2.023278498649597
2026-03-26T13:21:22,l2/init1/convnext_small_l2_2_init1,l1_apgd_topk,0.01,16.0,2040.0,random_restart_2,7,1.967700719833374
2026-03-26T13:21:22,l2/init1/convnext_small_l2_2_init1,l1_apgd_topk,0.01,16.0,2040.0,random_restart_2,8,2.127732491493225
2026-03-26T13:21:22,l2/init1/convnext_small_l2_2_init1,l1_apgd_topk,0.01,16.0,2040.0,random_restart_2,9,2.065445351600647
2026-03-26T13:21:22,l2/init1/convnext_small_l2_2_init1,l1_apgd_topk,0.01,16.0,2040.0,random_restart_2,10,2.1606418609619142
2026-03-26T13:21:34,l2/init1/convnext_small_l2_2_init1,l1_apgd_topk,0.01,16.0,2040.0,random_restart_3,1,0.7662764191627502
2026-03-26T13:21:34,l2/init1/convnext_small_l2_2_init1,l1_apgd_topk,0.01,16.0,2040.0,random_restart_3,2,1.4456165552139282
2026-03-26T13:21:34,l2/init1/convnext_small_l2_2_init1,l1_apgd_topk,0.01,16.0,2040.0,random_restart_3,3,1.5168282508850097
2026-03-26T13:21:34,l2/init1/convnext_small_l2_2_init1,l1_apgd_topk,0.01,16.0,2040.0,random_restart_3,4,1.8391526460647583
2026-03-26T13:21:34,l2/init1/convnext_small_l2_2_init1,l1_apgd_topk,0.01,16.0,2040.0,random_restart_3,5,1.8145494699478149
2026-03-26T13:21:34,l2/init1/convnext_small_l2_2_init1,l1_apgd_topk,0.01,16.0,2040.0,random_restart_3,6,2.021794152259827
2026-03-26T13:21:34,l2/init1/convnext_small_l2_2_init1,l1_apgd_topk,0.01,16.0,2040.0,random_restart_3,7,1.9643320560455322
2026-03-26T13:21:34,l2/init1/convnext_small_l2_2_init1,l1_apgd_topk,0.01,16.0,2040.0,random_restart_3,8,2.081342315673828
2026-03-26T13:21:34,l2/init1/convnext_small_l2_2_init1,l1_apgd_topk,0.01,16.0,2040.0,random_restart_3,9,2.020331931114197
2026-03-26T13:21:34,l2/init1/convnext_small_l2_2_init1,l1_apgd_topk,0.01,16.0,2040.0,random_restart_3,10,2.135681176185608
2026-03-26T13:21:46,l2/init1/convnext_small_l2_2_init1,l1_apgd_topk,0.05,16.0,2040.0,deterministic,1,0.7629454612731934
2026-03-26T13:21:46,l2/init1/convnext_small_l2_2_init1,l1_apgd_topk,0.05,16.0,2040.0,deterministic,2,2.5980538845062258
2026-03-26T13:21:46,l2/init1/convnext_small_l2_2_init1,l1_apgd_topk,0.05,16.0,2040.0,deterministic,3,3.867156219482422
2026-03-26T13:21:46,l2/init1/convnext_small_l2_2_init1,l1_apgd_topk,0.05,16.0,2040.0,deterministic,4,4.873105812072754
2026-03-26T13:21:46,l2/init1/convnext_small_l2_2_init1,l1_apgd_topk,0.05,16.0,2040.0,deterministic,5,5.43194055557251
2026-03-26T13:21:46,l2/init1/convnext_small_l2_2_init1,l1_apgd_topk,0.05,16.0,2040.0,deterministic,6,5.839909648895263
2026-03-26T13:21:46,l2/init1/convnext_small_l2_2_init1,l1_apgd_topk,0.05,16.0,2040.0,deterministic,7,5.994294452667236
2026-03-26T13:21:46,l2/init1/convnext_small_l2_2_init1,l1_apgd_topk,0.05,16.0,2040.0,deterministic,8,6.166067504882813
2026-03-26T13:21:46,l2/init1/convnext_small_l2_2_init1,l1_apgd_topk,0.05,16.0,2040.0,deterministic,9,6.337407207489013
2026-03-26T13:21:46,l2/init1/convnext_small_l2_2_init1,l1_apgd_topk,0.05,16.0,2040.0,deterministic,10,6.4278827667236325
2026-03-26T13:21:58,l2/init1/convnext_small_l2_2_init1,l1_apgd_topk,0.05,16.0,2040.0,random_restart_1,1,0.765737795829773
2026-03-26T13:21:58,l2/init1/convnext_small_l2_2_init1,l1_apgd_topk,0.05,16.0,2040.0,random_restart_1,2,2.661022901535034
2026-03-26T13:21:58,l2/init1/convnext_small_l2_2_init1,l1_apgd_topk,0.05,16.0,2040.0,random_restart_1,3,3.953043270111084
2026-03-26T13:21:58,l2/init1/convnext_small_l2_2_init1,l1_apgd_topk,0.05,16.0,2040.0,random_restart_1,4,4.940591335296631
2026-03-26T13:21:58,l2/init1/convnext_small_l2_2_init1,l1_apgd_topk,0.05,16.0,2040.0,random_restart_1,5,5.4687176704406735
2026-03-26T13:21:58,l2/init1/convnext_small_l2_2_init1,l1_apgd_topk,0.05,16.0,2040.0,random_restart_1,6,5.819544982910156
2026-03-26T13:21:58,l2/init1/convnext_small_l2_2_init1,l1_apgd_topk,0.05,16.0,2040.0,random_restart_1,7,6.061868667602539
2026-03-26T13:21:58,l2/init1/convnext_small_l2_2_init1,l1_apgd_topk,0.05,16.0,2040.0,random_restart_1,8,6.204273509979248
2026-03-26T13:21:58,l2/init1/convnext_small_l2_2_init1,l1_apgd_topk,0.05,16.0,2040.0,random_restart_1,9,6.301989459991455
2026-03-26T13:21:58,l2/init1/convnext_small_l2_2_init1,l1_apgd_topk,0.05,16.0,2040.0,random_restart_1,10,6.469458770751953
2026-03-26T13:22:09,l2/init1/convnext_small_l2_2_init1,l1_apgd_topk,0.05,16.0,2040.0,random_restart_2,1,0.7660019814968109
2026-03-26T13:22:09,l2/init1/convnext_small_l2_2_init1,l1_apgd_topk,0.05,16.0,2040.0,random_restart_2,2,2.6623833179473877
2026-03-26T13:22:09,l2/init1/convnext_small_l2_2_init1,l1_apgd_topk,0.05,16.0,2040.0,random_restart_2,3,3.97308349609375
2026-03-26T13:22:09,l2/init1/convnext_small_l2_2_init1,l1_apgd_topk,0.05,16.0,2040.0,random_restart_2,4,4.954625988006592
2026-03-26T13:22:09,l2/init1/convnext_small_l2_2_init1,l1_apgd_topk,0.05,16.0,2040.0,random_restart_2,5,5.511478614807129
2026-03-26T13:22:09,l2/init1/convnext_small_l2_2_init1,l1_apgd_topk,0.05,16.0,2040.0,random_restart_2,6,5.7871380805969235
2026-03-26T13:22:09,l2/init1/convnext_small_l2_2_init1,l1_apgd_topk,0.05,16.0,2040.0,random_restart_2,7,5.977157783508301
2026-03-26T13:22:09,l2/init1/convnext_small_l2_2_init1,l1_apgd_topk,0.05,16.0,2040.0,random_restart_2,8,6.135673999786377
2026-03-26T13:22:09,l2/init1/convnext_small_l2_2_init1,l1_apgd_topk,0.05,16.0,2040.0,random_restart_2,9,6.402583885192871
2026-03-26T13:22:09,l2/init1/convnext_small_l2_2_init1,l1_apgd_topk,0.05,16.0,2040.0,random_restart_2,10,6.476601219177246
2026-03-26T13:22:21,l2/init1/convnext_small_l2_2_init1,l1_apgd_topk,0.05,16.0,2040.0,random_restart_3,1,0.7662764191627502
2026-03-26T13:22:21,l2/init1/convnext_small_l2_2_init1,l1_apgd_topk,0.05,16.0,2040.0,random_restart_3,2,2.657711124420166
2026-03-26T13:22:21,l2/init1/convnext_small_l2_2_init1,l1_apgd_topk,0.05,16.0,2040.0,random_restart_3,3,3.9593969345092774
2026-03-26T13:22:21,l2/init1/convnext_small_l2_2_init1,l1_apgd_topk,0.05,16.0,2040.0,random_restart_3,4,4.949248790740967
2026-03-26T13:22:21,l2/init1/convnext_small_l2_2_init1,l1_apgd_topk,0.05,16.0,2040.0,random_restart_3,5,5.4934955596923825
2026-03-26T13:22:21,l2/init1/convnext_small_l2_2_init1,l1_apgd_topk,0.05,16.0,2040.0,random_restart_3,6,5.793721675872803
2026-03-26T13:22:21,l2/init1/convnext_small_l2_2_init1,l1_apgd_topk,0.05,16.0,2040.0,random_restart_3,7,6.0537254333496096
2026-03-26T13:22:21,l2/init1/convnext_small_l2_2_init1,l1_apgd_topk,0.05,16.0,2040.0,random_restart_3,8,6.145692825317383
2026-03-26T13:22:21,l2/init1/convnext_small_l2_2_init1,l1_apgd_topk,0.05,16.0,2040.0,random_restart_3,9,6.449556446075439
2026-03-26T13:22:21,l2/init1/convnext_small_l2_2_init1,l1_apgd_topk,0.05,16.0,2040.0,random_restart_3,10,6.4571538925170895
2026-03-26T13:22:33,l2/init1/convnext_small_l2_2_init1,l1_apgd_topk,0.1,16.0,2040.0,deterministic,1,0.7629454612731934
2026-03-26T13:22:33,l2/init1/convnext_small_l2_2_init1,l1_apgd_topk,0.1,16.0,2040.0,deterministic,2,2.8981624603271485
2026-03-26T13:22:33,l2/init1/convnext_small_l2_2_init1,l1_apgd_topk,0.1,16.0,2040.0,deterministic,3,4.602513599395752
2026-03-26T13:22:33,l2/init1/convnext_small_l2_2_init1,l1_apgd_topk,0.1,16.0,2040.0,deterministic,4,5.804907035827637
2026-03-26T13:22:33,l2/init1/convnext_small_l2_2_init1,l1_apgd_topk,0.1,16.0,2040.0,deterministic,5,6.672925567626953
2026-03-26T13:22:33,l2/init1/convnext_small_l2_2_init1,l1_apgd_topk,0.1,16.0,2040.0,deterministic,6,7.149856281280518
2026-03-26T13:22:33,l2/init1/convnext_small_l2_2_init1,l1_apgd_topk,0.1,16.0,2040.0,deterministic,7,7.440617847442627
2026-03-26T13:22:33,l2/init1/convnext_small_l2_2_init1,l1_apgd_topk,0.1,16.0,2040.0,deterministic,8,7.664537715911865
2026-03-26T13:22:33,l2/init1/convnext_small_l2_2_init1,l1_apgd_topk,0.1,16.0,2040.0,deterministic,9,7.981685638427734
2026-03-26T13:22:33,l2/init1/convnext_small_l2_2_init1,l1_apgd_topk,0.1,16.0,2040.0,deterministic,10,8.158356094360352
2026-03-26T13:22:45,l2/init1/convnext_small_l2_2_init1,l1_apgd_topk,0.1,16.0,2040.0,random_restart_1,1,0.765737795829773
2026-03-26T13:22:45,l2/init1/convnext_small_l2_2_init1,l1_apgd_topk,0.1,16.0,2040.0,random_restart_1,2,2.952833652496338
2026-03-26T13:22:45,l2/init1/convnext_small_l2_2_init1,l1_apgd_topk,0.1,16.0,2040.0,random_restart_1,3,4.6670879364013675
2026-03-26T13:22:45,l2/init1/convnext_small_l2_2_init1,l1_apgd_topk,0.1,16.0,2040.0,random_restart_1,4,5.844576072692871
2026-03-26T13:22:45,l2/init1/convnext_small_l2_2_init1,l1_apgd_topk,0.1,16.0,2040.0,random_restart_1,5,6.66242733001709
2026-03-26T13:22:45,l2/init1/convnext_small_l2_2_init1,l1_apgd_topk,0.1,16.0,2040.0,random_restart_1,6,7.153627109527588
2026-03-26T13:22:45,l2/init1/convnext_small_l2_2_init1,l1_apgd_topk,0.1,16.0,2040.0,random_restart_1,7,7.450170707702637
2026-03-26T13:22:45,l2/init1/convnext_small_l2_2_init1,l1_apgd_topk,0.1,16.0,2040.0,random_restart_1,8,7.7221863746643065
2026-03-26T13:22:45,l2/init1/convnext_small_l2_2_init1,l1_apgd_topk,0.1,16.0,2040.0,random_restart_1,9,7.906515789031983
2026-03-26T13:22:45,l2/init1/convnext_small_l2_2_init1,l1_apgd_topk,0.1,16.0,2040.0,random_restart_1,10,8.070863151550293
2026-03-26T13:22:57,l2/init1/convnext_small_l2_2_init1,l1_apgd_topk,0.1,16.0,2040.0,random_restart_2,1,0.7660019814968109
2026-03-26T13:22:57,l2/init1/convnext_small_l2_2_init1,l1_apgd_topk,0.1,16.0,2040.0,random_restart_2,2,2.9507853507995607
2026-03-26T13:22:57,l2/init1/convnext_small_l2_2_init1,l1_apgd_topk,0.1,16.0,2040.0,random_restart_2,3,4.667324161529541
2026-03-26T13:22:57,l2/init1/convnext_small_l2_2_init1,l1_apgd_topk,0.1,16.0,2040.0,random_restart_2,4,5.843291473388672
2026-03-26T13:22:57,l2/init1/convnext_small_l2_2_init1,l1_apgd_topk,0.1,16.0,2040.0,random_restart_2,5,6.684896659851074
2026-03-26T13:22:57,l2/init1/convnext_small_l2_2_init1,l1_apgd_topk,0.1,16.0,2040.0,random_restart_2,6,7.1593352317810055
2026-03-26T13:22:57,l2/init1/convnext_small_l2_2_init1,l1_apgd_topk,0.1,16.0,2040.0,random_restart_2,7,7.509707736968994
2026-03-26T13:22:57,l2/init1/convnext_small_l2_2_init1,l1_apgd_topk,0.1,16.0,2040.0,random_restart_2,8,7.819023132324219
2026-03-26T13:22:57,l2/init1/convnext_small_l2_2_init1,l1_apgd_topk,0.1,16.0,2040.0,random_restart_2,9,7.919252014160156
2026-03-26T13:22:57,l2/init1/convnext_small_l2_2_init1,l1_apgd_topk,0.1,16.0,2040.0,random_restart_2,10,8.175760746002197
2026-03-26T13:23:09,l2/init1/convnext_small_l2_2_init1,l1_apgd_topk,0.1,16.0,2040.0,random_restart_3,1,0.7662764191627502
2026-03-26T13:23:09,l2/init1/convnext_small_l2_2_init1,l1_apgd_topk,0.1,16.0,2040.0,random_restart_3,2,2.949556064605713
2026-03-26T13:23:09,l2/init1/convnext_small_l2_2_init1,l1_apgd_topk,0.1,16.0,2040.0,random_restart_3,3,4.666848278045654
2026-03-26T13:23:09,l2/init1/convnext_small_l2_2_init1,l1_apgd_topk,0.1,16.0,2040.0,random_restart_3,4,5.839863014221192
2026-03-26T13:23:09,l2/init1/convnext_small_l2_2_init1,l1_apgd_topk,0.1,16.0,2040.0,random_restart_3,5,6.6518049240112305
2026-03-26T13:23:09,l2/init1/convnext_small_l2_2_init1,l1_apgd_topk,0.1,16.0,2040.0,random_restart_3,6,7.171452903747559
2026-03-26T13:23:09,l2/init1/convnext_small_l2_2_init1,l1_apgd_topk,0.1,16.0,2040.0,random_restart_3,7,7.482755088806153
2026-03-26T13:23:09,l2/init1/convnext_small_l2_2_init1,l1_apgd_topk,0.1,16.0,2040.0,random_restart_3,8,7.68111515045166
2026-03-26T13:23:09,l2/init1/convnext_small_l2_2_init1,l1_apgd_topk,0.1,16.0,2040.0,random_restart_3,9,8.018805980682373
2026-03-26T13:23:09,l2/init1/convnext_small_l2_2_init1,l1_apgd_topk,0.1,16.0,2040.0,random_restart_3,10,8.171826839447021
2026-03-26T13:23:20,l2/init1/convnext_small_l2_2_init1,fw_onehot,,16.0,2040.0,deterministic,1,0.7629454612731934
2026-03-26T13:23:20,l2/init1/convnext_small_l2_2_init1,fw_onehot,,16.0,2040.0,deterministic,2,0.765360426902771
2026-03-26T13:23:20,l2/init1/convnext_small_l2_2_init1,fw_onehot,,16.0,2040.0,deterministic,3,0.7668377995491028
2026-03-26T13:23:20,l2/init1/convnext_small_l2_2_init1,fw_onehot,,16.0,2040.0,deterministic,4,0.7677806377410888
2026-03-26T13:23:20,l2/init1/convnext_small_l2_2_init1,fw_onehot,,16.0,2040.0,deterministic,5,0.7685741126537323
2026-03-26T13:23:20,l2/init1/convnext_small_l2_2_init1,fw_onehot,,16.0,2040.0,deterministic,6,0.7690964043140411
2026-03-26T13:23:20,l2/init1/convnext_small_l2_2_init1,fw_onehot,,16.0,2040.0,deterministic,7,0.7698777556419373
2026-03-26T13:23:20,l2/init1/convnext_small_l2_2_init1,fw_onehot,,16.0,2040.0,deterministic,8,0.7703275740146637
2026-03-26T13:23:20,l2/init1/convnext_small_l2_2_init1,fw_onehot,,16.0,2040.0,deterministic,9,0.7709575593471527
2026-03-26T13:23:20,l2/init1/convnext_small_l2_2_init1,fw_onehot,,16.0,2040.0,deterministic,10,0.7713285505771637
2026-03-26T13:23:34,linf/init1/convnext_small_linf_2_init1,baseline_l2norm,,1.0,127.5,deterministic,1,0.6673399388790131
2026-03-26T13:23:34,linf/init1/convnext_small_linf_2_init1,baseline_l2norm,,1.0,127.5,deterministic,2,1.187282931804657
2026-03-26T13:23:34,linf/init1/convnext_small_linf_2_init1,baseline_l2norm,,1.0,127.5,deterministic,3,1.5146258115768432
2026-03-26T13:23:34,linf/init1/convnext_small_linf_2_init1,baseline_l2norm,,1.0,127.5,deterministic,4,1.749957299232483
2026-03-26T13:23:34,linf/init1/convnext_small_linf_2_init1,baseline_l2norm,,1.0,127.5,deterministic,5,1.8761713743209838
2026-03-26T13:23:34,linf/init1/convnext_small_linf_2_init1,baseline_l2norm,,1.0,127.5,deterministic,6,1.9186146974563598
2026-03-26T13:23:34,linf/init1/convnext_small_linf_2_init1,baseline_l2norm,,1.0,127.5,deterministic,7,2.017258644104004
2026-03-26T13:23:34,linf/init1/convnext_small_linf_2_init1,baseline_l2norm,,1.0,127.5,deterministic,8,2.032406520843506
2026-03-26T13:23:34,linf/init1/convnext_small_linf_2_init1,baseline_l2norm,,1.0,127.5,deterministic,9,2.0680362701416017
2026-03-26T13:23:34,linf/init1/convnext_small_linf_2_init1,baseline_l2norm,,1.0,127.5,deterministic,10,2.076960587501526
2026-03-26T13:23:46,linf/init1/convnext_small_linf_2_init1,baseline_l2norm,,1.0,127.5,random_restart_1,1,0.6671414375305176
2026-03-26T13:23:46,linf/init1/convnext_small_linf_2_init1,baseline_l2norm,,1.0,127.5,random_restart_1,2,1.1851970911026002
2026-03-26T13:23:46,linf/init1/convnext_small_linf_2_init1,baseline_l2norm,,1.0,127.5,random_restart_1,3,1.5026516437530517
2026-03-26T13:23:46,linf/init1/convnext_small_linf_2_init1,baseline_l2norm,,1.0,127.5,random_restart_1,4,1.7533491611480714
2026-03-26T13:23:46,linf/init1/convnext_small_linf_2_init1,baseline_l2norm,,1.0,127.5,random_restart_1,5,1.870115613937378
2026-03-26T13:23:46,linf/init1/convnext_small_linf_2_init1,baseline_l2norm,,1.0,127.5,random_restart_1,6,1.9207924365997315
2026-03-26T13:23:46,linf/init1/convnext_small_linf_2_init1,baseline_l2norm,,1.0,127.5,random_restart_1,7,2.0081250190734865
2026-03-26T13:23:46,linf/init1/convnext_small_linf_2_init1,baseline_l2norm,,1.0,127.5,random_restart_1,8,1.9730860233306884
2026-03-26T13:23:46,linf/init1/convnext_small_linf_2_init1,baseline_l2norm,,1.0,127.5,random_restart_1,9,2.0886944770812987
2026-03-26T13:23:46,linf/init1/convnext_small_linf_2_init1,baseline_l2norm,,1.0,127.5,random_restart_1,10,2.04951434135437
2026-03-26T13:23:57,linf/init1/convnext_small_linf_2_init1,baseline_l2norm,,1.0,127.5,random_restart_2,1,0.6671713352203369
2026-03-26T13:23:57,linf/init1/convnext_small_linf_2_init1,baseline_l2norm,,1.0,127.5,random_restart_2,2,1.1846013426780702
2026-03-26T13:23:57,linf/init1/convnext_small_linf_2_init1,baseline_l2norm,,1.0,127.5,random_restart_2,3,1.5221609711647033
2026-03-26T13:23:57,linf/init1/convnext_small_linf_2_init1,baseline_l2norm,,1.0,127.5,random_restart_2,4,1.740717339515686
2026-03-26T13:23:57,linf/init1/convnext_small_linf_2_init1,baseline_l2norm,,1.0,127.5,random_restart_2,5,1.8711419105529785
2026-03-26T13:23:57,linf/init1/convnext_small_linf_2_init1,baseline_l2norm,,1.0,127.5,random_restart_2,6,1.9163464307785034
2026-03-26T13:23:57,linf/init1/convnext_small_linf_2_init1,baseline_l2norm,,1.0,127.5,random_restart_2,7,2.0110965251922606
2026-03-26T13:23:57,linf/init1/convnext_small_linf_2_init1,baseline_l2norm,,1.0,127.5,random_restart_2,8,1.9948618412017822
2026-03-26T13:23:57,linf/init1/convnext_small_linf_2_init1,baseline_l2norm,,1.0,127.5,random_restart_2,9,2.119139814376831
2026-03-26T13:23:57,linf/init1/convnext_small_linf_2_init1,baseline_l2norm,,1.0,127.5,random_restart_2,10,2.0567449808120726
2026-03-26T13:24:09,linf/init1/convnext_small_linf_2_init1,baseline_l2norm,,1.0,127.5,random_restart_3,1,0.6669625401496887
2026-03-26T13:24:09,linf/init1/convnext_small_linf_2_init1,baseline_l2norm,,1.0,127.5,random_restart_3,2,1.183262836933136
2026-03-26T13:24:09,linf/init1/convnext_small_linf_2_init1,baseline_l2norm,,1.0,127.5,random_restart_3,3,1.5133719086647033
2026-03-26T13:24:09,linf/init1/convnext_small_linf_2_init1,baseline_l2norm,,1.0,127.5,random_restart_3,4,1.7553466081619262
2026-03-26T13:24:09,linf/init1/convnext_small_linf_2_init1,baseline_l2norm,,1.0,127.5,random_restart_3,5,1.8724896430969238
2026-03-26T13:24:09,linf/init1/convnext_small_linf_2_init1,baseline_l2norm,,1.0,127.5,random_restart_3,6,1.927412223815918
2026-03-26T13:24:09,linf/init1/convnext_small_linf_2_init1,baseline_l2norm,,1.0,127.5,random_restart_3,7,2.0142109870910643
2026-03-26T13:24:09,linf/init1/convnext_small_linf_2_init1,baseline_l2norm,,1.0,127.5,random_restart_3,8,2.019955801963806
2026-03-26T13:24:09,linf/init1/convnext_small_linf_2_init1,baseline_l2norm,,1.0,127.5,random_restart_3,9,2.0770687580108644
2026-03-26T13:24:09,linf/init1/convnext_small_linf_2_init1,baseline_l2norm,,1.0,127.5,random_restart_3,10,2.084395098686218
2026-03-26T13:24:21,linf/init1/convnext_small_linf_2_init1,l1norm_step,,1.0,127.5,deterministic,1,0.6673399388790131
2026-03-26T13:24:21,linf/init1/convnext_small_linf_2_init1,l1norm_step,,1.0,127.5,deterministic,2,0.7559724867343902
2026-03-26T13:24:21,linf/init1/convnext_small_linf_2_init1,l1norm_step,,1.0,127.5,deterministic,3,0.8552810668945312
2026-03-26T13:24:21,linf/init1/convnext_small_linf_2_init1,l1norm_step,,1.0,127.5,deterministic,4,0.9627714991569519
2026-03-26T13:24:21,linf/init1/convnext_small_linf_2_init1,l1norm_step,,1.0,127.5,deterministic,5,1.0860420346260071
2026-03-26T13:24:21,linf/init1/convnext_small_linf_2_init1,l1norm_step,,1.0,127.5,deterministic,6,1.2134227633476258
2026-03-26T13:24:21,linf/init1/convnext_small_linf_2_init1,l1norm_step,,1.0,127.5,deterministic,7,1.3319361567497254
2026-03-26T13:24:21,linf/init1/convnext_small_linf_2_init1,l1norm_step,,1.0,127.5,deterministic,8,1.446302890777588
2026-03-26T13:24:21,linf/init1/convnext_small_linf_2_init1,l1norm_step,,1.0,127.5,deterministic,9,1.5549722552299499
2026-03-26T13:24:21,linf/init1/convnext_small_linf_2_init1,l1norm_step,,1.0,127.5,deterministic,10,1.6642970204353333
2026-03-26T13:24:33,linf/init1/convnext_small_linf_2_init1,l1norm_step,,1.0,127.5,random_restart_1,1,0.6671414375305176
2026-03-26T13:24:33,linf/init1/convnext_small_linf_2_init1,l1norm_step,,1.0,127.5,random_restart_1,2,0.7556970179080963
2026-03-26T13:24:33,linf/init1/convnext_small_linf_2_init1,l1norm_step,,1.0,127.5,random_restart_1,3,0.8496807992458344
2026-03-26T13:24:33,linf/init1/convnext_small_linf_2_init1,l1norm_step,,1.0,127.5,random_restart_1,4,0.9558073937892914
2026-03-26T13:24:33,linf/init1/convnext_small_linf_2_init1,l1norm_step,,1.0,127.5,random_restart_1,5,1.0645892024040222
2026-03-26T13:24:33,linf/init1/convnext_small_linf_2_init1,l1norm_step,,1.0,127.5,random_restart_1,6,1.1786216378211976
2026-03-26T13:24:33,linf/init1/convnext_small_linf_2_init1,l1norm_step,,1.0,127.5,random_restart_1,7,1.2957020163536073
2026-03-26T13:24:33,linf/init1/convnext_small_linf_2_init1,l1norm_step,,1.0,127.5,random_restart_1,8,1.4155290126800537
2026-03-26T13:24:33,linf/init1/convnext_small_linf_2_init1,l1norm_step,,1.0,127.5,random_restart_1,9,1.5312307715415954
2026-03-26T13:24:33,linf/init1/convnext_small_linf_2_init1,l1norm_step,,1.0,127.5,random_restart_1,10,1.649093008041382
2026-03-26T13:24:45,linf/init1/convnext_small_linf_2_init1,l1norm_step,,1.0,127.5,random_restart_2,1,0.6671713352203369
2026-03-26T13:24:45,linf/init1/convnext_small_linf_2_init1,l1norm_step,,1.0,127.5,random_restart_2,2,0.754664421081543
2026-03-26T13:24:45,linf/init1/convnext_small_linf_2_init1,l1norm_step,,1.0,127.5,random_restart_2,3,0.8521783232688904
2026-03-26T13:24:45,linf/init1/convnext_small_linf_2_init1,l1norm_step,,1.0,127.5,random_restart_2,4,0.9494689464569092
2026-03-26T13:24:45,linf/init1/convnext_small_linf_2_init1,l1norm_step,,1.0,127.5,random_restart_2,5,1.0602499127388
2026-03-26T13:24:45,linf/init1/convnext_small_linf_2_init1,l1norm_step,,1.0,127.5,random_restart_2,6,1.1708343267440795
2026-03-26T13:24:45,linf/init1/convnext_small_linf_2_init1,l1norm_step,,1.0,127.5,random_restart_2,7,1.2851386427879334
2026-03-26T13:24:45,linf/init1/convnext_small_linf_2_init1,l1norm_step,,1.0,127.5,random_restart_2,8,1.4077693581581117
2026-03-26T13:24:45,linf/init1/convnext_small_linf_2_init1,l1norm_step,,1.0,127.5,random_restart_2,9,1.5289129734039306
2026-03-26T13:24:45,linf/init1/convnext_small_linf_2_init1,l1norm_step,,1.0,127.5,random_restart_2,10,1.6451623439788818
2026-03-26T13:24:56,linf/init1/convnext_small_linf_2_init1,l1norm_step,,1.0,127.5,random_restart_3,1,0.6669625401496887
2026-03-26T13:24:56,linf/init1/convnext_small_linf_2_init1,l1norm_step,,1.0,127.5,random_restart_3,2,0.7530550360679626
2026-03-26T13:24:56,linf/init1/convnext_small_linf_2_init1,l1norm_step,,1.0,127.5,random_restart_3,3,0.8492011785507202
2026-03-26T13:24:56,linf/init1/convnext_small_linf_2_init1,l1norm_step,,1.0,127.5,random_restart_3,4,0.9516253113746643
2026-03-26T13:24:56,linf/init1/convnext_small_linf_2_init1,l1norm_step,,1.0,127.5,random_restart_3,5,1.0598143100738526
2026-03-26T13:24:56,linf/init1/convnext_small_linf_2_init1,l1norm_step,,1.0,127.5,random_restart_3,6,1.171725857257843
2026-03-26T13:24:56,linf/init1/convnext_small_linf_2_init1,l1norm_step,,1.0,127.5,random_restart_3,7,1.2888361811637878
2026-03-26T13:24:56,linf/init1/convnext_small_linf_2_init1,l1norm_step,,1.0,127.5,random_restart_3,8,1.4073281049728394
2026-03-26T13:24:56,linf/init1/convnext_small_linf_2_init1,l1norm_step,,1.0,127.5,random_restart_3,9,1.5261653900146483
2026-03-26T13:24:56,linf/init1/convnext_small_linf_2_init1,l1norm_step,,1.0,127.5,random_restart_3,10,1.643003225326538
2026-03-26T13:25:08,linf/init1/convnext_small_linf_2_init1,raw_grad_step,,1.0,127.5,deterministic,1,0.6673399388790131
2026-03-26T13:25:08,linf/init1/convnext_small_linf_2_init1,raw_grad_step,,1.0,127.5,deterministic,2,0.8776191711425781
2026-03-26T13:25:08,linf/init1/convnext_small_linf_2_init1,raw_grad_step,,1.0,127.5,deterministic,3,1.0662217259407043
2026-03-26T13:25:08,linf/init1/convnext_small_linf_2_init1,raw_grad_step,,1.0,127.5,deterministic,4,1.2260024905204774
2026-03-26T13:25:08,linf/init1/convnext_small_linf_2_init1,raw_grad_step,,1.0,127.5,deterministic,5,1.3676483988761903
2026-03-26T13:25:08,linf/init1/convnext_small_linf_2_init1,raw_grad_step,,1.0,127.5,deterministic,6,1.4938080310821533
2026-03-26T13:25:08,linf/init1/convnext_small_linf_2_init1,raw_grad_step,,1.0,127.5,deterministic,7,1.6166351199150086
2026-03-26T13:25:08,linf/init1/convnext_small_linf_2_init1,raw_grad_step,,1.0,127.5,deterministic,8,1.738294529914856
2026-03-26T13:25:08,linf/init1/convnext_small_linf_2_init1,raw_grad_step,,1.0,127.5,deterministic,9,1.8564772367477418
2026-03-26T13:25:08,linf/init1/convnext_small_linf_2_init1,raw_grad_step,,1.0,127.5,deterministic,10,1.9844346523284913
2026-03-26T13:25:20,linf/init1/convnext_small_linf_2_init1,raw_grad_step,,1.0,127.5,random_restart_1,1,0.6671414375305176
2026-03-26T13:25:20,linf/init1/convnext_small_linf_2_init1,raw_grad_step,,1.0,127.5,random_restart_1,2,0.8636640191078186
2026-03-26T13:25:20,linf/init1/convnext_small_linf_2_init1,raw_grad_step,,1.0,127.5,random_restart_1,3,1.0575294852256776
2026-03-26T13:25:20,linf/init1/convnext_small_linf_2_init1,raw_grad_step,,1.0,127.5,random_restart_1,4,1.2066521167755127
2026-03-26T13:25:20,linf/init1/convnext_small_linf_2_init1,raw_grad_step,,1.0,127.5,random_restart_1,5,1.3478167653083801
2026-03-26T13:25:20,linf/init1/convnext_small_linf_2_init1,raw_grad_step,,1.0,127.5,random_restart_1,6,1.483424460887909
2026-03-26T13:25:20,linf/init1/convnext_small_linf_2_init1,raw_grad_step,,1.0,127.5,random_restart_1,7,1.6062325358390808
2026-03-26T13:25:20,linf/init1/convnext_small_linf_2_init1,raw_grad_step,,1.0,127.5,random_restart_1,8,1.7208603143692016
2026-03-26T13:25:20,linf/init1/convnext_small_linf_2_init1,raw_grad_step,,1.0,127.5,random_restart_1,9,1.853125524520874
2026-03-26T13:25:20,linf/init1/convnext_small_linf_2_init1,raw_grad_step,,1.0,127.5,random_restart_1,10,1.9712016582489014
2026-03-26T13:25:32,linf/init1/convnext_small_linf_2_init1,raw_grad_step,,1.0,127.5,random_restart_2,1,0.6671713352203369
2026-03-26T13:25:32,linf/init1/convnext_small_linf_2_init1,raw_grad_step,,1.0,127.5,random_restart_2,2,0.8678848028182984
2026-03-26T13:25:32,linf/init1/convnext_small_linf_2_init1,raw_grad_step,,1.0,127.5,random_restart_2,3,1.056438833475113
2026-03-26T13:25:32,linf/init1/convnext_small_linf_2_init1,raw_grad_step,,1.0,127.5,random_restart_2,4,1.2100871443748473
2026-03-26T13:25:32,linf/init1/convnext_small_linf_2_init1,raw_grad_step,,1.0,127.5,random_restart_2,5,1.3614964604377746
2026-03-26T13:25:32,linf/init1/convnext_small_linf_2_init1,raw_grad_step,,1.0,127.5,random_restart_2,6,1.4754016995429993
2026-03-26T13:25:32,linf/init1/convnext_small_linf_2_init1,raw_grad_step,,1.0,127.5,random_restart_2,7,1.611821174621582
2026-03-26T13:25:32,linf/init1/convnext_small_linf_2_init1,raw_grad_step,,1.0,127.5,random_restart_2,8,1.7207221269607544
2026-03-26T13:25:32,linf/init1/convnext_small_linf_2_init1,raw_grad_step,,1.0,127.5,random_restart_2,9,1.8407251119613648
2026-03-26T13:25:32,linf/init1/convnext_small_linf_2_init1,raw_grad_step,,1.0,127.5,random_restart_2,10,1.9624691486358643
2026-03-26T13:25:44,linf/init1/convnext_small_linf_2_init1,raw_grad_step,,1.0,127.5,random_restart_3,1,0.6669625401496887
2026-03-26T13:25:44,linf/init1/convnext_small_linf_2_init1,raw_grad_step,,1.0,127.5,random_restart_3,2,0.8653789699077606
2026-03-26T13:25:44,linf/init1/convnext_small_linf_2_init1,raw_grad_step,,1.0,127.5,random_restart_3,3,1.0612936854362487
2026-03-26T13:25:44,linf/init1/convnext_small_linf_2_init1,raw_grad_step,,1.0,127.5,random_restart_3,4,1.2178555727005005
2026-03-26T13:25:44,linf/init1/convnext_small_linf_2_init1,raw_grad_step,,1.0,127.5,random_restart_3,5,1.3689812302589417
2026-03-26T13:25:44,linf/init1/convnext_small_linf_2_init1,raw_grad_step,,1.0,127.5,random_restart_3,6,1.483935809135437
2026-03-26T13:25:44,linf/init1/convnext_small_linf_2_init1,raw_grad_step,,1.0,127.5,random_restart_3,7,1.5969416618347168
2026-03-26T13:25:44,linf/init1/convnext_small_linf_2_init1,raw_grad_step,,1.0,127.5,random_restart_3,8,1.727448296546936
2026-03-26T13:25:44,linf/init1/convnext_small_linf_2_init1,raw_grad_step,,1.0,127.5,random_restart_3,9,1.8373318672180177
2026-03-26T13:25:44,linf/init1/convnext_small_linf_2_init1,raw_grad_step,,1.0,127.5,random_restart_3,10,1.956403660774231
2026-03-26T13:25:55,linf/init1/convnext_small_linf_2_init1,l1_apgd_topk,0.01,1.0,127.5,deterministic,1,0.6673399388790131
2026-03-26T13:25:55,linf/init1/convnext_small_linf_2_init1,l1_apgd_topk,0.01,1.0,127.5,deterministic,2,1.593004870414734
2026-03-26T13:25:55,linf/init1/convnext_small_linf_2_init1,l1_apgd_topk,0.01,1.0,127.5,deterministic,3,2.291600561141968
2026-03-26T13:25:55,linf/init1/convnext_small_linf_2_init1,l1_apgd_topk,0.01,1.0,127.5,deterministic,4,2.771479773521423
2026-03-26T13:25:55,linf/init1/convnext_small_linf_2_init1,l1_apgd_topk,0.01,1.0,127.5,deterministic,5,3.121953582763672
2026-03-26T13:25:55,linf/init1/convnext_small_linf_2_init1,l1_apgd_topk,0.01,1.0,127.5,deterministic,6,3.3920599937438967
2026-03-26T13:25:55,linf/init1/convnext_small_linf_2_init1,l1_apgd_topk,0.01,1.0,127.5,deterministic,7,3.584017038345337
2026-03-26T13:25:55,linf/init1/convnext_small_linf_2_init1,l1_apgd_topk,0.01,1.0,127.5,deterministic,8,3.7104420185089113
2026-03-26T13:25:55,linf/init1/convnext_small_linf_2_init1,l1_apgd_topk,0.01,1.0,127.5,deterministic,9,3.806942081451416
2026-03-26T13:25:55,linf/init1/convnext_small_linf_2_init1,l1_apgd_topk,0.01,1.0,127.5,deterministic,10,3.9191166877746584
2026-03-26T13:26:07,linf/init1/convnext_small_linf_2_init1,l1_apgd_topk,0.01,1.0,127.5,random_restart_1,1,0.6671414375305176
2026-03-26T13:26:07,linf/init1/convnext_small_linf_2_init1,l1_apgd_topk,0.01,1.0,127.5,random_restart_1,2,1.5872877597808839
2026-03-26T13:26:07,linf/init1/convnext_small_linf_2_init1,l1_apgd_topk,0.01,1.0,127.5,random_restart_1,3,2.2843333005905153
2026-03-26T13:26:07,linf/init1/convnext_small_linf_2_init1,l1_apgd_topk,0.01,1.0,127.5,random_restart_1,4,2.7715876579284666
2026-03-26T13:26:07,linf/init1/convnext_small_linf_2_init1,l1_apgd_topk,0.01,1.0,127.5,random_restart_1,5,3.136707830429077
2026-03-26T13:26:07,linf/init1/convnext_small_linf_2_init1,l1_apgd_topk,0.01,1.0,127.5,random_restart_1,6,3.3905185222625733
2026-03-26T13:26:07,linf/init1/convnext_small_linf_2_init1,l1_apgd_topk,0.01,1.0,127.5,random_restart_1,7,3.561675024032593
2026-03-26T13:26:07,linf/init1/convnext_small_linf_2_init1,l1_apgd_topk,0.01,1.0,127.5,random_restart_1,8,3.693893241882324
2026-03-26T13:26:07,linf/init1/convnext_small_linf_2_init1,l1_apgd_topk,0.01,1.0,127.5,random_restart_1,9,3.8541465759277345
2026-03-26T13:26:07,linf/init1/convnext_small_linf_2_init1,l1_apgd_topk,0.01,1.0,127.5,random_restart_1,10,3.9605384349822996
2026-03-26T13:26:19,linf/init1/convnext_small_linf_2_init1,l1_apgd_topk,0.01,1.0,127.5,random_restart_2,1,0.6671713352203369
2026-03-26T13:26:19,linf/init1/convnext_small_linf_2_init1,l1_apgd_topk,0.01,1.0,127.5,random_restart_2,2,1.5936750411987304
2026-03-26T13:26:19,linf/init1/convnext_small_linf_2_init1,l1_apgd_topk,0.01,1.0,127.5,random_restart_2,3,2.288240337371826
2026-03-26T13:26:19,linf/init1/convnext_small_linf_2_init1,l1_apgd_topk,0.01,1.0,127.5,random_restart_2,4,2.7782169818878173
2026-03-26T13:26:19,linf/init1/convnext_small_linf_2_init1,l1_apgd_topk,0.01,1.0,127.5,random_restart_2,5,3.137627696990967
2026-03-26T13:26:19,linf/init1/convnext_small_linf_2_init1,l1_apgd_topk,0.01,1.0,127.5,random_restart_2,6,3.3813405990600587
2026-03-26T13:26:19,linf/init1/convnext_small_linf_2_init1,l1_apgd_topk,0.01,1.0,127.5,random_restart_2,7,3.568258810043335
2026-03-26T13:26:19,linf/init1/convnext_small_linf_2_init1,l1_apgd_topk,0.01,1.0,127.5,random_restart_2,8,3.6794114112854004
2026-03-26T13:26:19,linf/init1/convnext_small_linf_2_init1,l1_apgd_topk,0.01,1.0,127.5,random_restart_2,9,3.8147256851196287
2026-03-26T13:26:19,linf/init1/convnext_small_linf_2_init1,l1_apgd_topk,0.01,1.0,127.5,random_restart_2,10,3.9271255016326903
2026-03-26T13:26:31,linf/init1/convnext_small_linf_2_init1,l1_apgd_topk,0.01,1.0,127.5,random_restart_3,1,0.6669625401496887
2026-03-26T13:26:31,linf/init1/convnext_small_linf_2_init1,l1_apgd_topk,0.01,1.0,127.5,random_restart_3,2,1.5926467180252075
2026-03-26T13:26:31,linf/init1/convnext_small_linf_2_init1,l1_apgd_topk,0.01,1.0,127.5,random_restart_3,3,2.286508083343506
2026-03-26T13:26:31,linf/init1/convnext_small_linf_2_init1,l1_apgd_topk,0.01,1.0,127.5,random_restart_3,4,2.768336820602417
2026-03-26T13:26:31,linf/init1/convnext_small_linf_2_init1,l1_apgd_topk,0.01,1.0,127.5,random_restart_3,5,3.1288636684417725
2026-03-26T13:26:31,linf/init1/convnext_small_linf_2_init1,l1_apgd_topk,0.01,1.0,127.5,random_restart_3,6,3.404513359069824
2026-03-26T13:26:31,linf/init1/convnext_small_linf_2_init1,l1_apgd_topk,0.01,1.0,127.5,random_restart_3,7,3.578006315231323
2026-03-26T13:26:31,linf/init1/convnext_small_linf_2_init1,l1_apgd_topk,0.01,1.0,127.5,random_restart_3,8,3.7029091358184814
2026-03-26T13:26:31,linf/init1/convnext_small_linf_2_init1,l1_apgd_topk,0.01,1.0,127.5,random_restart_3,9,3.8369921684265136
2026-03-26T13:26:31,linf/init1/convnext_small_linf_2_init1,l1_apgd_topk,0.01,1.0,127.5,random_restart_3,10,3.9347245693206787
2026-03-26T13:26:43,linf/init1/convnext_small_linf_2_init1,l1_apgd_topk,0.05,1.0,127.5,deterministic,1,0.6673399388790131
2026-03-26T13:26:43,linf/init1/convnext_small_linf_2_init1,l1_apgd_topk,0.05,1.0,127.5,deterministic,2,1.1638506531715394
2026-03-26T13:26:43,linf/init1/convnext_small_linf_2_init1,l1_apgd_topk,0.05,1.0,127.5,deterministic,3,1.3625381350517274
2026-03-26T13:26:43,linf/init1/convnext_small_linf_2_init1,l1_apgd_topk,0.05,1.0,127.5,deterministic,4,1.405790913105011
2026-03-26T13:26:43,linf/init1/convnext_small_linf_2_init1,l1_apgd_topk,0.05,1.0,127.5,deterministic,5,1.4401988863945008
2026-03-26T13:26:43,linf/init1/convnext_small_linf_2_init1,l1_apgd_topk,0.05,1.0,127.5,deterministic,6,1.4498667955398559
2026-03-26T13:26:43,linf/init1/convnext_small_linf_2_init1,l1_apgd_topk,0.05,1.0,127.5,deterministic,7,1.476661205291748
2026-03-26T13:26:43,linf/init1/convnext_small_linf_2_init1,l1_apgd_topk,0.05,1.0,127.5,deterministic,8,1.4641631603240968
2026-03-26T13:26:43,linf/init1/convnext_small_linf_2_init1,l1_apgd_topk,0.05,1.0,127.5,deterministic,9,1.4841892719268799
2026-03-26T13:26:43,linf/init1/convnext_small_linf_2_init1,l1_apgd_topk,0.05,1.0,127.5,deterministic,10,1.470788037776947
2026-03-26T13:26:55,linf/init1/convnext_small_linf_2_init1,l1_apgd_topk,0.05,1.0,127.5,random_restart_1,1,0.6671414375305176
2026-03-26T13:26:55,linf/init1/convnext_small_linf_2_init1,l1_apgd_topk,0.05,1.0,127.5,random_restart_1,2,1.1582562685012818
2026-03-26T13:26:55,linf/init1/convnext_small_linf_2_init1,l1_apgd_topk,0.05,1.0,127.5,random_restart_1,3,1.3630849480628968
2026-03-26T13:26:55,linf/init1/convnext_small_linf_2_init1,l1_apgd_topk,0.05,1.0,127.5,random_restart_1,4,1.399100124835968
2026-03-26T13:26:55,linf/init1/convnext_small_linf_2_init1,l1_apgd_topk,0.05,1.0,127.5,random_restart_1,5,1.4472994327545166
2026-03-26T13:26:55,linf/init1/convnext_small_linf_2_init1,l1_apgd_topk,0.05,1.0,127.5,random_restart_1,6,1.4361842155456543
2026-03-26T13:26:55,linf/init1/convnext_small_linf_2_init1,l1_apgd_topk,0.05,1.0,127.5,random_restart_1,7,1.473718237876892
2026-03-26T13:26:55,linf/init1/convnext_small_linf_2_init1,l1_apgd_topk,0.05,1.0,127.5,random_restart_1,8,1.4624623656272888
2026-03-26T13:26:55,linf/init1/convnext_small_linf_2_init1,l1_apgd_topk,0.05,1.0,127.5,random_restart_1,9,1.4914709687232972
2026-03-26T13:26:55,linf/init1/convnext_small_linf_2_init1,l1_apgd_topk,0.05,1.0,127.5,random_restart_1,10,1.4743337750434875
2026-03-26T13:27:06,linf/init1/convnext_small_linf_2_init1,l1_apgd_topk,0.05,1.0,127.5,random_restart_2,1,0.6671713352203369
2026-03-26T13:27:06,linf/init1/convnext_small_linf_2_init1,l1_apgd_topk,0.05,1.0,127.5,random_restart_2,2,1.1618109107017518
2026-03-26T13:27:06,linf/init1/convnext_small_linf_2_init1,l1_apgd_topk,0.05,1.0,127.5,random_restart_2,3,1.3676247119903564
2026-03-26T13:27:06,linf/init1/convnext_small_linf_2_init1,l1_apgd_topk,0.05,1.0,127.5,random_restart_2,4,1.3948670387268067
2026-03-26T13:27:06,linf/init1/convnext_small_linf_2_init1,l1_apgd_topk,0.05,1.0,127.5,random_restart_2,5,1.4469473361968994
2026-03-26T13:27:06,linf/init1/convnext_small_linf_2_init1,l1_apgd_topk,0.05,1.0,127.5,random_restart_2,6,1.4450591206550598
2026-03-26T13:27:06,linf/init1/convnext_small_linf_2_init1,l1_apgd_topk,0.05,1.0,127.5,random_restart_2,7,1.4526929616928101
2026-03-26T13:27:06,linf/init1/convnext_small_linf_2_init1,l1_apgd_topk,0.05,1.0,127.5,random_restart_2,8,1.481982171535492
2026-03-26T13:27:06,linf/init1/convnext_small_linf_2_init1,l1_apgd_topk,0.05,1.0,127.5,random_restart_2,9,1.4950051307678223
2026-03-26T13:27:06,linf/init1/convnext_small_linf_2_init1,l1_apgd_topk,0.05,1.0,127.5,random_restart_2,10,1.4714167594909668
2026-03-26T13:27:18,linf/init1/convnext_small_linf_2_init1,l1_apgd_topk,0.05,1.0,127.5,random_restart_3,1,0.6669625401496887
2026-03-26T13:27:18,linf/init1/convnext_small_linf_2_init1,l1_apgd_topk,0.05,1.0,127.5,random_restart_3,2,1.1615737080574036
2026-03-26T13:27:18,linf/init1/convnext_small_linf_2_init1,l1_apgd_topk,0.05,1.0,127.5,random_restart_3,3,1.3672410249710083
2026-03-26T13:27:18,linf/init1/convnext_small_linf_2_init1,l1_apgd_topk,0.05,1.0,127.5,random_restart_3,4,1.3999254941940307
2026-03-26T13:27:18,linf/init1/convnext_small_linf_2_init1,l1_apgd_topk,0.05,1.0,127.5,random_restart_3,5,1.428084671497345
2026-03-26T13:27:18,linf/init1/convnext_small_linf_2_init1,l1_apgd_topk,0.05,1.0,127.5,random_restart_3,6,1.4394386172294618
2026-03-26T13:27:18,linf/init1/convnext_small_linf_2_init1,l1_apgd_topk,0.05,1.0,127.5,random_restart_3,7,1.4652771353721619
2026-03-26T13:27:18,linf/init1/convnext_small_linf_2_init1,l1_apgd_topk,0.05,1.0,127.5,random_restart_3,8,1.4857454538345336
2026-03-26T13:27:18,linf/init1/convnext_small_linf_2_init1,l1_apgd_topk,0.05,1.0,127.5,random_restart_3,9,1.4846786737442017
2026-03-26T13:27:18,linf/init1/convnext_small_linf_2_init1,l1_apgd_topk,0.05,1.0,127.5,random_restart_3,10,1.4993039965629578
2026-03-26T13:27:30,linf/init1/convnext_small_linf_2_init1,l1_apgd_topk,0.1,1.0,127.5,deterministic,1,0.6673399388790131
2026-03-26T13:27:30,linf/init1/convnext_small_linf_2_init1,l1_apgd_topk,0.1,1.0,127.5,deterministic,2,0.9886629819869995
2026-03-26T13:27:30,linf/init1/convnext_small_linf_2_init1,l1_apgd_topk,0.1,1.0,127.5,deterministic,3,1.0863799691200255
2026-03-26T13:27:30,linf/init1/convnext_small_linf_2_init1,l1_apgd_topk,0.1,1.0,127.5,deterministic,4,1.089385974407196
2026-03-26T13:27:30,linf/init1/convnext_small_linf_2_init1,l1_apgd_topk,0.1,1.0,127.5,deterministic,5,1.1153929591178895
2026-03-26T13:27:30,linf/init1/convnext_small_linf_2_init1,l1_apgd_topk,0.1,1.0,127.5,deterministic,6,1.1177252292633058
2026-03-26T13:27:30,linf/init1/convnext_small_linf_2_init1,l1_apgd_topk,0.1,1.0,127.5,deterministic,7,1.1199745893478394
2026-03-26T13:27:30,linf/init1/convnext_small_linf_2_init1,l1_apgd_topk,0.1,1.0,127.5,deterministic,8,1.1264705538749695
2026-03-26T13:27:30,linf/init1/convnext_small_linf_2_init1,l1_apgd_topk,0.1,1.0,127.5,deterministic,9,1.1228726625442504
2026-03-26T13:27:30,linf/init1/convnext_small_linf_2_init1,l1_apgd_topk,0.1,1.0,127.5,deterministic,10,1.140862226486206
2026-03-26T13:27:42,linf/init1/convnext_small_linf_2_init1,l1_apgd_topk,0.1,1.0,127.5,random_restart_1,1,0.6671414375305176
2026-03-26T13:27:42,linf/init1/convnext_small_linf_2_init1,l1_apgd_topk,0.1,1.0,127.5,random_restart_1,2,0.9871231555938721
2026-03-26T13:27:42,linf/init1/convnext_small_linf_2_init1,l1_apgd_topk,0.1,1.0,127.5,random_restart_1,3,1.0854498267173767
2026-03-26T13:27:42,linf/init1/convnext_small_linf_2_init1,l1_apgd_topk,0.1,1.0,127.5,random_restart_1,4,1.0873712301254272
2026-03-26T13:27:42,linf/init1/convnext_small_linf_2_init1,l1_apgd_topk,0.1,1.0,127.5,random_restart_1,5,1.1171799182891846
2026-03-26T13:27:42,linf/init1/convnext_small_linf_2_init1,l1_apgd_topk,0.1,1.0,127.5,random_restart_1,6,1.1172802686691283
2026-03-26T13:27:42,linf/init1/convnext_small_linf_2_init1,l1_apgd_topk,0.1,1.0,127.5,random_restart_1,7,1.125756597518921
2026-03-26T13:27:42,linf/init1/convnext_small_linf_2_init1,l1_apgd_topk,0.1,1.0,127.5,random_restart_1,8,1.1245229244232178
2026-03-26T13:27:42,linf/init1/convnext_small_linf_2_init1,l1_apgd_topk,0.1,1.0,127.5,random_restart_1,9,1.1222004294395447
2026-03-26T13:27:42,linf/init1/convnext_small_linf_2_init1,l1_apgd_topk,0.1,1.0,127.5,random_restart_1,10,1.1383153200149536
2026-03-26T13:27:54,linf/init1/convnext_small_linf_2_init1,l1_apgd_topk,0.1,1.0,127.5,random_restart_2,1,0.6671713352203369
2026-03-26T13:27:54,linf/init1/convnext_small_linf_2_init1,l1_apgd_topk,0.1,1.0,127.5,random_restart_2,2,0.9870342969894409
2026-03-26T13:27:54,linf/init1/convnext_small_linf_2_init1,l1_apgd_topk,0.1,1.0,127.5,random_restart_2,3,1.0902090549468995
2026-03-26T13:27:54,linf/init1/convnext_small_linf_2_init1,l1_apgd_topk,0.1,1.0,127.5,random_restart_2,4,1.08891441822052
2026-03-26T13:27:54,linf/init1/convnext_small_linf_2_init1,l1_apgd_topk,0.1,1.0,127.5,random_restart_2,5,1.1117299318313598
2026-03-26T13:27:54,linf/init1/convnext_small_linf_2_init1,l1_apgd_topk,0.1,1.0,127.5,random_restart_2,6,1.1090025901794434
2026-03-26T13:27:54,linf/init1/convnext_small_linf_2_init1,l1_apgd_topk,0.1,1.0,127.5,random_restart_2,7,1.1182849645614623
2026-03-26T13:27:54,linf/init1/convnext_small_linf_2_init1,l1_apgd_topk,0.1,1.0,127.5,random_restart_2,8,1.1239968538284302
2026-03-26T13:27:54,linf/init1/convnext_small_linf_2_init1,l1_apgd_topk,0.1,1.0,127.5,random_restart_2,9,1.12497535943985
2026-03-26T13:27:54,linf/init1/convnext_small_linf_2_init1,l1_apgd_topk,0.1,1.0,127.5,random_restart_2,10,1.1306092143058777
2026-03-26T13:28:06,linf/init1/convnext_small_linf_2_init1,l1_apgd_topk,0.1,1.0,127.5,random_restart_3,1,0.6669625401496887
2026-03-26T13:28:06,linf/init1/convnext_small_linf_2_init1,l1_apgd_topk,0.1,1.0,127.5,random_restart_3,2,0.9824698448181153
2026-03-26T13:28:06,linf/init1/convnext_small_linf_2_init1,l1_apgd_topk,0.1,1.0,127.5,random_restart_3,3,1.0857335805892945
2026-03-26T13:28:06,linf/init1/convnext_small_linf_2_init1,l1_apgd_topk,0.1,1.0,127.5,random_restart_3,4,1.0898882627487183
2026-03-26T13:28:06,linf/init1/convnext_small_linf_2_init1,l1_apgd_topk,0.1,1.0,127.5,random_restart_3,5,1.1049576163291932
2026-03-26T13:28:06,linf/init1/convnext_small_linf_2_init1,l1_apgd_topk,0.1,1.0,127.5,random_restart_3,6,1.1133830189704894
2026-03-26T13:28:06,linf/init1/convnext_small_linf_2_init1,l1_apgd_topk,0.1,1.0,127.5,random_restart_3,7,1.1221975564956665
2026-03-26T13:28:06,linf/init1/convnext_small_linf_2_init1,l1_apgd_topk,0.1,1.0,127.5,random_restart_3,8,1.130938220024109
2026-03-26T13:28:06,linf/init1/convnext_small_linf_2_init1,l1_apgd_topk,0.1,1.0,127.5,random_restart_3,9,1.1199946403503418
2026-03-26T13:28:06,linf/init1/convnext_small_linf_2_init1,l1_apgd_topk,0.1,1.0,127.5,random_restart_3,10,1.1379395723342896
2026-03-26T13:28:17,linf/init1/convnext_small_linf_2_init1,fw_onehot,,1.0,127.5,deterministic,1,0.6673399388790131
2026-03-26T13:28:17,linf/init1/convnext_small_linf_2_init1,fw_onehot,,1.0,127.5,deterministic,2,0.6662070631980896
2026-03-26T13:28:17,linf/init1/convnext_small_linf_2_init1,fw_onehot,,1.0,127.5,deterministic,3,0.6795684397220612
2026-03-26T13:28:17,linf/init1/convnext_small_linf_2_init1,fw_onehot,,1.0,127.5,deterministic,4,0.6858890175819397
2026-03-26T13:28:17,linf/init1/convnext_small_linf_2_init1,fw_onehot,,1.0,127.5,deterministic,5,0.6878811061382294
2026-03-26T13:28:17,linf/init1/convnext_small_linf_2_init1,fw_onehot,,1.0,127.5,deterministic,6,0.6882834911346436
2026-03-26T13:28:17,linf/init1/convnext_small_linf_2_init1,fw_onehot,,1.0,127.5,deterministic,7,0.6892831206321717
2026-03-26T13:28:17,linf/init1/convnext_small_linf_2_init1,fw_onehot,,1.0,127.5,deterministic,8,0.6980506777763367
2026-03-26T13:28:17,linf/init1/convnext_small_linf_2_init1,fw_onehot,,1.0,127.5,deterministic,9,0.7023462891578675
2026-03-26T13:28:17,linf/init1/convnext_small_linf_2_init1,fw_onehot,,1.0,127.5,deterministic,10,0.6984816730022431
2026-03-26T13:28:29,linf/init1/convnext_small_linf_2_init1,baseline_l2norm,,2.0,255.0,deterministic,1,0.6673399388790131
2026-03-26T13:28:29,linf/init1/convnext_small_linf_2_init1,baseline_l2norm,,2.0,255.0,deterministic,2,1.2132455706596375
2026-03-26T13:28:29,linf/init1/convnext_small_linf_2_init1,baseline_l2norm,,2.0,255.0,deterministic,3,1.4864918112754821
2026-03-26T13:28:29,linf/init1/convnext_small_linf_2_init1,baseline_l2norm,,2.0,255.0,deterministic,4,1.7109686613082886
2026-03-26T13:28:29,linf/init1/convnext_small_linf_2_init1,baseline_l2norm,,2.0,255.0,deterministic,5,1.8289261341094971
2026-03-26T13:28:29,linf/init1/convnext_small_linf_2_init1,baseline_l2norm,,2.0,255.0,deterministic,6,1.8200124979019165
2026-03-26T13:28:29,linf/init1/convnext_small_linf_2_init1,baseline_l2norm,,2.0,255.0,deterministic,7,1.8940975189208984
2026-03-26T13:28:29,linf/init1/convnext_small_linf_2_init1,baseline_l2norm,,2.0,255.0,deterministic,8,1.88219256401062
2026-03-26T13:28:29,linf/init1/convnext_small_linf_2_init1,baseline_l2norm,,2.0,255.0,deterministic,9,1.9920716762542725
2026-03-26T13:28:29,linf/init1/convnext_small_linf_2_init1,baseline_l2norm,,2.0,255.0,deterministic,10,1.9229498863220216
2026-03-26T13:28:41,linf/init1/convnext_small_linf_2_init1,baseline_l2norm,,2.0,255.0,random_restart_1,1,0.6670902371406555
2026-03-26T13:28:41,linf/init1/convnext_small_linf_2_init1,baseline_l2norm,,2.0,255.0,random_restart_1,2,1.2158928513526917
2026-03-26T13:28:41,linf/init1/convnext_small_linf_2_init1,baseline_l2norm,,2.0,255.0,random_restart_1,3,1.4846493005752563
2026-03-26T13:28:41,linf/init1/convnext_small_linf_2_init1,baseline_l2norm,,2.0,255.0,random_restart_1,4,1.71816725730896
2026-03-26T13:28:41,linf/init1/convnext_small_linf_2_init1,baseline_l2norm,,2.0,255.0,random_restart_1,5,1.8389167070388794
2026-03-26T13:28:41,linf/init1/convnext_small_linf_2_init1,baseline_l2norm,,2.0,255.0,random_restart_1,6,1.828095841407776
2026-03-26T13:28:41,linf/init1/convnext_small_linf_2_init1,baseline_l2norm,,2.0,255.0,random_restart_1,7,1.9106332063674927
2026-03-26T13:28:41,linf/init1/convnext_small_linf_2_init1,baseline_l2norm,,2.0,255.0,random_restart_1,8,1.9102276802062987
2026-03-26T13:28:41,linf/init1/convnext_small_linf_2_init1,baseline_l2norm,,2.0,255.0,random_restart_1,9,1.9287764072418212
2026-03-26T13:28:41,linf/init1/convnext_small_linf_2_init1,baseline_l2norm,,2.0,255.0,random_restart_1,10,1.94716157913208
2026-03-26T13:28:53,linf/init1/convnext_small_linf_2_init1,baseline_l2norm,,2.0,255.0,random_restart_2,1,0.6671089231967926
2026-03-26T13:28:53,linf/init1/convnext_small_linf_2_init1,baseline_l2norm,,2.0,255.0,random_restart_2,2,1.2141484022140503
2026-03-26T13:28:53,linf/init1/convnext_small_linf_2_init1,baseline_l2norm,,2.0,255.0,random_restart_2,3,1.4948473215103149
2026-03-26T13:28:53,linf/init1/convnext_small_linf_2_init1,baseline_l2norm,,2.0,255.0,random_restart_2,4,1.6991897702217102
2026-03-26T13:28:53,linf/init1/convnext_small_linf_2_init1,baseline_l2norm,,2.0,255.0,random_restart_2,5,1.7900993585586549
2026-03-26T13:28:53,linf/init1/convnext_small_linf_2_init1,baseline_l2norm,,2.0,255.0,random_restart_2,6,1.8384910583496095
2026-03-26T13:28:53,linf/init1/convnext_small_linf_2_init1,baseline_l2norm,,2.0,255.0,random_restart_2,7,1.935450029373169
2026-03-26T13:28:53,linf/init1/convnext_small_linf_2_init1,baseline_l2norm,,2.0,255.0,random_restart_2,8,1.8514142990112306
2026-03-26T13:28:53,linf/init1/convnext_small_linf_2_init1,baseline_l2norm,,2.0,255.0,random_restart_2,9,1.9861464262008668
2026-03-26T13:28:53,linf/init1/convnext_small_linf_2_init1,baseline_l2norm,,2.0,255.0,random_restart_2,10,1.9268318653106689
2026-03-26T13:29:05,linf/init1/convnext_small_linf_2_init1,baseline_l2norm,,2.0,255.0,random_restart_3,1,0.6666163206100464
2026-03-26T13:29:05,linf/init1/convnext_small_linf_2_init1,baseline_l2norm,,2.0,255.0,random_restart_3,2,1.2125773906707764
2026-03-26T13:29:05,linf/init1/convnext_small_linf_2_init1,baseline_l2norm,,2.0,255.0,random_restart_3,3,1.4830140709877013
2026-03-26T13:29:05,linf/init1/convnext_small_linf_2_init1,baseline_l2norm,,2.0,255.0,random_restart_3,4,1.7136939764022827
2026-03-26T13:29:05,linf/init1/convnext_small_linf_2_init1,baseline_l2norm,,2.0,255.0,random_restart_3,5,1.8184337615966797
2026-03-26T13:29:05,linf/init1/convnext_small_linf_2_init1,baseline_l2norm,,2.0,255.0,random_restart_3,6,1.8162797212600708
2026-03-26T13:29:05,linf/init1/convnext_small_linf_2_init1,baseline_l2norm,,2.0,255.0,random_restart_3,7,1.8931787729263305
2026-03-26T13:29:05,linf/init1/convnext_small_linf_2_init1,baseline_l2norm,,2.0,255.0,random_restart_3,8,1.880327081680298
2026-03-26T13:29:05,linf/init1/convnext_small_linf_2_init1,baseline_l2norm,,2.0,255.0,random_restart_3,9,1.990599513053894
2026-03-26T13:29:05,linf/init1/convnext_small_linf_2_init1,baseline_l2norm,,2.0,255.0,random_restart_3,10,1.94746732711792
2026-03-26T13:29:16,linf/init1/convnext_small_linf_2_init1,l1norm_step,,2.0,255.0,deterministic,1,0.6673399388790131
2026-03-26T13:29:16,linf/init1/convnext_small_linf_2_init1,l1norm_step,,2.0,255.0,deterministic,2,0.8453342914581299
2026-03-26T13:29:16,linf/init1/convnext_small_linf_2_init1,l1norm_step,,2.0,255.0,deterministic,3,1.0591564655303956
2026-03-26T13:29:16,linf/init1/convnext_small_linf_2_init1,l1norm_step,,2.0,255.0,deterministic,4,1.3079363346099853
2026-03-26T13:29:16,linf/init1/convnext_small_linf_2_init1,l1norm_step,,2.0,255.0,deterministic,5,1.5768882751464843
2026-03-26T13:29:16,linf/init1/convnext_small_linf_2_init1,l1norm_step,,2.0,255.0,deterministic,6,1.8739534139633178
2026-03-26T13:29:16,linf/init1/convnext_small_linf_2_init1,l1norm_step,,2.0,255.0,deterministic,7,2.148276352882385
2026-03-26T13:29:16,linf/init1/convnext_small_linf_2_init1,l1norm_step,,2.0,255.0,deterministic,8,2.4084229469299316
2026-03-26T13:29:16,linf/init1/convnext_small_linf_2_init1,l1norm_step,,2.0,255.0,deterministic,9,2.647129774093628
2026-03-26T13:29:16,linf/init1/convnext_small_linf_2_init1,l1norm_step,,2.0,255.0,deterministic,10,2.8733449220657348
2026-03-26T13:29:28,linf/init1/convnext_small_linf_2_init1,l1norm_step,,2.0,255.0,random_restart_1,1,0.6670902371406555
2026-03-26T13:29:28,linf/init1/convnext_small_linf_2_init1,l1norm_step,,2.0,255.0,random_restart_1,2,0.8426084756851197
2026-03-26T13:29:28,linf/init1/convnext_small_linf_2_init1,l1norm_step,,2.0,255.0,random_restart_1,3,1.0457996368408202
2026-03-26T13:29:28,linf/init1/convnext_small_linf_2_init1,l1norm_step,,2.0,255.0,random_restart_1,4,1.277358341217041
2026-03-26T13:29:28,linf/init1/convnext_small_linf_2_init1,l1norm_step,,2.0,255.0,random_restart_1,5,1.5254393577575684
2026-03-26T13:29:28,linf/init1/convnext_small_linf_2_init1,l1norm_step,,2.0,255.0,random_restart_1,6,1.7927772998809814
2026-03-26T13:29:28,linf/init1/convnext_small_linf_2_init1,l1norm_step,,2.0,255.0,random_restart_1,7,2.0643355369567873
2026-03-26T13:29:28,linf/init1/convnext_small_linf_2_init1,l1norm_step,,2.0,255.0,random_restart_1,8,2.3334624052047728
2026-03-26T13:29:28,linf/init1/convnext_small_linf_2_init1,l1norm_step,,2.0,255.0,random_restart_1,9,2.591140699386597
2026-03-26T13:29:28,linf/init1/convnext_small_linf_2_init1,l1norm_step,,2.0,255.0,random_restart_1,10,2.831410813331604
2026-03-26T13:29:40,linf/init1/convnext_small_linf_2_init1,l1norm_step,,2.0,255.0,random_restart_2,1,0.6671089231967926
2026-03-26T13:29:40,linf/init1/convnext_small_linf_2_init1,l1norm_step,,2.0,255.0,random_restart_2,2,0.8435074090957642
2026-03-26T13:29:40,linf/init1/convnext_small_linf_2_init1,l1norm_step,,2.0,255.0,random_restart_2,3,1.04353107213974
2026-03-26T13:29:40,linf/init1/convnext_small_linf_2_init1,l1norm_step,,2.0,255.0,random_restart_2,4,1.2729915976524353
2026-03-26T13:29:40,linf/init1/convnext_small_linf_2_init1,l1norm_step,,2.0,255.0,random_restart_2,5,1.5273951053619386
2026-03-26T13:29:40,linf/init1/convnext_small_linf_2_init1,l1norm_step,,2.0,255.0,random_restart_2,6,1.7907907485961914
2026-03-26T13:29:40,linf/init1/convnext_small_linf_2_init1,l1norm_step,,2.0,255.0,random_restart_2,7,2.060703659057617
2026-03-26T13:29:40,linf/init1/convnext_small_linf_2_init1,l1norm_step,,2.0,255.0,random_restart_2,8,2.329900693893433
2026-03-26T13:29:40,linf/init1/convnext_small_linf_2_init1,l1norm_step,,2.0,255.0,random_restart_2,9,2.583038902282715
2026-03-26T13:29:40,linf/init1/convnext_small_linf_2_init1,l1norm_step,,2.0,255.0,random_restart_2,10,2.8175750255584715
2026-03-26T13:29:52,linf/init1/convnext_small_linf_2_init1,l1norm_step,,2.0,255.0,random_restart_3,1,0.6666163206100464
2026-03-26T13:29:52,linf/init1/convnext_small_linf_2_init1,l1norm_step,,2.0,255.0,random_restart_3,2,0.8427996873855591
2026-03-26T13:29:52,linf/init1/convnext_small_linf_2_init1,l1norm_step,,2.0,255.0,random_restart_3,3,1.0511402845382691
2026-03-26T13:29:52,linf/init1/convnext_small_linf_2_init1,l1norm_step,,2.0,255.0,random_restart_3,4,1.2700735569000243
2026-03-26T13:29:52,linf/init1/convnext_small_linf_2_init1,l1norm_step,,2.0,255.0,random_restart_3,5,1.517209029197693
2026-03-26T13:29:52,linf/init1/convnext_small_linf_2_init1,l1norm_step,,2.0,255.0,random_restart_3,6,1.784042978286743
2026-03-26T13:29:52,linf/init1/convnext_small_linf_2_init1,l1norm_step,,2.0,255.0,random_restart_3,7,2.0518772840499877
2026-03-26T13:29:52,linf/init1/convnext_small_linf_2_init1,l1norm_step,,2.0,255.0,random_restart_3,8,2.3216859340667724
2026-03-26T13:29:52,linf/init1/convnext_small_linf_2_init1,l1norm_step,,2.0,255.0,random_restart_3,9,2.580087661743164
2026-03-26T13:29:52,linf/init1/convnext_small_linf_2_init1,l1norm_step,,2.0,255.0,random_restart_3,10,2.8225257635116576
2026-03-26T13:30:04,linf/init1/convnext_small_linf_2_init1,raw_grad_step,,2.0,255.0,deterministic,1,0.6673399388790131
2026-03-26T13:30:04,linf/init1/convnext_small_linf_2_init1,raw_grad_step,,2.0,255.0,deterministic,2,1.0266029357910156
2026-03-26T13:30:04,linf/init1/convnext_small_linf_2_init1,raw_grad_step,,2.0,255.0,deterministic,3,1.34093177318573
2026-03-26T13:30:04,linf/init1/convnext_small_linf_2_init1,raw_grad_step,,2.0,255.0,deterministic,4,1.6341329336166381
2026-03-26T13:30:04,linf/init1/convnext_small_linf_2_init1,raw_grad_step,,2.0,255.0,deterministic,5,1.9102845430374145
2026-03-26T13:30:04,linf/init1/convnext_small_linf_2_init1,raw_grad_step,,2.0,255.0,deterministic,6,2.1991073846817017
2026-03-26T13:30:04,linf/init1/convnext_small_linf_2_init1,raw_grad_step,,2.0,255.0,deterministic,7,2.4700446367263793
2026-03-26T13:30:04,linf/init1/convnext_small_linf_2_init1,raw_grad_step,,2.0,255.0,deterministic,8,2.701262664794922
2026-03-26T13:30:04,linf/init1/convnext_small_linf_2_init1,raw_grad_step,,2.0,255.0,deterministic,9,2.9108794927597046
2026-03-26T13:30:04,linf/init1/convnext_small_linf_2_init1,raw_grad_step,,2.0,255.0,deterministic,10,3.136778163909912
2026-03-26T13:30:15,linf/init1/convnext_small_linf_2_init1,raw_grad_step,,2.0,255.0,random_restart_1,1,0.6670902371406555
2026-03-26T13:30:15,linf/init1/convnext_small_linf_2_init1,raw_grad_step,,2.0,255.0,random_restart_1,2,1.0050201892852784
2026-03-26T13:30:15,linf/init1/convnext_small_linf_2_init1,raw_grad_step,,2.0,255.0,random_restart_1,3,1.3409941434860229
2026-03-26T13:30:15,linf/init1/convnext_small_linf_2_init1,raw_grad_step,,2.0,255.0,random_restart_1,4,1.6210555553436279
2026-03-26T13:30:15,linf/init1/convnext_small_linf_2_init1,raw_grad_step,,2.0,255.0,random_restart_1,5,1.8974605083465577
2026-03-26T13:30:15,linf/init1/convnext_small_linf_2_init1,raw_grad_step,,2.0,255.0,random_restart_1,6,2.1710226774215697
2026-03-26T13:30:15,linf/init1/convnext_small_linf_2_init1,raw_grad_step,,2.0,255.0,random_restart_1,7,2.453362798690796
2026-03-26T13:30:15,linf/init1/convnext_small_linf_2_init1,raw_grad_step,,2.0,255.0,random_restart_1,8,2.6712222337722777
2026-03-26T13:30:15,linf/init1/convnext_small_linf_2_init1,raw_grad_step,,2.0,255.0,random_restart_1,9,2.9000889539718626
2026-03-26T13:30:15,linf/init1/convnext_small_linf_2_init1,raw_grad_step,,2.0,255.0,random_restart_1,10,3.093440842628479
2026-03-26T13:30:27,linf/init1/convnext_small_linf_2_init1,raw_grad_step,,2.0,255.0,random_restart_2,1,0.6671089231967926
2026-03-26T13:30:27,linf/init1/convnext_small_linf_2_init1,raw_grad_step,,2.0,255.0,random_restart_2,2,1.0090164422988892
2026-03-26T13:30:27,linf/init1/convnext_small_linf_2_init1,raw_grad_step,,2.0,255.0,random_restart_2,3,1.334925401210785
2026-03-26T13:30:27,linf/init1/convnext_small_linf_2_init1,raw_grad_step,,2.0,255.0,random_restart_2,4,1.6132715702056886
2026-03-26T13:30:27,linf/init1/convnext_small_linf_2_init1,raw_grad_step,,2.0,255.0,random_restart_2,5,1.9002271175384522
2026-03-26T13:30:27,linf/init1/convnext_small_linf_2_init1,raw_grad_step,,2.0,255.0,random_restart_2,6,2.1659775257110594
2026-03-26T13:30:27,linf/init1/convnext_small_linf_2_init1,raw_grad_step,,2.0,255.0,random_restart_2,7,2.4418828964233397
2026-03-26T13:30:27,linf/init1/convnext_small_linf_2_init1,raw_grad_step,,2.0,255.0,random_restart_2,8,2.676688480377197
2026-03-26T13:30:27,linf/init1/convnext_small_linf_2_init1,raw_grad_step,,2.0,255.0,random_restart_2,9,2.8945250034332277
2026-03-26T13:30:27,linf/init1/convnext_small_linf_2_init1,raw_grad_step,,2.0,255.0,random_restart_2,10,3.0765586376190184
2026-03-26T13:30:39,linf/init1/convnext_small_linf_2_init1,raw_grad_step,,2.0,255.0,random_restart_3,1,0.6666163206100464
2026-03-26T13:30:39,linf/init1/convnext_small_linf_2_init1,raw_grad_step,,2.0,255.0,random_restart_3,2,1.0088565468788147
2026-03-26T13:30:39,linf/init1/convnext_small_linf_2_init1,raw_grad_step,,2.0,255.0,random_restart_3,3,1.3203009366989136
2026-03-26T13:30:39,linf/init1/convnext_small_linf_2_init1,raw_grad_step,,2.0,255.0,random_restart_3,4,1.608387815952301
2026-03-26T13:30:39,linf/init1/convnext_small_linf_2_init1,raw_grad_step,,2.0,255.0,random_restart_3,5,1.9037491083145142
2026-03-26T13:30:39,linf/init1/convnext_small_linf_2_init1,raw_grad_step,,2.0,255.0,random_restart_3,6,2.169178009033203
2026-03-26T13:30:39,linf/init1/convnext_small_linf_2_init1,raw_grad_step,,2.0,255.0,random_restart_3,7,2.452477478981018
2026-03-26T13:30:39,linf/init1/convnext_small_linf_2_init1,raw_grad_step,,2.0,255.0,random_restart_3,8,2.6809876441955565
2026-03-26T13:30:39,linf/init1/convnext_small_linf_2_init1,raw_grad_step,,2.0,255.0,random_restart_3,9,2.9053026914596556
2026-03-26T13:30:39,linf/init1/convnext_small_linf_2_init1,raw_grad_step,,2.0,255.0,random_restart_3,10,3.103779363632202
2026-03-26T13:30:51,linf/init1/convnext_small_linf_2_init1,l1_apgd_topk,0.01,2.0,255.0,deterministic,1,0.6673399388790131
2026-03-26T13:30:51,linf/init1/convnext_small_linf_2_init1,l1_apgd_topk,0.01,2.0,255.0,deterministic,2,1.9602327823638916
2026-03-26T13:30:51,linf/init1/convnext_small_linf_2_init1,l1_apgd_topk,0.01,2.0,255.0,deterministic,3,3.0854201316833496
2026-03-26T13:30:51,linf/init1/convnext_small_linf_2_init1,l1_apgd_topk,0.01,2.0,255.0,deterministic,4,3.783975028991699
2026-03-26T13:30:51,linf/init1/convnext_small_linf_2_init1,l1_apgd_topk,0.01,2.0,255.0,deterministic,5,4.22743787765503
2026-03-26T13:30:51,linf/init1/convnext_small_linf_2_init1,l1_apgd_topk,0.01,2.0,255.0,deterministic,6,4.470232009887695
2026-03-26T13:30:51,linf/init1/convnext_small_linf_2_init1,l1_apgd_topk,0.01,2.0,255.0,deterministic,7,4.672811126708984
2026-03-26T13:30:51,linf/init1/convnext_small_linf_2_init1,l1_apgd_topk,0.01,2.0,255.0,deterministic,8,4.899023580551147
2026-03-26T13:30:51,linf/init1/convnext_small_linf_2_init1,l1_apgd_topk,0.01,2.0,255.0,deterministic,9,5.038166618347168
2026-03-26T13:30:51,linf/init1/convnext_small_linf_2_init1,l1_apgd_topk,0.01,2.0,255.0,deterministic,10,5.194965839385986
2026-03-26T13:31:03,linf/init1/convnext_small_linf_2_init1,l1_apgd_topk,0.01,2.0,255.0,random_restart_1,1,0.6670902371406555
2026-03-26T13:31:03,linf/init1/convnext_small_linf_2_init1,l1_apgd_topk,0.01,2.0,255.0,random_restart_1,2,1.9691414833068848
2026-03-26T13:31:03,linf/init1/convnext_small_linf_2_init1,l1_apgd_topk,0.01,2.0,255.0,random_restart_1,3,3.0700348377227784
2026-03-26T13:31:03,linf/init1/convnext_small_linf_2_init1,l1_apgd_topk,0.01,2.0,255.0,random_restart_1,4,3.798045444488525
2026-03-26T13:31:03,linf/init1/convnext_small_linf_2_init1,l1_apgd_topk,0.01,2.0,255.0,random_restart_1,5,4.204102277755737
2026-03-26T13:31:03,linf/init1/convnext_small_linf_2_init1,l1_apgd_topk,0.01,2.0,255.0,random_restart_1,6,4.478777647018433
2026-03-26T13:31:03,linf/init1/convnext_small_linf_2_init1,l1_apgd_topk,0.01,2.0,255.0,random_restart_1,7,4.77210431098938
2026-03-26T13:31:03,linf/init1/convnext_small_linf_2_init1,l1_apgd_topk,0.01,2.0,255.0,random_restart_1,8,4.948623466491699
2026-03-26T13:31:03,linf/init1/convnext_small_linf_2_init1,l1_apgd_topk,0.01,2.0,255.0,random_restart_1,9,5.085440254211425
2026-03-26T13:31:03,linf/init1/convnext_small_linf_2_init1,l1_apgd_topk,0.01,2.0,255.0,random_restart_1,10,5.153081703186035
2026-03-26T13:31:15,linf/init1/convnext_small_linf_2_init1,l1_apgd_topk,0.01,2.0,255.0,random_restart_2,1,0.6671089231967926
2026-03-26T13:31:15,linf/init1/convnext_small_linf_2_init1,l1_apgd_topk,0.01,2.0,255.0,random_restart_2,2,1.9701356410980224
2026-03-26T13:31:15,linf/init1/convnext_small_linf_2_init1,l1_apgd_topk,0.01,2.0,255.0,random_restart_2,3,3.0770484447479247
2026-03-26T13:31:15,linf/init1/convnext_small_linf_2_init1,l1_apgd_topk,0.01,2.0,255.0,random_restart_2,4,3.7695325374603272
2026-03-26T13:31:15,linf/init1/convnext_small_linf_2_init1,l1_apgd_topk,0.01,2.0,255.0,random_restart_2,5,4.206618213653565
2026-03-26T13:31:15,linf/init1/convnext_small_linf_2_init1,l1_apgd_topk,0.01,2.0,255.0,random_restart_2,6,4.490821075439453
2026-03-26T13:31:15,linf/init1/convnext_small_linf_2_init1,l1_apgd_topk,0.01,2.0,255.0,random_restart_2,7,4.627210569381714
2026-03-26T13:31:15,linf/init1/convnext_small_linf_2_init1,l1_apgd_topk,0.01,2.0,255.0,random_restart_2,8,4.910778760910034
2026-03-26T13:31:15,linf/init1/convnext_small_linf_2_init1,l1_apgd_topk,0.01,2.0,255.0,random_restart_2,9,5.115671539306641
2026-03-26T13:31:15,linf/init1/convnext_small_linf_2_init1,l1_apgd_topk,0.01,2.0,255.0,random_restart_2,10,5.2053985595703125
2026-03-26T13:31:26,linf/init1/convnext_small_linf_2_init1,l1_apgd_topk,0.01,2.0,255.0,random_restart_3,1,0.6666163206100464
2026-03-26T13:31:26,linf/init1/convnext_small_linf_2_init1,l1_apgd_topk,0.01,2.0,255.0,random_restart_3,2,1.9674195051193237
2026-03-26T13:31:26,linf/init1/convnext_small_linf_2_init1,l1_apgd_topk,0.01,2.0,255.0,random_restart_3,3,3.1132349014282226
2026-03-26T13:31:26,linf/init1/convnext_small_linf_2_init1,l1_apgd_topk,0.01,2.0,255.0,random_restart_3,4,3.795874309539795
2026-03-26T13:31:26,linf/init1/convnext_small_linf_2_init1,l1_apgd_topk,0.01,2.0,255.0,random_restart_3,5,4.239702415466309
2026-03-26T13:31:26,linf/init1/convnext_small_linf_2_init1,l1_apgd_topk,0.01,2.0,255.0,random_restart_3,6,4.508509540557862
2026-03-26T13:31:26,linf/init1/convnext_small_linf_2_init1,l1_apgd_topk,0.01,2.0,255.0,random_restart_3,7,4.7551344871521
2026-03-26T13:31:26,linf/init1/convnext_small_linf_2_init1,l1_apgd_topk,0.01,2.0,255.0,random_restart_3,8,4.926228284835815
2026-03-26T13:31:26,linf/init1/convnext_small_linf_2_init1,l1_apgd_topk,0.01,2.0,255.0,random_restart_3,9,5.061702394485474
2026-03-26T13:31:26,linf/init1/convnext_small_linf_2_init1,l1_apgd_topk,0.01,2.0,255.0,random_restart_3,10,5.155963325500489
2026-03-26T13:31:38,linf/init1/convnext_small_linf_2_init1,l1_apgd_topk,0.05,2.0,255.0,deterministic,1,0.6673399388790131
2026-03-26T13:31:38,linf/init1/convnext_small_linf_2_init1,l1_apgd_topk,0.05,2.0,255.0,deterministic,2,1.6695605993270874
2026-03-26T13:31:38,linf/init1/convnext_small_linf_2_init1,l1_apgd_topk,0.05,2.0,255.0,deterministic,3,2.3670557022094725
2026-03-26T13:31:38,linf/init1/convnext_small_linf_2_init1,l1_apgd_topk,0.05,2.0,255.0,deterministic,4,2.6992194175720217
2026-03-26T13:31:38,linf/init1/convnext_small_linf_2_init1,l1_apgd_topk,0.05,2.0,255.0,deterministic,5,2.9487774848937987
2026-03-26T13:31:38,linf/init1/convnext_small_linf_2_init1,l1_apgd_topk,0.05,2.0,255.0,deterministic,6,3.1098719596862794
2026-03-26T13:31:38,linf/init1/convnext_small_linf_2_init1,l1_apgd_topk,0.05,2.0,255.0,deterministic,7,3.193880796432495
2026-03-26T13:31:38,linf/init1/convnext_small_linf_2_init1,l1_apgd_topk,0.05,2.0,255.0,deterministic,8,3.2780841827392577
2026-03-26T13:31:38,linf/init1/convnext_small_linf_2_init1,l1_apgd_topk,0.05,2.0,255.0,deterministic,9,3.330900859832764
2026-03-26T13:31:38,linf/init1/convnext_small_linf_2_init1,l1_apgd_topk,0.05,2.0,255.0,deterministic,10,3.3772396087646483
2026-03-26T13:31:50,linf/init1/convnext_small_linf_2_init1,l1_apgd_topk,0.05,2.0,255.0,random_restart_1,1,0.6670902371406555
2026-03-26T13:31:50,linf/init1/convnext_small_linf_2_init1,l1_apgd_topk,0.05,2.0,255.0,random_restart_1,2,1.6698024988174438
2026-03-26T13:31:50,linf/init1/convnext_small_linf_2_init1,l1_apgd_topk,0.05,2.0,255.0,random_restart_1,3,2.3616191387176513
2026-03-26T13:31:50,linf/init1/convnext_small_linf_2_init1,l1_apgd_topk,0.05,2.0,255.0,random_restart_1,4,2.716504383087158
2026-03-26T13:31:50,linf/init1/convnext_small_linf_2_init1,l1_apgd_topk,0.05,2.0,255.0,random_restart_1,5,2.9482216835021973
2026-03-26T13:31:50,linf/init1/convnext_small_linf_2_init1,l1_apgd_topk,0.05,2.0,255.0,random_restart_1,6,3.0939176082611084
2026-03-26T13:31:50,linf/init1/convnext_small_linf_2_init1,l1_apgd_topk,0.05,2.0,255.0,random_restart_1,7,3.1783729076385496
2026-03-26T13:31:50,linf/init1/convnext_small_linf_2_init1,l1_apgd_topk,0.05,2.0,255.0,random_restart_1,8,3.2884640216827394
2026-03-26T13:31:50,linf/init1/convnext_small_linf_2_init1,l1_apgd_topk,0.05,2.0,255.0,random_restart_1,9,3.3260833740234377
2026-03-26T13:31:50,linf/init1/convnext_small_linf_2_init1,l1_apgd_topk,0.05,2.0,255.0,random_restart_1,10,3.390029525756836
2026-03-26T13:32:02,linf/init1/convnext_small_linf_2_init1,l1_apgd_topk,0.05,2.0,255.0,random_restart_2,1,0.6671089231967926
2026-03-26T13:32:02,linf/init1/convnext_small_linf_2_init1,l1_apgd_topk,0.05,2.0,255.0,random_restart_2,2,1.666241955757141
2026-03-26T13:32:02,linf/init1/convnext_small_linf_2_init1,l1_apgd_topk,0.05,2.0,255.0,random_restart_2,3,2.353276014328003
2026-03-26T13:32:02,linf/init1/convnext_small_linf_2_init1,l1_apgd_topk,0.05,2.0,255.0,random_restart_2,4,2.706148862838745
2026-03-26T13:32:02,linf/init1/convnext_small_linf_2_init1,l1_apgd_topk,0.05,2.0,255.0,random_restart_2,5,2.9557754516601564
2026-03-26T13:32:02,linf/init1/convnext_small_linf_2_init1,l1_apgd_topk,0.05,2.0,255.0,random_restart_2,6,3.093149995803833
2026-03-26T13:32:02,linf/init1/convnext_small_linf_2_init1,l1_apgd_topk,0.05,2.0,255.0,random_restart_2,7,3.20381555557251
2026-03-26T13:32:02,linf/init1/convnext_small_linf_2_init1,l1_apgd_topk,0.05,2.0,255.0,random_restart_2,8,3.2804158687591554
2026-03-26T13:32:02,linf/init1/convnext_small_linf_2_init1,l1_apgd_topk,0.05,2.0,255.0,random_restart_2,9,3.323282480239868
2026-03-26T13:32:02,linf/init1/convnext_small_linf_2_init1,l1_apgd_topk,0.05,2.0,255.0,random_restart_2,10,3.383311939239502
2026-03-26T13:32:14,linf/init1/convnext_small_linf_2_init1,l1_apgd_topk,0.05,2.0,255.0,random_restart_3,1,0.6666163206100464
2026-03-26T13:32:14,linf/init1/convnext_small_linf_2_init1,l1_apgd_topk,0.05,2.0,255.0,random_restart_3,2,1.6683635711669922
2026-03-26T13:32:14,linf/init1/convnext_small_linf_2_init1,l1_apgd_topk,0.05,2.0,255.0,random_restart_3,3,2.3564560413360596
2026-03-26T13:32:14,linf/init1/convnext_small_linf_2_init1,l1_apgd_topk,0.05,2.0,255.0,random_restart_3,4,2.7027276515960694
2026-03-26T13:32:14,linf/init1/convnext_small_linf_2_init1,l1_apgd_topk,0.05,2.0,255.0,random_restart_3,5,2.949233961105347
2026-03-26T13:32:14,linf/init1/convnext_small_linf_2_init1,l1_apgd_topk,0.05,2.0,255.0,random_restart_3,6,3.093920850753784
2026-03-26T13:32:14,linf/init1/convnext_small_linf_2_init1,l1_apgd_topk,0.05,2.0,255.0,random_restart_3,7,3.220328712463379
2026-03-26T13:32:14,linf/init1/convnext_small_linf_2_init1,l1_apgd_topk,0.05,2.0,255.0,random_restart_3,8,3.2775543212890623
2026-03-26T13:32:14,linf/init1/convnext_small_linf_2_init1,l1_apgd_topk,0.05,2.0,255.0,random_restart_3,9,3.3550616264343263
2026-03-26T13:32:14,linf/init1/convnext_small_linf_2_init1,l1_apgd_topk,0.05,2.0,255.0,random_restart_3,10,3.3917941570281984
2026-03-26T13:32:26,linf/init1/convnext_small_linf_2_init1,l1_apgd_topk,0.1,2.0,255.0,deterministic,1,0.6673399388790131
2026-03-26T13:32:26,linf/init1/convnext_small_linf_2_init1,l1_apgd_topk,0.1,2.0,255.0,deterministic,2,1.3504188537597657
2026-03-26T13:32:26,linf/init1/convnext_small_linf_2_init1,l1_apgd_topk,0.1,2.0,255.0,deterministic,3,1.6863578319549561
2026-03-26T13:32:26,linf/init1/convnext_small_linf_2_init1,l1_apgd_topk,0.1,2.0,255.0,deterministic,4,1.7873411178588867
2026-03-26T13:32:26,linf/init1/convnext_small_linf_2_init1,l1_apgd_topk,0.1,2.0,255.0,deterministic,5,1.8671956539154053
2026-03-26T13:32:26,linf/init1/convnext_small_linf_2_init1,l1_apgd_topk,0.1,2.0,255.0,deterministic,6,1.9104300498962403
2026-03-26T13:32:26,linf/init1/convnext_small_linf_2_init1,l1_apgd_topk,0.1,2.0,255.0,deterministic,7,1.920866847038269
2026-03-26T13:32:26,linf/init1/convnext_small_linf_2_init1,l1_apgd_topk,0.1,2.0,255.0,deterministic,8,1.9564714431762695
2026-03-26T13:32:26,linf/init1/convnext_small_linf_2_init1,l1_apgd_topk,0.1,2.0,255.0,deterministic,9,1.9736454486846924
2026-03-26T13:32:26,linf/init1/convnext_small_linf_2_init1,l1_apgd_topk,0.1,2.0,255.0,deterministic,10,1.9750635147094726
2026-03-26T13:32:38,linf/init1/convnext_small_linf_2_init1,l1_apgd_topk,0.1,2.0,255.0,random_restart_1,1,0.6670902371406555
2026-03-26T13:32:38,linf/init1/convnext_small_linf_2_init1,l1_apgd_topk,0.1,2.0,255.0,random_restart_1,2,1.348775279521942
2026-03-26T13:32:38,linf/init1/convnext_small_linf_2_init1,l1_apgd_topk,0.1,2.0,255.0,random_restart_1,3,1.6804816722869873
2026-03-26T13:32:38,linf/init1/convnext_small_linf_2_init1,l1_apgd_topk,0.1,2.0,255.0,random_restart_1,4,1.7905643939971925
2026-03-26T13:32:38,linf/init1/convnext_small_linf_2_init1,l1_apgd_topk,0.1,2.0,255.0,random_restart_1,5,1.8727923154830932
2026-03-26T13:32:38,linf/init1/convnext_small_linf_2_init1,l1_apgd_topk,0.1,2.0,255.0,random_restart_1,6,1.9076215982437135
2026-03-26T13:32:38,linf/init1/convnext_small_linf_2_init1,l1_apgd_topk,0.1,2.0,255.0,random_restart_1,7,1.934516978263855
2026-03-26T13:32:38,linf/init1/convnext_small_linf_2_init1,l1_apgd_topk,0.1,2.0,255.0,random_restart_1,8,1.9493900537490845
2026-03-26T13:32:38,linf/init1/convnext_small_linf_2_init1,l1_apgd_topk,0.1,2.0,255.0,random_restart_1,9,1.9730579853057861
2026-03-26T13:32:38,linf/init1/convnext_small_linf_2_init1,l1_apgd_topk,0.1,2.0,255.0,random_restart_1,10,1.9887027740478516
2026-03-26T13:32:49,linf/init1/convnext_small_linf_2_init1,l1_apgd_topk,0.1,2.0,255.0,random_restart_2,1,0.6671089231967926
2026-03-26T13:32:49,linf/init1/convnext_small_linf_2_init1,l1_apgd_topk,0.1,2.0,255.0,random_restart_2,2,1.3495004177093506
2026-03-26T13:32:49,linf/init1/convnext_small_linf_2_init1,l1_apgd_topk,0.1,2.0,255.0,random_restart_2,3,1.68483567237854
2026-03-26T13:32:49,linf/init1/convnext_small_linf_2_init1,l1_apgd_topk,0.1,2.0,255.0,random_restart_2,4,1.781614899635315
2026-03-26T13:32:49,linf/init1/convnext_small_linf_2_init1,l1_apgd_topk,0.1,2.0,255.0,random_restart_2,5,1.8690971851348877
2026-03-26T13:32:49,linf/init1/convnext_small_linf_2_init1,l1_apgd_topk,0.1,2.0,255.0,random_restart_2,6,1.902696180343628
2026-03-26T13:32:49,linf/init1/convnext_small_linf_2_init1,l1_apgd_topk,0.1,2.0,255.0,random_restart_2,7,1.9368138313293457
2026-03-26T13:32:49,linf/init1/convnext_small_linf_2_init1,l1_apgd_topk,0.1,2.0,255.0,random_restart_2,8,1.9485278129577637
2026-03-26T13:32:49,linf/init1/convnext_small_linf_2_init1,l1_apgd_topk,0.1,2.0,255.0,random_restart_2,9,1.9625112056732177
2026-03-26T13:32:49,linf/init1/convnext_small_linf_2_init1,l1_apgd_topk,0.1,2.0,255.0,random_restart_2,10,1.9742349863052369
2026-03-26T13:33:01,linf/init1/convnext_small_linf_2_init1,l1_apgd_topk,0.1,2.0,255.0,random_restart_3,1,0.6666163206100464
2026-03-26T13:33:01,linf/init1/convnext_small_linf_2_init1,l1_apgd_topk,0.1,2.0,255.0,random_restart_3,2,1.3512328028678895
2026-03-26T13:33:01,linf/init1/convnext_small_linf_2_init1,l1_apgd_topk,0.1,2.0,255.0,random_restart_3,3,1.6888866662979125
2026-03-26T13:33:01,linf/init1/convnext_small_linf_2_init1,l1_apgd_topk,0.1,2.0,255.0,random_restart_3,4,1.7779811382293702
2026-03-26T13:33:01,linf/init1/convnext_small_linf_2_init1,l1_apgd_topk,0.1,2.0,255.0,random_restart_3,5,1.8647262096405028
2026-03-26T13:33:01,linf/init1/convnext_small_linf_2_init1,l1_apgd_topk,0.1,2.0,255.0,random_restart_3,6,1.9088545560836792
2026-03-26T13:33:01,linf/init1/convnext_small_linf_2_init1,l1_apgd_topk,0.1,2.0,255.0,random_restart_3,7,1.9265000581741334
2026-03-26T13:33:01,linf/init1/convnext_small_linf_2_init1,l1_apgd_topk,0.1,2.0,255.0,random_restart_3,8,1.952585220336914
2026-03-26T13:33:01,linf/init1/convnext_small_linf_2_init1,l1_apgd_topk,0.1,2.0,255.0,random_restart_3,9,1.9653339862823487
2026-03-26T13:33:01,linf/init1/convnext_small_linf_2_init1,l1_apgd_topk,0.1,2.0,255.0,random_restart_3,10,1.9713873863220215
2026-03-26T13:33:13,linf/init1/convnext_small_linf_2_init1,fw_onehot,,2.0,255.0,deterministic,1,0.6673399388790131
2026-03-26T13:33:13,linf/init1/convnext_small_linf_2_init1,fw_onehot,,2.0,255.0,deterministic,2,0.6662070631980896
2026-03-26T13:33:13,linf/init1/convnext_small_linf_2_init1,fw_onehot,,2.0,255.0,deterministic,3,0.6795684397220612
2026-03-26T13:33:13,linf/init1/convnext_small_linf_2_init1,fw_onehot,,2.0,255.0,deterministic,4,0.6858890175819397
2026-03-26T13:33:13,linf/init1/convnext_small_linf_2_init1,fw_onehot,,2.0,255.0,deterministic,5,0.6878811061382294
2026-03-26T13:33:13,linf/init1/convnext_small_linf_2_init1,fw_onehot,,2.0,255.0,deterministic,6,0.6882834911346436
2026-03-26T13:33:13,linf/init1/convnext_small_linf_2_init1,fw_onehot,,2.0,255.0,deterministic,7,0.6892831206321717
2026-03-26T13:33:13,linf/init1/convnext_small_linf_2_init1,fw_onehot,,2.0,255.0,deterministic,8,0.6980506777763367
2026-03-26T13:33:13,linf/init1/convnext_small_linf_2_init1,fw_onehot,,2.0,255.0,deterministic,9,0.7023462891578675
2026-03-26T13:33:13,linf/init1/convnext_small_linf_2_init1,fw_onehot,,2.0,255.0,deterministic,10,0.6984816730022431
2026-03-26T13:33:25,linf/init1/convnext_small_linf_2_init1,baseline_l2norm,,4.0,510.0,deterministic,1,0.6673399388790131
2026-03-26T13:33:25,linf/init1/convnext_small_linf_2_init1,baseline_l2norm,,4.0,510.0,deterministic,2,1.2187298655509948
2026-03-26T13:33:25,linf/init1/convnext_small_linf_2_init1,baseline_l2norm,,4.0,510.0,deterministic,3,1.4512673258781432
2026-03-26T13:33:25,linf/init1/convnext_small_linf_2_init1,baseline_l2norm,,4.0,510.0,deterministic,4,1.600702941417694
2026-03-26T13:33:25,linf/init1/convnext_small_linf_2_init1,baseline_l2norm,,4.0,510.0,deterministic,5,1.7063743114471435
2026-03-26T13:33:25,linf/init1/convnext_small_linf_2_init1,baseline_l2norm,,4.0,510.0,deterministic,6,1.7117876291275025
2026-03-26T13:33:25,linf/init1/convnext_small_linf_2_init1,baseline_l2norm,,4.0,510.0,deterministic,7,1.8151054859161377
2026-03-26T13:33:25,linf/init1/convnext_small_linf_2_init1,baseline_l2norm,,4.0,510.0,deterministic,8,1.7959914445877074
2026-03-26T13:33:25,linf/init1/convnext_small_linf_2_init1,baseline_l2norm,,4.0,510.0,deterministic,9,1.9104754686355592
2026-03-26T13:33:25,linf/init1/convnext_small_linf_2_init1,baseline_l2norm,,4.0,510.0,deterministic,10,1.8095396280288696
2026-03-26T13:33:37,linf/init1/convnext_small_linf_2_init1,baseline_l2norm,,4.0,510.0,random_restart_1,1,0.667386269569397
2026-03-26T13:33:37,linf/init1/convnext_small_linf_2_init1,baseline_l2norm,,4.0,510.0,random_restart_1,2,1.2257785320281982
2026-03-26T13:33:37,linf/init1/convnext_small_linf_2_init1,baseline_l2norm,,4.0,510.0,random_restart_1,3,1.4646501302719117
2026-03-26T13:33:37,linf/init1/convnext_small_linf_2_init1,baseline_l2norm,,4.0,510.0,random_restart_1,4,1.627434742450714
2026-03-26T13:33:37,linf/init1/convnext_small_linf_2_init1,baseline_l2norm,,4.0,510.0,random_restart_1,5,1.70979483127594
2026-03-26T13:33:37,linf/init1/convnext_small_linf_2_init1,baseline_l2norm,,4.0,510.0,random_restart_1,6,1.7226561427116394
2026-03-26T13:33:37,linf/init1/convnext_small_linf_2_init1,baseline_l2norm,,4.0,510.0,random_restart_1,7,1.8131581783294677
2026-03-26T13:33:37,linf/init1/convnext_small_linf_2_init1,baseline_l2norm,,4.0,510.0,random_restart_1,8,1.8049069166183471
2026-03-26T13:33:37,linf/init1/convnext_small_linf_2_init1,baseline_l2norm,,4.0,510.0,random_restart_1,9,1.8440168619155883
2026-03-26T13:33:37,linf/init1/convnext_small_linf_2_init1,baseline_l2norm,,4.0,510.0,random_restart_1,10,1.833043646812439
2026-03-26T13:33:48,linf/init1/convnext_small_linf_2_init1,baseline_l2norm,,4.0,510.0,random_restart_2,1,0.6673489272594452
2026-03-26T13:33:48,linf/init1/convnext_small_linf_2_init1,baseline_l2norm,,4.0,510.0,random_restart_2,2,1.2277281284332275
2026-03-26T13:33:48,linf/init1/convnext_small_linf_2_init1,baseline_l2norm,,4.0,510.0,random_restart_2,3,1.4526687502861022
2026-03-26T13:33:48,linf/init1/convnext_small_linf_2_init1,baseline_l2norm,,4.0,510.0,random_restart_2,4,1.6068882584571837
2026-03-26T13:33:48,linf/init1/convnext_small_linf_2_init1,baseline_l2norm,,4.0,510.0,random_restart_2,5,1.7244035005569458
2026-03-26T13:33:48,linf/init1/convnext_small_linf_2_init1,baseline_l2norm,,4.0,510.0,random_restart_2,6,1.7221049070358276
2026-03-26T13:33:48,linf/init1/convnext_small_linf_2_init1,baseline_l2norm,,4.0,510.0,random_restart_2,7,1.8449527025222778
2026-03-26T13:33:48,linf/init1/convnext_small_linf_2_init1,baseline_l2norm,,4.0,510.0,random_restart_2,8,1.8294424533843994
2026-03-26T13:33:48,linf/init1/convnext_small_linf_2_init1,baseline_l2norm,,4.0,510.0,random_restart_2,9,1.8976668834686279
2026-03-26T13:33:48,linf/init1/convnext_small_linf_2_init1,baseline_l2norm,,4.0,510.0,random_restart_2,10,1.8209102869033813
2026-03-26T13:34:00,linf/init1/convnext_small_linf_2_init1,baseline_l2norm,,4.0,510.0,random_restart_3,1,0.666035944223404
2026-03-26T13:34:00,linf/init1/convnext_small_linf_2_init1,baseline_l2norm,,4.0,510.0,random_restart_3,2,1.2211125373840332
2026-03-26T13:34:00,linf/init1/convnext_small_linf_2_init1,baseline_l2norm,,4.0,510.0,random_restart_3,3,1.4613410711288453
2026-03-26T13:34:00,linf/init1/convnext_small_linf_2_init1,baseline_l2norm,,4.0,510.0,random_restart_3,4,1.6354773879051208
2026-03-26T13:34:00,linf/init1/convnext_small_linf_2_init1,baseline_l2norm,,4.0,510.0,random_restart_3,5,1.7091811418533325
2026-03-26T13:34:00,linf/init1/convnext_small_linf_2_init1,baseline_l2norm,,4.0,510.0,random_restart_3,6,1.7479625463485717
2026-03-26T13:34:00,linf/init1/convnext_small_linf_2_init1,baseline_l2norm,,4.0,510.0,random_restart_3,7,1.8313234090805053
2026-03-26T13:34:00,linf/init1/convnext_small_linf_2_init1,baseline_l2norm,,4.0,510.0,random_restart_3,8,1.7911459445953368
2026-03-26T13:34:00,linf/init1/convnext_small_linf_2_init1,baseline_l2norm,,4.0,510.0,random_restart_3,9,1.8569174766540528
2026-03-26T13:34:00,linf/init1/convnext_small_linf_2_init1,baseline_l2norm,,4.0,510.0,random_restart_3,10,1.7928091287612915
2026-03-26T13:34:12,linf/init1/convnext_small_linf_2_init1,l1norm_step,,4.0,510.0,deterministic,1,0.6673399388790131
2026-03-26T13:34:12,linf/init1/convnext_small_linf_2_init1,l1norm_step,,4.0,510.0,deterministic,2,1.0307631611824035
2026-03-26T13:34:12,linf/init1/convnext_small_linf_2_init1,l1norm_step,,4.0,510.0,deterministic,3,1.479463768005371
2026-03-26T13:34:12,linf/init1/convnext_small_linf_2_init1,l1norm_step,,4.0,510.0,deterministic,4,2.0191247940063475
2026-03-26T13:34:12,linf/init1/convnext_small_linf_2_init1,l1norm_step,,4.0,510.0,deterministic,5,2.5878164529800416
2026-03-26T13:34:12,linf/init1/convnext_small_linf_2_init1,l1norm_step,,4.0,510.0,deterministic,6,3.1612918376922607
2026-03-26T13:34:12,linf/init1/convnext_small_linf_2_init1,l1norm_step,,4.0,510.0,deterministic,7,3.6670140266418456
2026-03-26T13:34:12,linf/init1/convnext_small_linf_2_init1,l1norm_step,,4.0,510.0,deterministic,8,4.126560211181641
2026-03-26T13:34:12,linf/init1/convnext_small_linf_2_init1,l1norm_step,,4.0,510.0,deterministic,9,4.553939962387085
2026-03-26T13:34:12,linf/init1/convnext_small_linf_2_init1,l1norm_step,,4.0,510.0,deterministic,10,4.945303440093994
2026-03-26T13:34:24,linf/init1/convnext_small_linf_2_init1,l1norm_step,,4.0,510.0,random_restart_1,1,0.667386269569397
2026-03-26T13:34:24,linf/init1/convnext_small_linf_2_init1,l1norm_step,,4.0,510.0,random_restart_1,2,1.0172967910766602
2026-03-26T13:34:24,linf/init1/convnext_small_linf_2_init1,l1norm_step,,4.0,510.0,random_restart_1,3,1.4518901109695435
2026-03-26T13:34:24,linf/init1/convnext_small_linf_2_init1,l1norm_step,,4.0,510.0,random_restart_1,4,1.9640247583389283
2026-03-26T13:34:24,linf/init1/convnext_small_linf_2_init1,l1norm_step,,4.0,510.0,random_restart_1,5,2.502658486366272
2026-03-26T13:34:24,linf/init1/convnext_small_linf_2_init1,l1norm_step,,4.0,510.0,random_restart_1,6,3.0258129119873045
2026-03-26T13:34:24,linf/init1/convnext_small_linf_2_init1,l1norm_step,,4.0,510.0,random_restart_1,7,3.5235920429229735
2026-03-26T13:34:24,linf/init1/convnext_small_linf_2_init1,l1norm_step,,4.0,510.0,random_restart_1,8,3.9829822540283204
2026-03-26T13:34:24,linf/init1/convnext_small_linf_2_init1,l1norm_step,,4.0,510.0,random_restart_1,9,4.444779109954834
2026-03-26T13:34:24,linf/init1/convnext_small_linf_2_init1,l1norm_step,,4.0,510.0,random_restart_1,10,4.874521255493164
2026-03-26T13:34:36,linf/init1/convnext_small_linf_2_init1,l1norm_step,,4.0,510.0,random_restart_2,1,0.6673489272594452
2026-03-26T13:34:36,linf/init1/convnext_small_linf_2_init1,l1norm_step,,4.0,510.0,random_restart_2,2,1.020890510082245
2026-03-26T13:34:36,linf/init1/convnext_small_linf_2_init1,l1norm_step,,4.0,510.0,random_restart_2,3,1.4463363409042358
2026-03-26T13:34:36,linf/init1/convnext_small_linf_2_init1,l1norm_step,,4.0,510.0,random_restart_2,4,1.9553460597991943
2026-03-26T13:34:36,linf/init1/convnext_small_linf_2_init1,l1norm_step,,4.0,510.0,random_restart_2,5,2.4885719776153565
2026-03-26T13:34:36,linf/init1/convnext_small_linf_2_init1,l1norm_step,,4.0,510.0,random_restart_2,6,3.0106767416000366
2026-03-26T13:34:36,linf/init1/convnext_small_linf_2_init1,l1norm_step,,4.0,510.0,random_restart_2,7,3.503349208831787
2026-03-26T13:34:36,linf/init1/convnext_small_linf_2_init1,l1norm_step,,4.0,510.0,random_restart_2,8,3.977911901473999
2026-03-26T13:34:36,linf/init1/convnext_small_linf_2_init1,l1norm_step,,4.0,510.0,random_restart_2,9,4.432399129867553
2026-03-26T13:34:36,linf/init1/convnext_small_linf_2_init1,l1norm_step,,4.0,510.0,random_restart_2,10,4.858328580856323
2026-03-26T13:34:47,linf/init1/convnext_small_linf_2_init1,l1norm_step,,4.0,510.0,random_restart_3,1,0.666035944223404
2026-03-26T13:34:47,linf/init1/convnext_small_linf_2_init1,l1norm_step,,4.0,510.0,random_restart_3,2,1.0181455135345459
2026-03-26T13:34:47,linf/init1/convnext_small_linf_2_init1,l1norm_step,,4.0,510.0,random_restart_3,3,1.4516162991523742
2026-03-26T13:34:47,linf/init1/convnext_small_linf_2_init1,l1norm_step,,4.0,510.0,random_restart_3,4,1.960684871673584
2026-03-26T13:34:47,linf/init1/convnext_small_linf_2_init1,l1norm_step,,4.0,510.0,random_restart_3,5,2.484587287902832
2026-03-26T13:34:47,linf/init1/convnext_small_linf_2_init1,l1norm_step,,4.0,510.0,random_restart_3,6,3.0169336795806885
2026-03-26T13:34:47,linf/init1/convnext_small_linf_2_init1,l1norm_step,,4.0,510.0,random_restart_3,7,3.519025421142578
2026-03-26T13:34:47,linf/init1/convnext_small_linf_2_init1,l1norm_step,,4.0,510.0,random_restart_3,8,3.9957813739776613
2026-03-26T13:34:47,linf/init1/convnext_small_linf_2_init1,l1norm_step,,4.0,510.0,random_restart_3,9,4.454394149780273
2026-03-26T13:34:47,linf/init1/convnext_small_linf_2_init1,l1norm_step,,4.0,510.0,random_restart_3,10,4.885172128677368
2026-03-26T13:34:59,linf/init1/convnext_small_linf_2_init1,raw_grad_step,,4.0,510.0,deterministic,1,0.6673399388790131
2026-03-26T13:34:59,linf/init1/convnext_small_linf_2_init1,raw_grad_step,,4.0,510.0,deterministic,2,1.2243409156799316
2026-03-26T13:34:59,linf/init1/convnext_small_linf_2_init1,raw_grad_step,,4.0,510.0,deterministic,3,1.776913857460022
2026-03-26T13:34:59,linf/init1/convnext_small_linf_2_init1,raw_grad_step,,4.0,510.0,deterministic,4,2.3173285245895388
2026-03-26T13:34:59,linf/init1/convnext_small_linf_2_init1,raw_grad_step,,4.0,510.0,deterministic,5,2.8228713512420653
2026-03-26T13:34:59,linf/init1/convnext_small_linf_2_init1,raw_grad_step,,4.0,510.0,deterministic,6,3.266205310821533
2026-03-26T13:34:59,linf/init1/convnext_small_linf_2_init1,raw_grad_step,,4.0,510.0,deterministic,7,3.7121773242950438
2026-03-26T13:34:59,linf/init1/convnext_small_linf_2_init1,raw_grad_step,,4.0,510.0,deterministic,8,4.106252193450928
2026-03-26T13:34:59,linf/init1/convnext_small_linf_2_init1,raw_grad_step,,4.0,510.0,deterministic,9,4.444214391708374
2026-03-26T13:34:59,linf/init1/convnext_small_linf_2_init1,raw_grad_step,,4.0,510.0,deterministic,10,4.756006050109863
2026-03-26T13:35:11,linf/init1/convnext_small_linf_2_init1,raw_grad_step,,4.0,510.0,random_restart_1,1,0.667386269569397
2026-03-26T13:35:11,linf/init1/convnext_small_linf_2_init1,raw_grad_step,,4.0,510.0,random_restart_1,2,1.2001475811004638
2026-03-26T13:35:11,linf/init1/convnext_small_linf_2_init1,raw_grad_step,,4.0,510.0,random_restart_1,3,1.7520368814468383
2026-03-26T13:35:11,linf/init1/convnext_small_linf_2_init1,raw_grad_step,,4.0,510.0,random_restart_1,4,2.2835603952407837
2026-03-26T13:35:11,linf/init1/convnext_small_linf_2_init1,raw_grad_step,,4.0,510.0,random_restart_1,5,2.8128335952758787
2026-03-26T13:35:11,linf/init1/convnext_small_linf_2_init1,raw_grad_step,,4.0,510.0,random_restart_1,6,3.232704734802246
2026-03-26T13:35:11,linf/init1/convnext_small_linf_2_init1,raw_grad_step,,4.0,510.0,random_restart_1,7,3.6688858032226563
2026-03-26T13:35:11,linf/init1/convnext_small_linf_2_init1,raw_grad_step,,4.0,510.0,random_restart_1,8,4.065015459060669
2026-03-26T13:35:11,linf/init1/convnext_small_linf_2_init1,raw_grad_step,,4.0,510.0,random_restart_1,9,4.410597562789917
2026-03-26T13:35:11,linf/init1/convnext_small_linf_2_init1,raw_grad_step,,4.0,510.0,random_restart_1,10,4.721709823608398
2026-03-26T13:35:23,linf/init1/convnext_small_linf_2_init1,raw_grad_step,,4.0,510.0,random_restart_2,1,0.6673489272594452
2026-03-26T13:35:23,linf/init1/convnext_small_linf_2_init1,raw_grad_step,,4.0,510.0,random_restart_2,2,1.208530569076538
2026-03-26T13:35:23,linf/init1/convnext_small_linf_2_init1,raw_grad_step,,4.0,510.0,random_restart_2,3,1.7397616863250733
2026-03-26T13:35:23,linf/init1/convnext_small_linf_2_init1,raw_grad_step,,4.0,510.0,random_restart_2,4,2.281374216079712
2026-03-26T13:35:23,linf/init1/convnext_small_linf_2_init1,raw_grad_step,,4.0,510.0,random_restart_2,5,2.8064096927642823
2026-03-26T13:35:23,linf/init1/convnext_small_linf_2_init1,raw_grad_step,,4.0,510.0,random_restart_2,6,3.2327465534210207
2026-03-26T13:35:23,linf/init1/convnext_small_linf_2_init1,raw_grad_step,,4.0,510.0,random_restart_2,7,3.6638380527496337
2026-03-26T13:35:23,linf/init1/convnext_small_linf_2_init1,raw_grad_step,,4.0,510.0,random_restart_2,8,4.052953815460205
2026-03-26T13:35:23,linf/init1/convnext_small_linf_2_init1,raw_grad_step,,4.0,510.0,random_restart_2,9,4.40550012588501
2026-03-26T13:35:23,linf/init1/convnext_small_linf_2_init1,raw_grad_step,,4.0,510.0,random_restart_2,10,4.664692544937134
2026-03-26T13:35:35,linf/init1/convnext_small_linf_2_init1,raw_grad_step,,4.0,510.0,random_restart_3,1,0.666035944223404
2026-03-26T13:35:35,linf/init1/convnext_small_linf_2_init1,raw_grad_step,,4.0,510.0,random_restart_3,2,1.2050591707229614
2026-03-26T13:35:35,linf/init1/convnext_small_linf_2_init1,raw_grad_step,,4.0,510.0,random_restart_3,3,1.7598142504692078
2026-03-26T13:35:35,linf/init1/convnext_small_linf_2_init1,raw_grad_step,,4.0,510.0,random_restart_3,4,2.2975244522094727
2026-03-26T13:35:35,linf/init1/convnext_small_linf_2_init1,raw_grad_step,,4.0,510.0,random_restart_3,5,2.8112706184387206
2026-03-26T13:35:35,linf/init1/convnext_small_linf_2_init1,raw_grad_step,,4.0,510.0,random_restart_3,6,3.237500858306885
2026-03-26T13:35:35,linf/init1/convnext_small_linf_2_init1,raw_grad_step,,4.0,510.0,random_restart_3,7,3.683556079864502
2026-03-26T13:35:35,linf/init1/convnext_small_linf_2_init1,raw_grad_step,,4.0,510.0,random_restart_3,8,4.075310277938843
2026-03-26T13:35:35,linf/init1/convnext_small_linf_2_init1,raw_grad_step,,4.0,510.0,random_restart_3,9,4.437010908126831
2026-03-26T13:35:35,linf/init1/convnext_small_linf_2_init1,raw_grad_step,,4.0,510.0,random_restart_3,10,4.744019556045532
2026-03-26T13:35:46,linf/init1/convnext_small_linf_2_init1,l1_apgd_topk,0.01,4.0,510.0,deterministic,1,0.6673399388790131
2026-03-26T13:35:46,linf/init1/convnext_small_linf_2_init1,l1_apgd_topk,0.01,4.0,510.0,deterministic,2,1.925220513343811
2026-03-26T13:35:46,linf/init1/convnext_small_linf_2_init1,l1_apgd_topk,0.01,4.0,510.0,deterministic,3,2.724769878387451
2026-03-26T13:35:46,linf/init1/convnext_small_linf_2_init1,l1_apgd_topk,0.01,4.0,510.0,deterministic,4,3.412795066833496
2026-03-26T13:35:46,linf/init1/convnext_small_linf_2_init1,l1_apgd_topk,0.01,4.0,510.0,deterministic,5,3.8629717350006105
2026-03-26T13:35:46,linf/init1/convnext_small_linf_2_init1,l1_apgd_topk,0.01,4.0,510.0,deterministic,6,4.032800626754761
2026-03-26T13:35:46,linf/init1/convnext_small_linf_2_init1,l1_apgd_topk,0.01,4.0,510.0,deterministic,7,4.1281169891357425
2026-03-26T13:35:46,linf/init1/convnext_small_linf_2_init1,l1_apgd_topk,0.01,4.0,510.0,deterministic,8,4.303632020950317
2026-03-26T13:35:46,linf/init1/convnext_small_linf_2_init1,l1_apgd_topk,0.01,4.0,510.0,deterministic,9,4.282088899612427
2026-03-26T13:35:46,linf/init1/convnext_small_linf_2_init1,l1_apgd_topk,0.01,4.0,510.0,deterministic,10,4.466171836853027
2026-03-26T13:35:58,linf/init1/convnext_small_linf_2_init1,l1_apgd_topk,0.01,4.0,510.0,random_restart_1,1,0.667386269569397
2026-03-26T13:35:58,linf/init1/convnext_small_linf_2_init1,l1_apgd_topk,0.01,4.0,510.0,random_restart_1,2,1.923053240776062
2026-03-26T13:35:58,linf/init1/convnext_small_linf_2_init1,l1_apgd_topk,0.01,4.0,510.0,random_restart_1,3,2.7363418102264405
2026-03-26T13:35:58,linf/init1/convnext_small_linf_2_init1,l1_apgd_topk,0.01,4.0,510.0,random_restart_1,4,3.4258212566375734
2026-03-26T13:35:58,linf/init1/convnext_small_linf_2_init1,l1_apgd_topk,0.01,4.0,510.0,random_restart_1,5,3.873875617980957
2026-03-26T13:35:58,linf/init1/convnext_small_linf_2_init1,l1_apgd_topk,0.01,4.0,510.0,random_restart_1,6,4.056283283233642
2026-03-26T13:35:58,linf/init1/convnext_small_linf_2_init1,l1_apgd_topk,0.01,4.0,510.0,random_restart_1,7,4.236373090744019
2026-03-26T13:35:58,linf/init1/convnext_small_linf_2_init1,l1_apgd_topk,0.01,4.0,510.0,random_restart_1,8,4.263681793212891
2026-03-26T13:35:58,linf/init1/convnext_small_linf_2_init1,l1_apgd_topk,0.01,4.0,510.0,random_restart_1,9,4.321805381774903
2026-03-26T13:35:58,linf/init1/convnext_small_linf_2_init1,l1_apgd_topk,0.01,4.0,510.0,random_restart_1,10,4.4527655124664305
2026-03-26T13:36:10,linf/init1/convnext_small_linf_2_init1,l1_apgd_topk,0.01,4.0,510.0,random_restart_2,1,0.6673489272594452
2026-03-26T13:36:10,linf/init1/convnext_small_linf_2_init1,l1_apgd_topk,0.01,4.0,510.0,random_restart_2,2,1.9251226902008056
2026-03-26T13:36:10,linf/init1/convnext_small_linf_2_init1,l1_apgd_topk,0.01,4.0,510.0,random_restart_2,3,2.7636738777160645
2026-03-26T13:36:10,linf/init1/convnext_small_linf_2_init1,l1_apgd_topk,0.01,4.0,510.0,random_restart_2,4,3.3951141834259033
2026-03-26T13:36:10,linf/init1/convnext_small_linf_2_init1,l1_apgd_topk,0.01,4.0,510.0,random_restart_2,5,3.861339807510376
2026-03-26T13:36:10,linf/init1/convnext_small_linf_2_init1,l1_apgd_topk,0.01,4.0,510.0,random_restart_2,6,4.018754386901856
2026-03-26T13:36:10,linf/init1/convnext_small_linf_2_init1,l1_apgd_topk,0.01,4.0,510.0,random_restart_2,7,4.17098069190979
2026-03-26T13:36:10,linf/init1/convnext_small_linf_2_init1,l1_apgd_topk,0.01,4.0,510.0,random_restart_2,8,4.261091232299805
2026-03-26T13:36:10,linf/init1/convnext_small_linf_2_init1,l1_apgd_topk,0.01,4.0,510.0,random_restart_2,9,4.3331865787506105
2026-03-26T13:36:10,linf/init1/convnext_small_linf_2_init1,l1_apgd_topk,0.01,4.0,510.0,random_restart_2,10,4.357364320755005
2026-03-26T13:36:22,linf/init1/convnext_small_linf_2_init1,l1_apgd_topk,0.01,4.0,510.0,random_restart_3,1,0.666035944223404
2026-03-26T13:36:22,linf/init1/convnext_small_linf_2_init1,l1_apgd_topk,0.01,4.0,510.0,random_restart_3,2,1.9266838312149048
2026-03-26T13:36:22,linf/init1/convnext_small_linf_2_init1,l1_apgd_topk,0.01,4.0,510.0,random_restart_3,3,2.738080549240112
2026-03-26T13:36:22,linf/init1/convnext_small_linf_2_init1,l1_apgd_topk,0.01,4.0,510.0,random_restart_3,4,3.335840940475464
2026-03-26T13:36:22,linf/init1/convnext_small_linf_2_init1,l1_apgd_topk,0.01,4.0,510.0,random_restart_3,5,3.8478248596191404
2026-03-26T13:36:22,linf/init1/convnext_small_linf_2_init1,l1_apgd_topk,0.01,4.0,510.0,random_restart_3,6,3.978634834289551
2026-03-26T13:36:22,linf/init1/convnext_small_linf_2_init1,l1_apgd_topk,0.01,4.0,510.0,random_restart_3,7,4.096664905548096
2026-03-26T13:36:22,linf/init1/convnext_small_linf_2_init1,l1_apgd_topk,0.01,4.0,510.0,random_restart_3,8,4.143966913223267
2026-03-26T13:36:22,linf/init1/convnext_small_linf_2_init1,l1_apgd_topk,0.01,4.0,510.0,random_restart_3,9,4.2946452617645265
2026-03-26T13:36:22,linf/init1/convnext_small_linf_2_init1,l1_apgd_topk,0.01,4.0,510.0,random_restart_3,10,4.333564710617066
2026-03-26T13:36:34,linf/init1/convnext_small_linf_2_init1,l1_apgd_topk,0.05,4.0,510.0,deterministic,1,0.6673399388790131
2026-03-26T13:36:34,linf/init1/convnext_small_linf_2_init1,l1_apgd_topk,0.05,4.0,510.0,deterministic,2,2.3788753509521485
2026-03-26T13:36:34,linf/init1/convnext_small_linf_2_init1,l1_apgd_topk,0.05,4.0,510.0,deterministic,3,3.9508975028991697
2026-03-26T13:36:34,linf/init1/convnext_small_linf_2_init1,l1_apgd_topk,0.05,4.0,510.0,deterministic,4,5.034988069534302
2026-03-26T13:36:34,linf/init1/convnext_small_linf_2_init1,l1_apgd_topk,0.05,4.0,510.0,deterministic,5,5.7892402648925785
2026-03-26T13:36:34,linf/init1/convnext_small_linf_2_init1,l1_apgd_topk,0.05,4.0,510.0,deterministic,6,6.1695812225341795
2026-03-26T13:36:34,linf/init1/convnext_small_linf_2_init1,l1_apgd_topk,0.05,4.0,510.0,deterministic,7,6.625877857208252
2026-03-26T13:36:34,linf/init1/convnext_small_linf_2_init1,l1_apgd_topk,0.05,4.0,510.0,deterministic,8,6.9106371879577635
2026-03-26T13:36:34,linf/init1/convnext_small_linf_2_init1,l1_apgd_topk,0.05,4.0,510.0,deterministic,9,7.116090869903564
2026-03-26T13:36:34,linf/init1/convnext_small_linf_2_init1,l1_apgd_topk,0.05,4.0,510.0,deterministic,10,7.351432609558105
2026-03-26T13:36:46,linf/init1/convnext_small_linf_2_init1,l1_apgd_topk,0.05,4.0,510.0,random_restart_1,1,0.667386269569397
2026-03-26T13:36:46,linf/init1/convnext_small_linf_2_init1,l1_apgd_topk,0.05,4.0,510.0,random_restart_1,2,2.3809290647506716
2026-03-26T13:36:46,linf/init1/convnext_small_linf_2_init1,l1_apgd_topk,0.05,4.0,510.0,random_restart_1,3,3.9384551525115965
2026-03-26T13:36:46,linf/init1/convnext_small_linf_2_init1,l1_apgd_topk,0.05,4.0,510.0,random_restart_1,4,5.067174005508423
2026-03-26T13:36:46,linf/init1/convnext_small_linf_2_init1,l1_apgd_topk,0.05,4.0,510.0,random_restart_1,5,5.839242267608642
2026-03-26T13:36:46,linf/init1/convnext_small_linf_2_init1,l1_apgd_topk,0.05,4.0,510.0,random_restart_1,6,6.207937526702881
2026-03-26T13:36:46,linf/init1/convnext_small_linf_2_init1,l1_apgd_topk,0.05,4.0,510.0,random_restart_1,7,6.601933193206787
2026-03-26T13:36:46,linf/init1/convnext_small_linf_2_init1,l1_apgd_topk,0.05,4.0,510.0,random_restart_1,8,6.886209964752197
2026-03-26T13:36:46,linf/init1/convnext_small_linf_2_init1,l1_apgd_topk,0.05,4.0,510.0,random_restart_1,9,7.192117500305176
2026-03-26T13:36:46,linf/init1/convnext_small_linf_2_init1,l1_apgd_topk,0.05,4.0,510.0,random_restart_1,10,7.327194786071777
2026-03-26T13:36:57,linf/init1/convnext_small_linf_2_init1,l1_apgd_topk,0.05,4.0,510.0,random_restart_2,1,0.6673489272594452
2026-03-26T13:36:57,linf/init1/convnext_small_linf_2_init1,l1_apgd_topk,0.05,4.0,510.0,random_restart_2,2,2.382633328437805
2026-03-26T13:36:57,linf/init1/convnext_small_linf_2_init1,l1_apgd_topk,0.05,4.0,510.0,random_restart_2,3,3.950507307052612
2026-03-26T13:36:57,linf/init1/convnext_small_linf_2_init1,l1_apgd_topk,0.05,4.0,510.0,random_restart_2,4,5.038163661956787
2026-03-26T13:36:57,linf/init1/convnext_small_linf_2_init1,l1_apgd_topk,0.05,4.0,510.0,random_restart_2,5,5.790662097930908
2026-03-26T13:36:57,linf/init1/convnext_small_linf_2_init1,l1_apgd_topk,0.05,4.0,510.0,random_restart_2,6,6.186098098754883
2026-03-26T13:36:57,linf/init1/convnext_small_linf_2_init1,l1_apgd_topk,0.05,4.0,510.0,random_restart_2,7,6.604052352905273
2026-03-26T13:36:57,linf/init1/convnext_small_linf_2_init1,l1_apgd_topk,0.05,4.0,510.0,random_restart_2,8,6.893992519378662
2026-03-26T13:36:57,linf/init1/convnext_small_linf_2_init1,l1_apgd_topk,0.05,4.0,510.0,random_restart_2,9,7.147300148010254
2026-03-26T13:36:57,linf/init1/convnext_small_linf_2_init1,l1_apgd_topk,0.05,4.0,510.0,random_restart_2,10,7.313047790527344
2026-03-26T13:37:09,linf/init1/convnext_small_linf_2_init1,l1_apgd_topk,0.05,4.0,510.0,random_restart_3,1,0.666035944223404
2026-03-26T13:37:09,linf/init1/convnext_small_linf_2_init1,l1_apgd_topk,0.05,4.0,510.0,random_restart_3,2,2.3837353706359865
2026-03-26T13:37:09,linf/init1/convnext_small_linf_2_init1,l1_apgd_topk,0.05,4.0,510.0,random_restart_3,3,3.9676554203033447
2026-03-26T13:37:09,linf/init1/convnext_small_linf_2_init1,l1_apgd_topk,0.05,4.0,510.0,random_restart_3,4,5.0110876083374025
2026-03-26T13:37:09,linf/init1/convnext_small_linf_2_init1,l1_apgd_topk,0.05,4.0,510.0,random_restart_3,5,5.799355220794678
2026-03-26T13:37:09,linf/init1/convnext_small_linf_2_init1,l1_apgd_topk,0.05,4.0,510.0,random_restart_3,6,6.164892768859863
2026-03-26T13:37:09,linf/init1/convnext_small_linf_2_init1,l1_apgd_topk,0.05,4.0,510.0,random_restart_3,7,6.636480331420898
2026-03-26T13:37:09,linf/init1/convnext_small_linf_2_init1,l1_apgd_topk,0.05,4.0,510.0,random_restart_3,8,6.8615340232849125
2026-03-26T13:37:09,linf/init1/convnext_small_linf_2_init1,l1_apgd_topk,0.05,4.0,510.0,random_restart_3,9,7.131658363342285
2026-03-26T13:37:09,linf/init1/convnext_small_linf_2_init1,l1_apgd_topk,0.05,4.0,510.0,random_restart_3,10,7.3217541694641115
2026-03-26T13:37:21,linf/init1/convnext_small_linf_2_init1,l1_apgd_topk,0.1,4.0,510.0,deterministic,1,0.6673399388790131
2026-03-26T13:37:21,linf/init1/convnext_small_linf_2_init1,l1_apgd_topk,0.1,4.0,510.0,deterministic,2,2.0056268692016603
2026-03-26T13:37:21,linf/init1/convnext_small_linf_2_init1,l1_apgd_topk,0.1,4.0,510.0,deterministic,3,3.0940176486968993
2026-03-26T13:37:21,linf/init1/convnext_small_linf_2_init1,l1_apgd_topk,0.1,4.0,510.0,deterministic,4,3.749221420288086
2026-03-26T13:37:21,linf/init1/convnext_small_linf_2_init1,l1_apgd_topk,0.1,4.0,510.0,deterministic,5,4.197984790802002
2026-03-26T13:37:21,linf/init1/convnext_small_linf_2_init1,l1_apgd_topk,0.1,4.0,510.0,deterministic,6,4.465474700927734
2026-03-26T13:37:21,linf/init1/convnext_small_linf_2_init1,l1_apgd_topk,0.1,4.0,510.0,deterministic,7,4.696340608596802
2026-03-26T13:37:21,linf/init1/convnext_small_linf_2_init1,l1_apgd_topk,0.1,4.0,510.0,deterministic,8,4.826929187774658
2026-03-26T13:37:21,linf/init1/convnext_small_linf_2_init1,l1_apgd_topk,0.1,4.0,510.0,deterministic,9,4.982335758209229
2026-03-26T13:37:21,linf/init1/convnext_small_linf_2_init1,l1_apgd_topk,0.1,4.0,510.0,deterministic,10,5.083779048919678
2026-03-26T13:37:33,linf/init1/convnext_small_linf_2_init1,l1_apgd_topk,0.1,4.0,510.0,random_restart_1,1,0.667386269569397
2026-03-26T13:37:33,linf/init1/convnext_small_linf_2_init1,l1_apgd_topk,0.1,4.0,510.0,random_restart_1,2,2.0074154138565063
2026-03-26T13:37:33,linf/init1/convnext_small_linf_2_init1,l1_apgd_topk,0.1,4.0,510.0,random_restart_1,3,3.097348690032959
2026-03-26T13:37:33,linf/init1/convnext_small_linf_2_init1,l1_apgd_topk,0.1,4.0,510.0,random_restart_1,4,3.7594580173492433
2026-03-26T13:37:33,linf/init1/convnext_small_linf_2_init1,l1_apgd_topk,0.1,4.0,510.0,random_restart_1,5,4.1835826396942135
2026-03-26T13:37:33,linf/init1/convnext_small_linf_2_init1,l1_apgd_topk,0.1,4.0,510.0,random_restart_1,6,4.48562707901001
2026-03-26T13:37:33,linf/init1/convnext_small_linf_2_init1,l1_apgd_topk,0.1,4.0,510.0,random_restart_1,7,4.688263320922852
2026-03-26T13:37:33,linf/init1/convnext_small_linf_2_init1,l1_apgd_topk,0.1,4.0,510.0,random_restart_1,8,4.837669563293457
2026-03-26T13:37:33,linf/init1/convnext_small_linf_2_init1,l1_apgd_topk,0.1,4.0,510.0,random_restart_1,9,4.987336921691894
2026-03-26T13:37:33,linf/init1/convnext_small_linf_2_init1,l1_apgd_topk,0.1,4.0,510.0,random_restart_1,10,5.087750053405761
2026-03-26T13:37:45,linf/init1/convnext_small_linf_2_init1,l1_apgd_topk,0.1,4.0,510.0,random_restart_2,1,0.6673489272594452
2026-03-26T13:37:45,linf/init1/convnext_small_linf_2_init1,l1_apgd_topk,0.1,4.0,510.0,random_restart_2,2,2.0073253393173216
2026-03-26T13:37:45,linf/init1/convnext_small_linf_2_init1,l1_apgd_topk,0.1,4.0,510.0,random_restart_2,3,3.0882444381713867
2026-03-26T13:37:45,linf/init1/convnext_small_linf_2_init1,l1_apgd_topk,0.1,4.0,510.0,random_restart_2,4,3.7588067054748535
2026-03-26T13:37:45,linf/init1/convnext_small_linf_2_init1,l1_apgd_topk,0.1,4.0,510.0,random_restart_2,5,4.190624666213989
2026-03-26T13:37:45,linf/init1/convnext_small_linf_2_init1,l1_apgd_topk,0.1,4.0,510.0,random_restart_2,6,4.487944316864014
2026-03-26T13:37:45,linf/init1/convnext_small_linf_2_init1,l1_apgd_topk,0.1,4.0,510.0,random_restart_2,7,4.723373031616211
2026-03-26T13:37:45,linf/init1/convnext_small_linf_2_init1,l1_apgd_topk,0.1,4.0,510.0,random_restart_2,8,4.8627523422241214
2026-03-26T13:37:45,linf/init1/convnext_small_linf_2_init1,l1_apgd_topk,0.1,4.0,510.0,random_restart_2,9,5.0252580642700195
2026-03-26T13:37:45,linf/init1/convnext_small_linf_2_init1,l1_apgd_topk,0.1,4.0,510.0,random_restart_2,10,5.1008148193359375
2026-03-26T13:37:57,linf/init1/convnext_small_linf_2_init1,l1_apgd_topk,0.1,4.0,510.0,random_restart_3,1,0.666035944223404
2026-03-26T13:37:57,linf/init1/convnext_small_linf_2_init1,l1_apgd_topk,0.1,4.0,510.0,random_restart_3,2,2.005574369430542
2026-03-26T13:37:57,linf/init1/convnext_small_linf_2_init1,l1_apgd_topk,0.1,4.0,510.0,random_restart_3,3,3.09338960647583
2026-03-26T13:37:57,linf/init1/convnext_small_linf_2_init1,l1_apgd_topk,0.1,4.0,510.0,random_restart_3,4,3.7509965896606445
2026-03-26T13:37:57,linf/init1/convnext_small_linf_2_init1,l1_apgd_topk,0.1,4.0,510.0,random_restart_3,5,4.177811813354492
2026-03-26T13:37:57,linf/init1/convnext_small_linf_2_init1,l1_apgd_topk,0.1,4.0,510.0,random_restart_3,6,4.4899896621704105
2026-03-26T13:37:57,linf/init1/convnext_small_linf_2_init1,l1_apgd_topk,0.1,4.0,510.0,random_restart_3,7,4.6991682052612305
2026-03-26T13:37:57,linf/init1/convnext_small_linf_2_init1,l1_apgd_topk,0.1,4.0,510.0,random_restart_3,8,4.830889940261841
2026-03-26T13:37:57,linf/init1/convnext_small_linf_2_init1,l1_apgd_topk,0.1,4.0,510.0,random_restart_3,9,5.014720726013183
2026-03-26T13:37:57,linf/init1/convnext_small_linf_2_init1,l1_apgd_topk,0.1,4.0,510.0,random_restart_3,10,5.113005065917969
2026-03-26T13:38:08,linf/init1/convnext_small_linf_2_init1,fw_onehot,,4.0,510.0,deterministic,1,0.6673399388790131
2026-03-26T13:38:08,linf/init1/convnext_small_linf_2_init1,fw_onehot,,4.0,510.0,deterministic,2,0.6662070631980896
2026-03-26T13:38:08,linf/init1/convnext_small_linf_2_init1,fw_onehot,,4.0,510.0,deterministic,3,0.6795684397220612
2026-03-26T13:38:08,linf/init1/convnext_small_linf_2_init1,fw_onehot,,4.0,510.0,deterministic,4,0.6858890175819397
2026-03-26T13:38:08,linf/init1/convnext_small_linf_2_init1,fw_onehot,,4.0,510.0,deterministic,5,0.6878811061382294
2026-03-26T13:38:08,linf/init1/convnext_small_linf_2_init1,fw_onehot,,4.0,510.0,deterministic,6,0.6882834911346436
2026-03-26T13:38:08,linf/init1/convnext_small_linf_2_init1,fw_onehot,,4.0,510.0,deterministic,7,0.6892831206321717
2026-03-26T13:38:08,linf/init1/convnext_small_linf_2_init1,fw_onehot,,4.0,510.0,deterministic,8,0.6980506777763367
2026-03-26T13:38:08,linf/init1/convnext_small_linf_2_init1,fw_onehot,,4.0,510.0,deterministic,9,0.7023462891578675
2026-03-26T13:38:08,linf/init1/convnext_small_linf_2_init1,fw_onehot,,4.0,510.0,deterministic,10,0.6984816730022431
2026-03-26T13:38:20,linf/init1/convnext_small_linf_2_init1,baseline_l2norm,,8.0,1020.0,deterministic,1,0.6673399388790131
2026-03-26T13:38:20,linf/init1/convnext_small_linf_2_init1,baseline_l2norm,,8.0,1020.0,deterministic,2,1.2118745803833009
2026-03-26T13:38:20,linf/init1/convnext_small_linf_2_init1,baseline_l2norm,,8.0,1020.0,deterministic,3,1.421688961982727
2026-03-26T13:38:20,linf/init1/convnext_small_linf_2_init1,baseline_l2norm,,8.0,1020.0,deterministic,4,1.5747235059738158
2026-03-26T13:38:20,linf/init1/convnext_small_linf_2_init1,baseline_l2norm,,8.0,1020.0,deterministic,5,1.6767229795455934
2026-03-26T13:38:20,linf/init1/convnext_small_linf_2_init1,baseline_l2norm,,8.0,1020.0,deterministic,6,1.6417505741119385
2026-03-26T13:38:20,linf/init1/convnext_small_linf_2_init1,baseline_l2norm,,8.0,1020.0,deterministic,7,1.7156532049179076
2026-03-26T13:38:20,linf/init1/convnext_small_linf_2_init1,baseline_l2norm,,8.0,1020.0,deterministic,8,1.6873165369033813
2026-03-26T13:38:20,linf/init1/convnext_small_linf_2_init1,baseline_l2norm,,8.0,1020.0,deterministic,9,1.7971574783325195
2026-03-26T13:38:20,linf/init1/convnext_small_linf_2_init1,baseline_l2norm,,8.0,1020.0,deterministic,10,1.724871826171875
2026-03-26T13:38:32,linf/init1/convnext_small_linf_2_init1,baseline_l2norm,,8.0,1020.0,random_restart_1,1,0.6701436281204224
2026-03-26T13:38:32,linf/init1/convnext_small_linf_2_init1,baseline_l2norm,,8.0,1020.0,random_restart_1,2,1.2371585011482238
2026-03-26T13:38:32,linf/init1/convnext_small_linf_2_init1,baseline_l2norm,,8.0,1020.0,random_restart_1,3,1.4443515300750733
2026-03-26T13:38:32,linf/init1/convnext_small_linf_2_init1,baseline_l2norm,,8.0,1020.0,random_restart_1,4,1.581845188140869
2026-03-26T13:38:32,linf/init1/convnext_small_linf_2_init1,baseline_l2norm,,8.0,1020.0,random_restart_1,5,1.6475444316864014
2026-03-26T13:38:32,linf/init1/convnext_small_linf_2_init1,baseline_l2norm,,8.0,1020.0,random_restart_1,6,1.684922456741333
2026-03-26T13:38:32,linf/init1/convnext_small_linf_2_init1,baseline_l2norm,,8.0,1020.0,random_restart_1,7,1.7458214521408082
2026-03-26T13:38:32,linf/init1/convnext_small_linf_2_init1,baseline_l2norm,,8.0,1020.0,random_restart_1,8,1.688568353652954
2026-03-26T13:38:32,linf/init1/convnext_small_linf_2_init1,baseline_l2norm,,8.0,1020.0,random_restart_1,9,1.770432996749878
2026-03-26T13:38:32,linf/init1/convnext_small_linf_2_init1,baseline_l2norm,,8.0,1020.0,random_restart_1,10,1.72079017162323
2026-03-26T13:38:44,linf/init1/convnext_small_linf_2_init1,baseline_l2norm,,8.0,1020.0,random_restart_2,1,0.6685300946235657
2026-03-26T13:38:44,linf/init1/convnext_small_linf_2_init1,baseline_l2norm,,8.0,1020.0,random_restart_2,2,1.2401020407676697
2026-03-26T13:38:44,linf/init1/convnext_small_linf_2_init1,baseline_l2norm,,8.0,1020.0,random_restart_2,3,1.433025860786438
2026-03-26T13:38:44,linf/init1/convnext_small_linf_2_init1,baseline_l2norm,,8.0,1020.0,random_restart_2,4,1.5407252311706543
2026-03-26T13:38:44,linf/init1/convnext_small_linf_2_init1,baseline_l2norm,,8.0,1020.0,random_restart_2,5,1.6811671614646913
2026-03-26T13:38:44,linf/init1/convnext_small_linf_2_init1,baseline_l2norm,,8.0,1020.0,random_restart_2,6,1.6694775342941284
2026-03-26T13:38:44,linf/init1/convnext_small_linf_2_init1,baseline_l2norm,,8.0,1020.0,random_restart_2,7,1.815557050704956
2026-03-26T13:38:44,linf/init1/convnext_small_linf_2_init1,baseline_l2norm,,8.0,1020.0,random_restart_2,8,1.728271484375
2026-03-26T13:38:44,linf/init1/convnext_small_linf_2_init1,baseline_l2norm,,8.0,1020.0,random_restart_2,9,1.8656479597091675
2026-03-26T13:38:44,linf/init1/convnext_small_linf_2_init1,baseline_l2norm,,8.0,1020.0,random_restart_2,10,1.7910097599029542
2026-03-26T13:38:56,linf/init1/convnext_small_linf_2_init1,baseline_l2norm,,8.0,1020.0,random_restart_3,1,0.6670674860477448
2026-03-26T13:38:56,linf/init1/convnext_small_linf_2_init1,baseline_l2norm,,8.0,1020.0,random_restart_3,2,1.2250253915786744
2026-03-26T13:38:56,linf/init1/convnext_small_linf_2_init1,baseline_l2norm,,8.0,1020.0,random_restart_3,3,1.4645851612091065
2026-03-26T13:38:56,linf/init1/convnext_small_linf_2_init1,baseline_l2norm,,8.0,1020.0,random_restart_3,4,1.5884146690368652
2026-03-26T13:38:56,linf/init1/convnext_small_linf_2_init1,baseline_l2norm,,8.0,1020.0,random_restart_3,5,1.7276310205459595
2026-03-26T13:38:56,linf/init1/convnext_small_linf_2_init1,baseline_l2norm,,8.0,1020.0,random_restart_3,6,1.685879611968994
2026-03-26T13:38:56,linf/init1/convnext_small_linf_2_init1,baseline_l2norm,,8.0,1020.0,random_restart_3,7,1.7567767381668091
2026-03-26T13:38:56,linf/init1/convnext_small_linf_2_init1,baseline_l2norm,,8.0,1020.0,random_restart_3,8,1.721997618675232
2026-03-26T13:38:56,linf/init1/convnext_small_linf_2_init1,baseline_l2norm,,8.0,1020.0,random_restart_3,9,1.7948319435119628
2026-03-26T13:38:56,linf/init1/convnext_small_linf_2_init1,baseline_l2norm,,8.0,1020.0,random_restart_3,10,1.7703878164291382
2026-03-26T13:39:07,linf/init1/convnext_small_linf_2_init1,l1norm_step,,8.0,1020.0,deterministic,1,0.6673399388790131
2026-03-26T13:39:07,linf/init1/convnext_small_linf_2_init1,l1norm_step,,8.0,1020.0,deterministic,2,1.3389745354652405
2026-03-26T13:39:07,linf/init1/convnext_small_linf_2_init1,l1norm_step,,8.0,1020.0,deterministic,3,2.256396198272705
2026-03-26T13:39:07,linf/init1/convnext_small_linf_2_init1,l1norm_step,,8.0,1020.0,deterministic,4,3.260028600692749
2026-03-26T13:39:07,linf/init1/convnext_small_linf_2_init1,l1norm_step,,8.0,1020.0,deterministic,5,4.210238265991211
2026-03-26T13:39:07,linf/init1/convnext_small_linf_2_init1,l1norm_step,,8.0,1020.0,deterministic,6,5.09636812210083
2026-03-26T13:39:07,linf/init1/convnext_small_linf_2_init1,l1norm_step,,8.0,1020.0,deterministic,7,5.8824913024902346
2026-03-26T13:39:07,linf/init1/convnext_small_linf_2_init1,l1norm_step,,8.0,1020.0,deterministic,8,6.574553394317627
2026-03-26T13:39:07,linf/init1/convnext_small_linf_2_init1,l1norm_step,,8.0,1020.0,deterministic,9,7.170856189727783
2026-03-26T13:39:07,linf/init1/convnext_small_linf_2_init1,l1norm_step,,8.0,1020.0,deterministic,10,7.709183406829834
2026-03-26T13:39:19,linf/init1/convnext_small_linf_2_init1,l1norm_step,,8.0,1020.0,random_restart_1,1,0.6701436281204224
2026-03-26T13:39:19,linf/init1/convnext_small_linf_2_init1,l1norm_step,,8.0,1020.0,random_restart_1,2,1.3239691138267518
2026-03-26T13:39:19,linf/init1/convnext_small_linf_2_init1,l1norm_step,,8.0,1020.0,random_restart_1,3,2.2239543914794924
2026-03-26T13:39:19,linf/init1/convnext_small_linf_2_init1,l1norm_step,,8.0,1020.0,random_restart_1,4,3.1942270755767823
2026-03-26T13:39:19,linf/init1/convnext_small_linf_2_init1,l1norm_step,,8.0,1020.0,random_restart_1,5,4.102097988128662
2026-03-26T13:39:19,linf/init1/convnext_small_linf_2_init1,l1norm_step,,8.0,1020.0,random_restart_1,6,4.95197377204895
2026-03-26T13:39:19,linf/init1/convnext_small_linf_2_init1,l1norm_step,,8.0,1020.0,random_restart_1,7,5.6964977264404295
2026-03-26T13:39:19,linf/init1/convnext_small_linf_2_init1,l1norm_step,,8.0,1020.0,random_restart_1,8,6.374708080291748
2026-03-26T13:39:19,linf/init1/convnext_small_linf_2_init1,l1norm_step,,8.0,1020.0,random_restart_1,9,6.987667369842529
2026-03-26T13:39:19,linf/init1/convnext_small_linf_2_init1,l1norm_step,,8.0,1020.0,random_restart_1,10,7.554580211639404
2026-03-26T13:39:31,linf/init1/convnext_small_linf_2_init1,l1norm_step,,8.0,1020.0,random_restart_2,1,0.6685300946235657
2026-03-26T13:39:31,linf/init1/convnext_small_linf_2_init1,l1norm_step,,8.0,1020.0,random_restart_2,2,1.3329525351524354
2026-03-26T13:39:31,linf/init1/convnext_small_linf_2_init1,l1norm_step,,8.0,1020.0,random_restart_2,3,2.216403436660767
2026-03-26T13:39:31,linf/init1/convnext_small_linf_2_init1,l1norm_step,,8.0,1020.0,random_restart_2,4,3.182672119140625
2026-03-26T13:39:31,linf/init1/convnext_small_linf_2_init1,l1norm_step,,8.0,1020.0,random_restart_2,5,4.099811840057373
2026-03-26T13:39:31,linf/init1/convnext_small_linf_2_init1,l1norm_step,,8.0,1020.0,random_restart_2,6,4.9412249565124515
2026-03-26T13:39:31,linf/init1/convnext_small_linf_2_init1,l1norm_step,,8.0,1020.0,random_restart_2,7,5.6847278594970705
2026-03-26T13:39:31,linf/init1/convnext_small_linf_2_init1,l1norm_step,,8.0,1020.0,random_restart_2,8,6.38718614578247
2026-03-26T13:39:31,linf/init1/convnext_small_linf_2_init1,l1norm_step,,8.0,1020.0,random_restart_2,9,7.0240013122558596
2026-03-26T13:39:31,linf/init1/convnext_small_linf_2_init1,l1norm_step,,8.0,1020.0,random_restart_2,10,7.5730846405029295
2026-03-26T13:39:43,linf/init1/convnext_small_linf_2_init1,l1norm_step,,8.0,1020.0,random_restart_3,1,0.6670674860477448
2026-03-26T13:39:43,linf/init1/convnext_small_linf_2_init1,l1norm_step,,8.0,1020.0,random_restart_3,2,1.329356074333191
2026-03-26T13:39:43,linf/init1/convnext_small_linf_2_init1,l1norm_step,,8.0,1020.0,random_restart_3,3,2.230259084701538
2026-03-26T13:39:43,linf/init1/convnext_small_linf_2_init1,l1norm_step,,8.0,1020.0,random_restart_3,4,3.195890474319458
2026-03-26T13:39:43,linf/init1/convnext_small_linf_2_init1,l1norm_step,,8.0,1020.0,random_restart_3,5,4.102553796768189
2026-03-26T13:39:43,linf/init1/convnext_small_linf_2_init1,l1norm_step,,8.0,1020.0,random_restart_3,6,4.9583666801452635
2026-03-26T13:39:43,linf/init1/convnext_small_linf_2_init1,l1norm_step,,8.0,1020.0,random_restart_3,7,5.711533164978027
2026-03-26T13:39:43,linf/init1/convnext_small_linf_2_init1,l1norm_step,,8.0,1020.0,random_restart_3,8,6.386420726776123
2026-03-26T13:39:43,linf/init1/convnext_small_linf_2_init1,l1norm_step,,8.0,1020.0,random_restart_3,9,7.002653503417969
2026-03-26T13:39:43,linf/init1/convnext_small_linf_2_init1,l1norm_step,,8.0,1020.0,random_restart_3,10,7.557936954498291
2026-03-26T13:39:55,linf/init1/convnext_small_linf_2_init1,raw_grad_step,,8.0,1020.0,deterministic,1,0.6673399388790131
2026-03-26T13:39:55,linf/init1/convnext_small_linf_2_init1,raw_grad_step,,8.0,1020.0,deterministic,2,1.4617774963378907
2026-03-26T13:39:55,linf/init1/convnext_small_linf_2_init1,raw_grad_step,,8.0,1020.0,deterministic,3,2.362852191925049
2026-03-26T13:39:55,linf/init1/convnext_small_linf_2_init1,raw_grad_step,,8.0,1020.0,deterministic,4,3.2229997158050536
2026-03-26T13:39:55,linf/init1/convnext_small_linf_2_init1,raw_grad_step,,8.0,1020.0,deterministic,5,4.0143327713012695
2026-03-26T13:39:55,linf/init1/convnext_small_linf_2_init1,raw_grad_step,,8.0,1020.0,deterministic,6,4.696198892593384
2026-03-26T13:39:55,linf/init1/convnext_small_linf_2_init1,raw_grad_step,,8.0,1020.0,deterministic,7,5.308401584625244
2026-03-26T13:39:55,linf/init1/convnext_small_linf_2_init1,raw_grad_step,,8.0,1020.0,deterministic,8,5.77217469215393
2026-03-26T13:39:55,linf/init1/convnext_small_linf_2_init1,raw_grad_step,,8.0,1020.0,deterministic,9,6.247540664672852
2026-03-26T13:39:55,linf/init1/convnext_small_linf_2_init1,raw_grad_step,,8.0,1020.0,deterministic,10,6.664246082305908
2026-03-26T13:40:06,linf/init1/convnext_small_linf_2_init1,raw_grad_step,,8.0,1020.0,random_restart_1,1,0.6701436281204224
2026-03-26T13:40:06,linf/init1/convnext_small_linf_2_init1,raw_grad_step,,8.0,1020.0,random_restart_1,2,1.4414759397506713
2026-03-26T13:40:06,linf/init1/convnext_small_linf_2_init1,raw_grad_step,,8.0,1020.0,random_restart_1,3,2.3338417291641234
2026-03-26T13:40:06,linf/init1/convnext_small_linf_2_init1,raw_grad_step,,8.0,1020.0,random_restart_1,4,3.1908335208892824
2026-03-26T13:40:06,linf/init1/convnext_small_linf_2_init1,raw_grad_step,,8.0,1020.0,random_restart_1,5,3.9892845153808594
2026-03-26T13:40:06,linf/init1/convnext_small_linf_2_init1,raw_grad_step,,8.0,1020.0,random_restart_1,6,4.660517978668213
2026-03-26T13:40:06,linf/init1/convnext_small_linf_2_init1,raw_grad_step,,8.0,1020.0,random_restart_1,7,5.261383676528931
2026-03-26T13:40:06,linf/init1/convnext_small_linf_2_init1,raw_grad_step,,8.0,1020.0,random_restart_1,8,5.738652515411377
2026-03-26T13:40:06,linf/init1/convnext_small_linf_2_init1,raw_grad_step,,8.0,1020.0,random_restart_1,9,6.234348297119141
2026-03-26T13:40:06,linf/init1/convnext_small_linf_2_init1,raw_grad_step,,8.0,1020.0,random_restart_1,10,6.61522855758667
2026-03-26T13:40:18,linf/init1/convnext_small_linf_2_init1,raw_grad_step,,8.0,1020.0,random_restart_2,1,0.6685300946235657
2026-03-26T13:40:18,linf/init1/convnext_small_linf_2_init1,raw_grad_step,,8.0,1020.0,random_restart_2,2,1.439289963245392
2026-03-26T13:40:18,linf/init1/convnext_small_linf_2_init1,raw_grad_step,,8.0,1020.0,random_restart_2,3,2.316357421875
2026-03-26T13:40:18,linf/init1/convnext_small_linf_2_init1,raw_grad_step,,8.0,1020.0,random_restart_2,4,3.1742748260498046
2026-03-26T13:40:18,linf/init1/convnext_small_linf_2_init1,raw_grad_step,,8.0,1020.0,random_restart_2,5,3.9676560401916503
2026-03-26T13:40:18,linf/init1/convnext_small_linf_2_init1,raw_grad_step,,8.0,1020.0,random_restart_2,6,4.6842693328857425
2026-03-26T13:40:18,linf/init1/convnext_small_linf_2_init1,raw_grad_step,,8.0,1020.0,random_restart_2,7,5.2405020236969
2026-03-26T13:40:18,linf/init1/convnext_small_linf_2_init1,raw_grad_step,,8.0,1020.0,random_restart_2,8,5.739611625671387
2026-03-26T13:40:18,linf/init1/convnext_small_linf_2_init1,raw_grad_step,,8.0,1020.0,random_restart_2,9,6.215928554534912
2026-03-26T13:40:18,linf/init1/convnext_small_linf_2_init1,raw_grad_step,,8.0,1020.0,random_restart_2,10,6.645828437805176
2026-03-26T13:40:30,linf/init1/convnext_small_linf_2_init1,raw_grad_step,,8.0,1020.0,random_restart_3,1,0.6670674860477448
2026-03-26T13:40:30,linf/init1/convnext_small_linf_2_init1,raw_grad_step,,8.0,1020.0,random_restart_3,2,1.447734808921814
2026-03-26T13:40:30,linf/init1/convnext_small_linf_2_init1,raw_grad_step,,8.0,1020.0,random_restart_3,3,2.318520927429199
2026-03-26T13:40:30,linf/init1/convnext_small_linf_2_init1,raw_grad_step,,8.0,1020.0,random_restart_3,4,3.1669663429260253
2026-03-26T13:40:30,linf/init1/convnext_small_linf_2_init1,raw_grad_step,,8.0,1020.0,random_restart_3,5,3.9509143829345703
2026-03-26T13:40:30,linf/init1/convnext_small_linf_2_init1,raw_grad_step,,8.0,1020.0,random_restart_3,6,4.679188537597656
2026-03-26T13:40:30,linf/init1/convnext_small_linf_2_init1,raw_grad_step,,8.0,1020.0,random_restart_3,7,5.215792655944824
2026-03-26T13:40:30,linf/init1/convnext_small_linf_2_init1,raw_grad_step,,8.0,1020.0,random_restart_3,8,5.6903716087341305
2026-03-26T13:40:30,linf/init1/convnext_small_linf_2_init1,raw_grad_step,,8.0,1020.0,random_restart_3,9,6.162235355377197
2026-03-26T13:40:30,linf/init1/convnext_small_linf_2_init1,raw_grad_step,,8.0,1020.0,random_restart_3,10,6.57689094543457
2026-03-26T13:40:42,linf/init1/convnext_small_linf_2_init1,l1_apgd_topk,0.01,8.0,1020.0,deterministic,1,0.6673399388790131
2026-03-26T13:40:42,linf/init1/convnext_small_linf_2_init1,l1_apgd_topk,0.01,8.0,1020.0,deterministic,2,1.567927861213684
2026-03-26T13:40:42,linf/init1/convnext_small_linf_2_init1,l1_apgd_topk,0.01,8.0,1020.0,deterministic,3,1.9664511919021606
2026-03-26T13:40:42,linf/init1/convnext_small_linf_2_init1,l1_apgd_topk,0.01,8.0,1020.0,deterministic,4,2.5154756546020507
2026-03-26T13:40:42,linf/init1/convnext_small_linf_2_init1,l1_apgd_topk,0.01,8.0,1020.0,deterministic,5,2.638095235824585
2026-03-26T13:40:42,linf/init1/convnext_small_linf_2_init1,l1_apgd_topk,0.01,8.0,1020.0,deterministic,6,2.8555754661560058
2026-03-26T13:40:42,linf/init1/convnext_small_linf_2_init1,l1_apgd_topk,0.01,8.0,1020.0,deterministic,7,2.8924467086791994
2026-03-26T13:40:42,linf/init1/convnext_small_linf_2_init1,l1_apgd_topk,0.01,8.0,1020.0,deterministic,8,2.920809268951416
2026-03-26T13:40:42,linf/init1/convnext_small_linf_2_init1,l1_apgd_topk,0.01,8.0,1020.0,deterministic,9,3.0088735580444337
2026-03-26T13:40:42,linf/init1/convnext_small_linf_2_init1,l1_apgd_topk,0.01,8.0,1020.0,deterministic,10,2.9522745609283447
2026-03-26T13:40:54,linf/init1/convnext_small_linf_2_init1,l1_apgd_topk,0.01,8.0,1020.0,random_restart_1,1,0.6701436281204224
2026-03-26T13:40:54,linf/init1/convnext_small_linf_2_init1,l1_apgd_topk,0.01,8.0,1020.0,random_restart_1,2,1.5649796962738036
2026-03-26T13:40:54,linf/init1/convnext_small_linf_2_init1,l1_apgd_topk,0.01,8.0,1020.0,random_restart_1,3,1.9761739015579223
2026-03-26T13:40:54,linf/init1/convnext_small_linf_2_init1,l1_apgd_topk,0.01,8.0,1020.0,random_restart_1,4,2.5285893201828005
2026-03-26T13:40:54,linf/init1/convnext_small_linf_2_init1,l1_apgd_topk,0.01,8.0,1020.0,random_restart_1,5,2.623442363739014
2026-03-26T13:40:54,linf/init1/convnext_small_linf_2_init1,l1_apgd_topk,0.01,8.0,1020.0,random_restart_1,6,2.8424469947814943
2026-03-26T13:40:54,linf/init1/convnext_small_linf_2_init1,l1_apgd_topk,0.01,8.0,1020.0,random_restart_1,7,2.927656078338623
2026-03-26T13:40:54,linf/init1/convnext_small_linf_2_init1,l1_apgd_topk,0.01,8.0,1020.0,random_restart_1,8,3.033441686630249
2026-03-26T13:40:54,linf/init1/convnext_small_linf_2_init1,l1_apgd_topk,0.01,8.0,1020.0,random_restart_1,9,3.068499231338501
2026-03-26T13:40:54,linf/init1/convnext_small_linf_2_init1,l1_apgd_topk,0.01,8.0,1020.0,random_restart_1,10,3.04823694229126
2026-03-26T13:41:05,linf/init1/convnext_small_linf_2_init1,l1_apgd_topk,0.01,8.0,1020.0,random_restart_2,1,0.6685300946235657
2026-03-26T13:41:05,linf/init1/convnext_small_linf_2_init1,l1_apgd_topk,0.01,8.0,1020.0,random_restart_2,2,1.5931458950042725
2026-03-26T13:41:05,linf/init1/convnext_small_linf_2_init1,l1_apgd_topk,0.01,8.0,1020.0,random_restart_2,3,2.023184823989868
2026-03-26T13:41:05,linf/init1/convnext_small_linf_2_init1,l1_apgd_topk,0.01,8.0,1020.0,random_restart_2,4,2.493403100967407
2026-03-26T13:41:05,linf/init1/convnext_small_linf_2_init1,l1_apgd_topk,0.01,8.0,1020.0,random_restart_2,5,2.6183599710464476
2026-03-26T13:41:05,linf/init1/convnext_small_linf_2_init1,l1_apgd_topk,0.01,8.0,1020.0,random_restart_2,6,2.812818241119385
2026-03-26T13:41:05,linf/init1/convnext_small_linf_2_init1,l1_apgd_topk,0.01,8.0,1020.0,random_restart_2,7,2.8289284229278566
2026-03-26T13:41:05,linf/init1/convnext_small_linf_2_init1,l1_apgd_topk,0.01,8.0,1020.0,random_restart_2,8,2.9479706287384033
2026-03-26T13:41:05,linf/init1/convnext_small_linf_2_init1,l1_apgd_topk,0.01,8.0,1020.0,random_restart_2,9,3.0294511795043944
2026-03-26T13:41:05,linf/init1/convnext_small_linf_2_init1,l1_apgd_topk,0.01,8.0,1020.0,random_restart_2,10,3.016614055633545
2026-03-26T13:41:17,linf/init1/convnext_small_linf_2_init1,l1_apgd_topk,0.01,8.0,1020.0,random_restart_3,1,0.6670674860477448
2026-03-26T13:41:17,linf/init1/convnext_small_linf_2_init1,l1_apgd_topk,0.01,8.0,1020.0,random_restart_3,2,1.580618107318878
2026-03-26T13:41:17,linf/init1/convnext_small_linf_2_init1,l1_apgd_topk,0.01,8.0,1020.0,random_restart_3,3,2.0183020353317263
2026-03-26T13:41:17,linf/init1/convnext_small_linf_2_init1,l1_apgd_topk,0.01,8.0,1020.0,random_restart_3,4,2.4854798793792723
2026-03-26T13:41:17,linf/init1/convnext_small_linf_2_init1,l1_apgd_topk,0.01,8.0,1020.0,random_restart_3,5,2.607623243331909
2026-03-26T13:41:17,linf/init1/convnext_small_linf_2_init1,l1_apgd_topk,0.01,8.0,1020.0,random_restart_3,6,2.854652261734009
2026-03-26T13:41:17,linf/init1/convnext_small_linf_2_init1,l1_apgd_topk,0.01,8.0,1020.0,random_restart_3,7,2.872772693634033
2026-03-26T13:41:17,linf/init1/convnext_small_linf_2_init1,l1_apgd_topk,0.01,8.0,1020.0,random_restart_3,8,2.928334426879883
2026-03-26T13:41:17,linf/init1/convnext_small_linf_2_init1,l1_apgd_topk,0.01,8.0,1020.0,random_restart_3,9,2.9780749320983886
2026-03-26T13:41:17,linf/init1/convnext_small_linf_2_init1,l1_apgd_topk,0.01,8.0,1020.0,random_restart_3,10,2.9972841262817385
2026-03-26T13:41:29,linf/init1/convnext_small_linf_2_init1,l1_apgd_topk,0.05,8.0,1020.0,deterministic,1,0.6673399388790131
2026-03-26T13:41:29,linf/init1/convnext_small_linf_2_init1,l1_apgd_topk,0.05,8.0,1020.0,deterministic,2,2.8851582050323485
2026-03-26T13:41:29,linf/init1/convnext_small_linf_2_init1,l1_apgd_topk,0.05,8.0,1020.0,deterministic,3,4.852789306640625
2026-03-26T13:41:29,linf/init1/convnext_small_linf_2_init1,l1_apgd_topk,0.05,8.0,1020.0,deterministic,4,6.186764335632324
2026-03-26T13:41:29,linf/init1/convnext_small_linf_2_init1,l1_apgd_topk,0.05,8.0,1020.0,deterministic,5,6.968736934661865
2026-03-26T13:41:29,linf/init1/convnext_small_linf_2_init1,l1_apgd_topk,0.05,8.0,1020.0,deterministic,6,7.345027828216553
2026-03-26T13:41:29,linf/init1/convnext_small_linf_2_init1,l1_apgd_topk,0.05,8.0,1020.0,deterministic,7,7.681250762939453
2026-03-26T13:41:29,linf/init1/convnext_small_linf_2_init1,l1_apgd_topk,0.05,8.0,1020.0,deterministic,8,7.828941535949707
2026-03-26T13:41:29,linf/init1/convnext_small_linf_2_init1,l1_apgd_topk,0.05,8.0,1020.0,deterministic,9,8.123849296569825
2026-03-26T13:41:29,linf/init1/convnext_small_linf_2_init1,l1_apgd_topk,0.05,8.0,1020.0,deterministic,10,8.082613468170166
2026-03-26T13:41:41,linf/init1/convnext_small_linf_2_init1,l1_apgd_topk,0.05,8.0,1020.0,random_restart_1,1,0.6701436281204224
2026-03-26T13:41:41,linf/init1/convnext_small_linf_2_init1,l1_apgd_topk,0.05,8.0,1020.0,random_restart_1,2,2.8995973110198974
2026-03-26T13:41:41,linf/init1/convnext_small_linf_2_init1,l1_apgd_topk,0.05,8.0,1020.0,random_restart_1,3,4.8764465808868405
2026-03-26T13:41:41,linf/init1/convnext_small_linf_2_init1,l1_apgd_topk,0.05,8.0,1020.0,random_restart_1,4,6.263328266143799
2026-03-26T13:41:41,linf/init1/convnext_small_linf_2_init1,l1_apgd_topk,0.05,8.0,1020.0,random_restart_1,5,6.999176406860352
2026-03-26T13:41:41,linf/init1/convnext_small_linf_2_init1,l1_apgd_topk,0.05,8.0,1020.0,random_restart_1,6,7.335738468170166
2026-03-26T13:41:41,linf/init1/convnext_small_linf_2_init1,l1_apgd_topk,0.05,8.0,1020.0,random_restart_1,7,7.666471767425537
2026-03-26T13:41:41,linf/init1/convnext_small_linf_2_init1,l1_apgd_topk,0.05,8.0,1020.0,random_restart_1,8,7.78542537689209
2026-03-26T13:41:41,linf/init1/convnext_small_linf_2_init1,l1_apgd_topk,0.05,8.0,1020.0,random_restart_1,9,8.115228843688964
2026-03-26T13:41:41,linf/init1/convnext_small_linf_2_init1,l1_apgd_topk,0.05,8.0,1020.0,random_restart_1,10,8.139803791046143
2026-03-26T13:41:53,linf/init1/convnext_small_linf_2_init1,l1_apgd_topk,0.05,8.0,1020.0,random_restart_2,1,0.6685300946235657
2026-03-26T13:41:53,linf/init1/convnext_small_linf_2_init1,l1_apgd_topk,0.05,8.0,1020.0,random_restart_2,2,2.9112675189971924
2026-03-26T13:41:53,linf/init1/convnext_small_linf_2_init1,l1_apgd_topk,0.05,8.0,1020.0,random_restart_2,3,4.887780952453613
2026-03-26T13:41:53,linf/init1/convnext_small_linf_2_init1,l1_apgd_topk,0.05,8.0,1020.0,random_restart_2,4,6.264990711212159
2026-03-26T13:41:53,linf/init1/convnext_small_linf_2_init1,l1_apgd_topk,0.05,8.0,1020.0,random_restart_2,5,7.0227703094482425
2026-03-26T13:41:53,linf/init1/convnext_small_linf_2_init1,l1_apgd_topk,0.05,8.0,1020.0,random_restart_2,6,7.37386417388916
2026-03-26T13:41:53,linf/init1/convnext_small_linf_2_init1,l1_apgd_topk,0.05,8.0,1020.0,random_restart_2,7,7.704121017456055
2026-03-26T13:41:53,linf/init1/convnext_small_linf_2_init1,l1_apgd_topk,0.05,8.0,1020.0,random_restart_2,8,7.754635524749756
2026-03-26T13:41:53,linf/init1/convnext_small_linf_2_init1,l1_apgd_topk,0.05,8.0,1020.0,random_restart_2,9,8.19154052734375
2026-03-26T13:41:53,linf/init1/convnext_small_linf_2_init1,l1_apgd_topk,0.05,8.0,1020.0,random_restart_2,10,8.08971004486084
2026-03-26T13:42:05,linf/init1/convnext_small_linf_2_init1,l1_apgd_topk,0.05,8.0,1020.0,random_restart_3,1,0.6670674860477448
2026-03-26T13:42:05,linf/init1/convnext_small_linf_2_init1,l1_apgd_topk,0.05,8.0,1020.0,random_restart_3,2,2.900011348724365
2026-03-26T13:42:05,linf/init1/convnext_small_linf_2_init1,l1_apgd_topk,0.05,8.0,1020.0,random_restart_3,3,4.878111457824707
2026-03-26T13:42:05,linf/init1/convnext_small_linf_2_init1,l1_apgd_topk,0.05,8.0,1020.0,random_restart_3,4,6.253858852386474
2026-03-26T13:42:05,linf/init1/convnext_small_linf_2_init1,l1_apgd_topk,0.05,8.0,1020.0,random_restart_3,5,7.019128608703613
2026-03-26T13:42:05,linf/init1/convnext_small_linf_2_init1,l1_apgd_topk,0.05,8.0,1020.0,random_restart_3,6,7.319228935241699
2026-03-26T13:42:05,linf/init1/convnext_small_linf_2_init1,l1_apgd_topk,0.05,8.0,1020.0,random_restart_3,7,7.7334874153137205
2026-03-26T13:42:05,linf/init1/convnext_small_linf_2_init1,l1_apgd_topk,0.05,8.0,1020.0,random_restart_3,8,7.7799783706665036
2026-03-26T13:42:05,linf/init1/convnext_small_linf_2_init1,l1_apgd_topk,0.05,8.0,1020.0,random_restart_3,9,8.114643764495849
2026-03-26T13:42:05,linf/init1/convnext_small_linf_2_init1,l1_apgd_topk,0.05,8.0,1020.0,random_restart_3,10,8.212452793121338
2026-03-26T13:42:17,linf/init1/convnext_small_linf_2_init1,l1_apgd_topk,0.1,8.0,1020.0,deterministic,1,0.6673399388790131
2026-03-26T13:42:17,linf/init1/convnext_small_linf_2_init1,l1_apgd_topk,0.1,8.0,1020.0,deterministic,2,2.793889570236206
2026-03-26T13:42:17,linf/init1/convnext_small_linf_2_init1,l1_apgd_topk,0.1,8.0,1020.0,deterministic,3,4.7928962230682375
2026-03-26T13:42:17,linf/init1/convnext_small_linf_2_init1,l1_apgd_topk,0.1,8.0,1020.0,deterministic,4,6.1492267608642575
2026-03-26T13:42:17,linf/init1/convnext_small_linf_2_init1,l1_apgd_topk,0.1,8.0,1020.0,deterministic,5,7.076449012756347
2026-03-26T13:42:17,linf/init1/convnext_small_linf_2_init1,l1_apgd_topk,0.1,8.0,1020.0,deterministic,6,7.560211658477783
2026-03-26T13:42:17,linf/init1/convnext_small_linf_2_init1,l1_apgd_topk,0.1,8.0,1020.0,deterministic,7,7.996774196624756
2026-03-26T13:42:17,linf/init1/convnext_small_linf_2_init1,l1_apgd_topk,0.1,8.0,1020.0,deterministic,8,8.210897827148438
2026-03-26T13:42:17,linf/init1/convnext_small_linf_2_init1,l1_apgd_topk,0.1,8.0,1020.0,deterministic,9,8.44460391998291
2026-03-26T13:42:17,linf/init1/convnext_small_linf_2_init1,l1_apgd_topk,0.1,8.0,1020.0,deterministic,10,8.548721504211425
2026-03-26T13:42:28,linf/init1/convnext_small_linf_2_init1,l1_apgd_topk,0.1,8.0,1020.0,random_restart_1,1,0.6701436281204224
2026-03-26T13:42:28,linf/init1/convnext_small_linf_2_init1,l1_apgd_topk,0.1,8.0,1020.0,random_restart_1,2,2.800949144363403
2026-03-26T13:42:28,linf/init1/convnext_small_linf_2_init1,l1_apgd_topk,0.1,8.0,1020.0,random_restart_1,3,4.809650611877442
2026-03-26T13:42:28,linf/init1/convnext_small_linf_2_init1,l1_apgd_topk,0.1,8.0,1020.0,random_restart_1,4,6.1741042137146
2026-03-26T13:42:28,linf/init1/convnext_small_linf_2_init1,l1_apgd_topk,0.1,8.0,1020.0,random_restart_1,5,7.08855504989624
2026-03-26T13:42:28,linf/init1/convnext_small_linf_2_init1,l1_apgd_topk,0.1,8.0,1020.0,random_restart_1,6,7.534602260589599
2026-03-26T13:42:28,linf/init1/convnext_small_linf_2_init1,l1_apgd_topk,0.1,8.0,1020.0,random_restart_1,7,8.029117107391357
2026-03-26T13:42:28,linf/init1/convnext_small_linf_2_init1,l1_apgd_topk,0.1,8.0,1020.0,random_restart_1,8,8.237975597381592
2026-03-26T13:42:28,linf/init1/convnext_small_linf_2_init1,l1_apgd_topk,0.1,8.0,1020.0,random_restart_1,9,8.445312690734863
2026-03-26T13:42:28,linf/init1/convnext_small_linf_2_init1,l1_apgd_topk,0.1,8.0,1020.0,random_restart_1,10,8.62263069152832
2026-03-26T13:42:40,linf/init1/convnext_small_linf_2_init1,l1_apgd_topk,0.1,8.0,1020.0,random_restart_2,1,0.6685300946235657
2026-03-26T13:42:40,linf/init1/convnext_small_linf_2_init1,l1_apgd_topk,0.1,8.0,1020.0,random_restart_2,2,2.812286138534546
2026-03-26T13:42:40,linf/init1/convnext_small_linf_2_init1,l1_apgd_topk,0.1,8.0,1020.0,random_restart_2,3,4.797226047515869
2026-03-26T13:42:40,linf/init1/convnext_small_linf_2_init1,l1_apgd_topk,0.1,8.0,1020.0,random_restart_2,4,6.163355445861816
2026-03-26T13:42:40,linf/init1/convnext_small_linf_2_init1,l1_apgd_topk,0.1,8.0,1020.0,random_restart_2,5,7.076360034942627
2026-03-26T13:42:40,linf/init1/convnext_small_linf_2_init1,l1_apgd_topk,0.1,8.0,1020.0,random_restart_2,6,7.578464221954346
2026-03-26T13:42:40,linf/init1/convnext_small_linf_2_init1,l1_apgd_topk,0.1,8.0,1020.0,random_restart_2,7,7.976550006866455
2026-03-26T13:42:40,linf/init1/convnext_small_linf_2_init1,l1_apgd_topk,0.1,8.0,1020.0,random_restart_2,8,8.315510654449463
2026-03-26T13:42:40,linf/init1/convnext_small_linf_2_init1,l1_apgd_topk,0.1,8.0,1020.0,random_restart_2,9,8.536100578308105
2026-03-26T13:42:40,linf/init1/convnext_small_linf_2_init1,l1_apgd_topk,0.1,8.0,1020.0,random_restart_2,10,8.662384414672852
2026-03-26T13:42:52,linf/init1/convnext_small_linf_2_init1,l1_apgd_topk,0.1,8.0,1020.0,random_restart_3,1,0.6670674860477448
2026-03-26T13:42:52,linf/init1/convnext_small_linf_2_init1,l1_apgd_topk,0.1,8.0,1020.0,random_restart_3,2,2.8104897022247313
2026-03-26T13:42:52,linf/init1/convnext_small_linf_2_init1,l1_apgd_topk,0.1,8.0,1020.0,random_restart_3,3,4.802167844772339
2026-03-26T13:42:52,linf/init1/convnext_small_linf_2_init1,l1_apgd_topk,0.1,8.0,1020.0,random_restart_3,4,6.148063659667969
2026-03-26T13:42:52,linf/init1/convnext_small_linf_2_init1,l1_apgd_topk,0.1,8.0,1020.0,random_restart_3,5,7.070918273925781
2026-03-26T13:42:52,linf/init1/convnext_small_linf_2_init1,l1_apgd_topk,0.1,8.0,1020.0,random_restart_3,6,7.536367797851563
2026-03-26T13:42:52,linf/init1/convnext_small_linf_2_init1,l1_apgd_topk,0.1,8.0,1020.0,random_restart_3,7,8.037324619293212
2026-03-26T13:42:52,linf/init1/convnext_small_linf_2_init1,l1_apgd_topk,0.1,8.0,1020.0,random_restart_3,8,8.319100761413575
2026-03-26T13:42:52,linf/init1/convnext_small_linf_2_init1,l1_apgd_topk,0.1,8.0,1020.0,random_restart_3,9,8.585401725769042
2026-03-26T13:42:52,linf/init1/convnext_small_linf_2_init1,l1_apgd_topk,0.1,8.0,1020.0,random_restart_3,10,8.633598518371581
2026-03-26T13:43:04,linf/init1/convnext_small_linf_2_init1,fw_onehot,,8.0,1020.0,deterministic,1,0.6673399388790131
2026-03-26T13:43:04,linf/init1/convnext_small_linf_2_init1,fw_onehot,,8.0,1020.0,deterministic,2,0.6662070631980896
2026-03-26T13:43:04,linf/init1/convnext_small_linf_2_init1,fw_onehot,,8.0,1020.0,deterministic,3,0.6795684397220612
2026-03-26T13:43:04,linf/init1/convnext_small_linf_2_init1,fw_onehot,,8.0,1020.0,deterministic,4,0.6858890175819397
2026-03-26T13:43:04,linf/init1/convnext_small_linf_2_init1,fw_onehot,,8.0,1020.0,deterministic,5,0.6878811061382294
2026-03-26T13:43:04,linf/init1/convnext_small_linf_2_init1,fw_onehot,,8.0,1020.0,deterministic,6,0.6882834911346436
2026-03-26T13:43:04,linf/init1/convnext_small_linf_2_init1,fw_onehot,,8.0,1020.0,deterministic,7,0.6892831206321717
2026-03-26T13:43:04,linf/init1/convnext_small_linf_2_init1,fw_onehot,,8.0,1020.0,deterministic,8,0.6980506777763367
2026-03-26T13:43:04,linf/init1/convnext_small_linf_2_init1,fw_onehot,,8.0,1020.0,deterministic,9,0.7023462891578675
2026-03-26T13:43:04,linf/init1/convnext_small_linf_2_init1,fw_onehot,,8.0,1020.0,deterministic,10,0.6984816730022431
2026-03-26T13:43:16,linf/init1/convnext_small_linf_2_init1,baseline_l2norm,,16.0,2040.0,deterministic,1,0.6673399388790131
2026-03-26T13:43:16,linf/init1/convnext_small_linf_2_init1,baseline_l2norm,,16.0,2040.0,deterministic,2,1.2090516805648803
2026-03-26T13:43:16,linf/init1/convnext_small_linf_2_init1,baseline_l2norm,,16.0,2040.0,deterministic,3,1.403449535369873
2026-03-26T13:43:16,linf/init1/convnext_small_linf_2_init1,baseline_l2norm,,16.0,2040.0,deterministic,4,1.5180243730545044
2026-03-26T13:43:16,linf/init1/convnext_small_linf_2_init1,baseline_l2norm,,16.0,2040.0,deterministic,5,1.6682981967926025
2026-03-26T13:43:16,linf/init1/convnext_small_linf_2_init1,baseline_l2norm,,16.0,2040.0,deterministic,6,1.6060126185417176
2026-03-26T13:43:16,linf/init1/convnext_small_linf_2_init1,baseline_l2norm,,16.0,2040.0,deterministic,7,1.7131917953491211
2026-03-26T13:43:16,linf/init1/convnext_small_linf_2_init1,baseline_l2norm,,16.0,2040.0,deterministic,8,1.660710072517395
2026-03-26T13:43:16,linf/init1/convnext_small_linf_2_init1,baseline_l2norm,,16.0,2040.0,deterministic,9,1.754229521751404
2026-03-26T13:43:16,linf/init1/convnext_small_linf_2_init1,baseline_l2norm,,16.0,2040.0,deterministic,10,1.718919277191162
2026-03-26T13:43:27,linf/init1/convnext_small_linf_2_init1,baseline_l2norm,,16.0,2040.0,random_restart_1,1,0.6774979114532471
2026-03-26T13:43:27,linf/init1/convnext_small_linf_2_init1,baseline_l2norm,,16.0,2040.0,random_restart_1,2,1.2605297803878783
2026-03-26T13:43:27,linf/init1/convnext_small_linf_2_init1,baseline_l2norm,,16.0,2040.0,random_restart_1,3,1.478757882118225
2026-03-26T13:43:27,linf/init1/convnext_small_linf_2_init1,baseline_l2norm,,16.0,2040.0,random_restart_1,4,1.5516491770744323
2026-03-26T13:43:27,linf/init1/convnext_small_linf_2_init1,baseline_l2norm,,16.0,2040.0,random_restart_1,5,1.671198844909668
2026-03-26T13:43:27,linf/init1/convnext_small_linf_2_init1,baseline_l2norm,,16.0,2040.0,random_restart_1,6,1.6697848796844483
2026-03-26T13:43:27,linf/init1/convnext_small_linf_2_init1,baseline_l2norm,,16.0,2040.0,random_restart_1,7,1.6708552837371826
2026-03-26T13:43:27,linf/init1/convnext_small_linf_2_init1,baseline_l2norm,,16.0,2040.0,random_restart_1,8,1.6917286276817323
2026-03-26T13:43:27,linf/init1/convnext_small_linf_2_init1,baseline_l2norm,,16.0,2040.0,random_restart_1,9,1.7294763326644897
2026-03-26T13:43:27,linf/init1/convnext_small_linf_2_init1,baseline_l2norm,,16.0,2040.0,random_restart_1,10,1.7559542179107666
2026-03-26T13:43:39,linf/init1/convnext_small_linf_2_init1,baseline_l2norm,,16.0,2040.0,random_restart_2,1,0.678745436668396
2026-03-26T13:43:39,linf/init1/convnext_small_linf_2_init1,baseline_l2norm,,16.0,2040.0,random_restart_2,2,1.248254418373108
2026-03-26T13:43:39,linf/init1/convnext_small_linf_2_init1,baseline_l2norm,,16.0,2040.0,random_restart_2,3,1.4640090227127076
2026-03-26T13:43:39,linf/init1/convnext_small_linf_2_init1,baseline_l2norm,,16.0,2040.0,random_restart_2,4,1.5736839056015015
2026-03-26T13:43:39,linf/init1/convnext_small_linf_2_init1,baseline_l2norm,,16.0,2040.0,random_restart_2,5,1.6781031131744384
2026-03-26T13:43:39,linf/init1/convnext_small_linf_2_init1,baseline_l2norm,,16.0,2040.0,random_restart_2,6,1.6245601058006287
2026-03-26T13:43:39,linf/init1/convnext_small_linf_2_init1,baseline_l2norm,,16.0,2040.0,random_restart_2,7,1.7338197231292725
2026-03-26T13:43:39,linf/init1/convnext_small_linf_2_init1,baseline_l2norm,,16.0,2040.0,random_restart_2,8,1.6767522096633911
2026-03-26T13:43:39,linf/init1/convnext_small_linf_2_init1,baseline_l2norm,,16.0,2040.0,random_restart_2,9,1.7480397701263428
2026-03-26T13:43:39,linf/init1/convnext_small_linf_2_init1,baseline_l2norm,,16.0,2040.0,random_restart_2,10,1.6486226558685302
2026-03-26T13:43:51,linf/init1/convnext_small_linf_2_init1,baseline_l2norm,,16.0,2040.0,random_restart_3,1,0.6828262269496918
2026-03-26T13:43:51,linf/init1/convnext_small_linf_2_init1,baseline_l2norm,,16.0,2040.0,random_restart_3,2,1.2423648357391357
2026-03-26T13:43:51,linf/init1/convnext_small_linf_2_init1,baseline_l2norm,,16.0,2040.0,random_restart_3,3,1.480677342414856
2026-03-26T13:43:51,linf/init1/convnext_small_linf_2_init1,baseline_l2norm,,16.0,2040.0,random_restart_3,4,1.6121647119522096
2026-03-26T13:43:51,linf/init1/convnext_small_linf_2_init1,baseline_l2norm,,16.0,2040.0,random_restart_3,5,1.6815550804138184
2026-03-26T13:43:51,linf/init1/convnext_small_linf_2_init1,baseline_l2norm,,16.0,2040.0,random_restart_3,6,1.6659310102462768
2026-03-26T13:43:51,linf/init1/convnext_small_linf_2_init1,baseline_l2norm,,16.0,2040.0,random_restart_3,7,1.7701741695404052
2026-03-26T13:43:51,linf/init1/convnext_small_linf_2_init1,baseline_l2norm,,16.0,2040.0,random_restart_3,8,1.7273256063461304
2026-03-26T13:43:51,linf/init1/convnext_small_linf_2_init1,baseline_l2norm,,16.0,2040.0,random_restart_3,9,1.752910351753235
2026-03-26T13:43:51,linf/init1/convnext_small_linf_2_init1,baseline_l2norm,,16.0,2040.0,random_restart_3,10,1.7309925079345703
2026-03-26T13:44:03,linf/init1/convnext_small_linf_2_init1,l1norm_step,,16.0,2040.0,deterministic,1,0.6673399388790131
2026-03-26T13:44:03,linf/init1/convnext_small_linf_2_init1,l1norm_step,,16.0,2040.0,deterministic,2,1.8053184270858764
2026-03-26T13:44:03,linf/init1/convnext_small_linf_2_init1,l1norm_step,,16.0,2040.0,deterministic,3,3.358457088470459
2026-03-26T13:44:03,linf/init1/convnext_small_linf_2_init1,l1norm_step,,16.0,2040.0,deterministic,4,4.844212341308594
2026-03-26T13:44:03,linf/init1/convnext_small_linf_2_init1,l1norm_step,,16.0,2040.0,deterministic,5,6.148108863830567
2026-03-26T13:44:03,linf/init1/convnext_small_linf_2_init1,l1norm_step,,16.0,2040.0,deterministic,6,7.240119075775146
2026-03-26T13:44:03,linf/init1/convnext_small_linf_2_init1,l1norm_step,,16.0,2040.0,deterministic,7,8.218716049194336
2026-03-26T13:44:03,linf/init1/convnext_small_linf_2_init1,l1norm_step,,16.0,2040.0,deterministic,8,9.090180969238281
2026-03-26T13:44:03,linf/init1/convnext_small_linf_2_init1,l1norm_step,,16.0,2040.0,deterministic,9,9.80360450744629
2026-03-26T13:44:03,linf/init1/convnext_small_linf_2_init1,l1norm_step,,16.0,2040.0,deterministic,10,10.424212074279785
2026-03-26T13:44:15,linf/init1/convnext_small_linf_2_init1,l1norm_step,,16.0,2040.0,random_restart_1,1,0.6774979114532471
2026-03-26T13:44:15,linf/init1/convnext_small_linf_2_init1,l1norm_step,,16.0,2040.0,random_restart_1,2,1.7904268741607665
2026-03-26T13:44:15,linf/init1/convnext_small_linf_2_init1,l1norm_step,,16.0,2040.0,random_restart_1,3,3.371362829208374
2026-03-26T13:44:15,linf/init1/convnext_small_linf_2_init1,l1norm_step,,16.0,2040.0,random_restart_1,4,4.847978496551514
2026-03-26T13:44:15,linf/init1/convnext_small_linf_2_init1,l1norm_step,,16.0,2040.0,random_restart_1,5,6.11213321685791
2026-03-26T13:44:15,linf/init1/convnext_small_linf_2_init1,l1norm_step,,16.0,2040.0,random_restart_1,6,7.1923418045043945
2026-03-26T13:44:15,linf/init1/convnext_small_linf_2_init1,l1norm_step,,16.0,2040.0,random_restart_1,7,8.141401863098144
2026-03-26T13:44:15,linf/init1/convnext_small_linf_2_init1,l1norm_step,,16.0,2040.0,random_restart_1,8,8.947852611541748
2026-03-26T13:44:15,linf/init1/convnext_small_linf_2_init1,l1norm_step,,16.0,2040.0,random_restart_1,9,9.670555686950683
2026-03-26T13:44:15,linf/init1/convnext_small_linf_2_init1,l1norm_step,,16.0,2040.0,random_restart_1,10,10.284858512878419
2026-03-26T13:44:26,linf/init1/convnext_small_linf_2_init1,l1norm_step,,16.0,2040.0,random_restart_2,1,0.678745436668396
2026-03-26T13:44:26,linf/init1/convnext_small_linf_2_init1,l1norm_step,,16.0,2040.0,random_restart_2,2,1.7886923789978026
2026-03-26T13:44:26,linf/init1/convnext_small_linf_2_init1,l1norm_step,,16.0,2040.0,random_restart_2,3,3.372913885116577
2026-03-26T13:44:26,linf/init1/convnext_small_linf_2_init1,l1norm_step,,16.0,2040.0,random_restart_2,4,4.834971523284912
2026-03-26T13:44:26,linf/init1/convnext_small_linf_2_init1,l1norm_step,,16.0,2040.0,random_restart_2,5,6.114344596862793
2026-03-26T13:44:26,linf/init1/convnext_small_linf_2_init1,l1norm_step,,16.0,2040.0,random_restart_2,6,7.177329730987549
2026-03-26T13:44:26,linf/init1/convnext_small_linf_2_init1,l1norm_step,,16.0,2040.0,random_restart_2,7,8.127289199829102
2026-03-26T13:44:26,linf/init1/convnext_small_linf_2_init1,l1norm_step,,16.0,2040.0,random_restart_2,8,8.945263862609863
2026-03-26T13:44:26,linf/init1/convnext_small_linf_2_init1,l1norm_step,,16.0,2040.0,random_restart_2,9,9.696303558349609
2026-03-26T13:44:26,linf/init1/convnext_small_linf_2_init1,l1norm_step,,16.0,2040.0,random_restart_2,10,10.3105899810791
2026-03-26T13:44:38,linf/init1/convnext_small_linf_2_init1,l1norm_step,,16.0,2040.0,random_restart_3,1,0.6828262269496918
2026-03-26T13:44:38,linf/init1/convnext_small_linf_2_init1,l1norm_step,,16.0,2040.0,random_restart_3,2,1.7946611404418946
2026-03-26T13:44:38,linf/init1/convnext_small_linf_2_init1,l1norm_step,,16.0,2040.0,random_restart_3,3,3.3756550788879394
2026-03-26T13:44:38,linf/init1/convnext_small_linf_2_init1,l1norm_step,,16.0,2040.0,random_restart_3,4,4.850217247009278
2026-03-26T13:44:38,linf/init1/convnext_small_linf_2_init1,l1norm_step,,16.0,2040.0,random_restart_3,5,6.094925403594971
2026-03-26T13:44:38,linf/init1/convnext_small_linf_2_init1,l1norm_step,,16.0,2040.0,random_restart_3,6,7.170447731018067
2026-03-26T13:44:38,linf/init1/convnext_small_linf_2_init1,l1norm_step,,16.0,2040.0,random_restart_3,7,8.1085994720459
2026-03-26T13:44:38,linf/init1/convnext_small_linf_2_init1,l1norm_step,,16.0,2040.0,random_restart_3,8,8.93453769683838
2026-03-26T13:44:38,linf/init1/convnext_small_linf_2_init1,l1norm_step,,16.0,2040.0,random_restart_3,9,9.670984077453614
2026-03-26T13:44:38,linf/init1/convnext_small_linf_2_init1,l1norm_step,,16.0,2040.0,random_restart_3,10,10.297593879699708
2026-03-26T13:44:50,linf/init1/convnext_small_linf_2_init1,raw_grad_step,,16.0,2040.0,deterministic,1,0.6673399388790131
2026-03-26T13:44:50,linf/init1/convnext_small_linf_2_init1,raw_grad_step,,16.0,2040.0,deterministic,2,1.7231898069381715
2026-03-26T13:44:50,linf/init1/convnext_small_linf_2_init1,raw_grad_step,,16.0,2040.0,deterministic,3,2.994282579421997
2026-03-26T13:44:50,linf/init1/convnext_small_linf_2_init1,raw_grad_step,,16.0,2040.0,deterministic,4,4.190441083908081
2026-03-26T13:44:50,linf/init1/convnext_small_linf_2_init1,raw_grad_step,,16.0,2040.0,deterministic,5,5.25365719795227
2026-03-26T13:44:50,linf/init1/convnext_small_linf_2_init1,raw_grad_step,,16.0,2040.0,deterministic,6,6.037704372406006
2026-03-26T13:44:50,linf/init1/convnext_small_linf_2_init1,raw_grad_step,,16.0,2040.0,deterministic,7,6.744283390045166
2026-03-26T13:44:50,linf/init1/convnext_small_linf_2_init1,raw_grad_step,,16.0,2040.0,deterministic,8,7.308541679382325
2026-03-26T13:44:50,linf/init1/convnext_small_linf_2_init1,raw_grad_step,,16.0,2040.0,deterministic,9,7.959917831420898
2026-03-26T13:44:50,linf/init1/convnext_small_linf_2_init1,raw_grad_step,,16.0,2040.0,deterministic,10,8.478574180603028
2026-03-26T13:45:02,linf/init1/convnext_small_linf_2_init1,raw_grad_step,,16.0,2040.0,random_restart_1,1,0.6774979114532471
2026-03-26T13:45:02,linf/init1/convnext_small_linf_2_init1,raw_grad_step,,16.0,2040.0,random_restart_1,2,1.6783665657043456
2026-03-26T13:45:02,linf/init1/convnext_small_linf_2_init1,raw_grad_step,,16.0,2040.0,random_restart_1,3,3.008752870559692
2026-03-26T13:45:02,linf/init1/convnext_small_linf_2_init1,raw_grad_step,,16.0,2040.0,random_restart_1,4,4.247977447509766
2026-03-26T13:45:02,linf/init1/convnext_small_linf_2_init1,raw_grad_step,,16.0,2040.0,random_restart_1,5,5.316829204559326
2026-03-26T13:45:02,linf/init1/convnext_small_linf_2_init1,raw_grad_step,,16.0,2040.0,random_restart_1,6,6.109971141815185
2026-03-26T13:45:02,linf/init1/convnext_small_linf_2_init1,raw_grad_step,,16.0,2040.0,random_restart_1,7,6.746940612792969
2026-03-26T13:45:02,linf/init1/convnext_small_linf_2_init1,raw_grad_step,,16.0,2040.0,random_restart_1,8,7.306499385833741
2026-03-26T13:45:02,linf/init1/convnext_small_linf_2_init1,raw_grad_step,,16.0,2040.0,random_restart_1,9,7.926491355895996
2026-03-26T13:45:02,linf/init1/convnext_small_linf_2_init1,raw_grad_step,,16.0,2040.0,random_restart_1,10,8.389691257476807
2026-03-26T13:45:14,linf/init1/convnext_small_linf_2_init1,raw_grad_step,,16.0,2040.0,random_restart_2,1,0.678745436668396
2026-03-26T13:45:14,linf/init1/convnext_small_linf_2_init1,raw_grad_step,,16.0,2040.0,random_restart_2,2,1.6944308400154113
2026-03-26T13:45:14,linf/init1/convnext_small_linf_2_init1,raw_grad_step,,16.0,2040.0,random_restart_2,3,3.0316608905792237
2026-03-26T13:45:14,linf/init1/convnext_small_linf_2_init1,raw_grad_step,,16.0,2040.0,random_restart_2,4,4.250506496429443
2026-03-26T13:45:14,linf/init1/convnext_small_linf_2_init1,raw_grad_step,,16.0,2040.0,random_restart_2,5,5.276372861862183
2026-03-26T13:45:14,linf/init1/convnext_small_linf_2_init1,raw_grad_step,,16.0,2040.0,random_restart_2,6,6.015330505371094
2026-03-26T13:45:14,linf/init1/convnext_small_linf_2_init1,raw_grad_step,,16.0,2040.0,random_restart_2,7,6.752748584747314
2026-03-26T13:45:14,linf/init1/convnext_small_linf_2_init1,raw_grad_step,,16.0,2040.0,random_restart_2,8,7.365282440185547
2026-03-26T13:45:14,linf/init1/convnext_small_linf_2_init1,raw_grad_step,,16.0,2040.0,random_restart_2,9,7.958185482025146
2026-03-26T13:45:14,linf/init1/convnext_small_linf_2_init1,raw_grad_step,,16.0,2040.0,random_restart_2,10,8.442096519470216
2026-03-26T13:45:25,linf/init1/convnext_small_linf_2_init1,raw_grad_step,,16.0,2040.0,random_restart_3,1,0.6828262269496918
2026-03-26T13:45:25,linf/init1/convnext_small_linf_2_init1,raw_grad_step,,16.0,2040.0,random_restart_3,2,1.6913673877716064
2026-03-26T13:45:25,linf/init1/convnext_small_linf_2_init1,raw_grad_step,,16.0,2040.0,random_restart_3,3,3.0558173656463623
2026-03-26T13:45:25,linf/init1/convnext_small_linf_2_init1,raw_grad_step,,16.0,2040.0,random_restart_3,4,4.2896728515625
2026-03-26T13:45:25,linf/init1/convnext_small_linf_2_init1,raw_grad_step,,16.0,2040.0,random_restart_3,5,5.341617250442505
2026-03-26T13:45:25,linf/init1/convnext_small_linf_2_init1,raw_grad_step,,16.0,2040.0,random_restart_3,6,6.126295661926269
2026-03-26T13:45:25,linf/init1/convnext_small_linf_2_init1,raw_grad_step,,16.0,2040.0,random_restart_3,7,6.82338056564331
2026-03-26T13:45:25,linf/init1/convnext_small_linf_2_init1,raw_grad_step,,16.0,2040.0,random_restart_3,8,7.48101110458374
2026-03-26T13:45:25,linf/init1/convnext_small_linf_2_init1,raw_grad_step,,16.0,2040.0,random_restart_3,9,7.999210929870605
2026-03-26T13:45:25,linf/init1/convnext_small_linf_2_init1,raw_grad_step,,16.0,2040.0,random_restart_3,10,8.493455696105958
2026-03-26T13:45:37,linf/init1/convnext_small_linf_2_init1,l1_apgd_topk,0.01,16.0,2040.0,deterministic,1,0.6673399388790131
2026-03-26T13:45:37,linf/init1/convnext_small_linf_2_init1,l1_apgd_topk,0.01,16.0,2040.0,deterministic,2,1.525168538093567
2026-03-26T13:45:37,linf/init1/convnext_small_linf_2_init1,l1_apgd_topk,0.01,16.0,2040.0,deterministic,3,1.8022075414657592
2026-03-26T13:45:37,linf/init1/convnext_small_linf_2_init1,l1_apgd_topk,0.01,16.0,2040.0,deterministic,4,2.333418273925781
2026-03-26T13:45:37,linf/init1/convnext_small_linf_2_init1,l1_apgd_topk,0.01,16.0,2040.0,deterministic,5,2.4448450326919557
2026-03-26T13:45:37,linf/init1/convnext_small_linf_2_init1,l1_apgd_topk,0.01,16.0,2040.0,deterministic,6,2.636847424507141
2026-03-26T13:45:37,linf/init1/convnext_small_linf_2_init1,l1_apgd_topk,0.01,16.0,2040.0,deterministic,7,2.678430676460266
2026-03-26T13:45:37,linf/init1/convnext_small_linf_2_init1,l1_apgd_topk,0.01,16.0,2040.0,deterministic,8,2.71281042098999
2026-03-26T13:45:37,linf/init1/convnext_small_linf_2_init1,l1_apgd_topk,0.01,16.0,2040.0,deterministic,9,2.7139252185821534
2026-03-26T13:45:37,linf/init1/convnext_small_linf_2_init1,l1_apgd_topk,0.01,16.0,2040.0,deterministic,10,2.8098869800567625
2026-03-26T13:45:49,linf/init1/convnext_small_linf_2_init1,l1_apgd_topk,0.01,16.0,2040.0,random_restart_1,1,0.6774979114532471
2026-03-26T13:45:49,linf/init1/convnext_small_linf_2_init1,l1_apgd_topk,0.01,16.0,2040.0,random_restart_1,2,1.584925103187561
2026-03-26T13:45:49,linf/init1/convnext_small_linf_2_init1,l1_apgd_topk,0.01,16.0,2040.0,random_restart_1,3,1.8866169929504395
2026-03-26T13:45:49,linf/init1/convnext_small_linf_2_init1,l1_apgd_topk,0.01,16.0,2040.0,random_restart_1,4,2.3586969137191773
2026-03-26T13:45:49,linf/init1/convnext_small_linf_2_init1,l1_apgd_topk,0.01,16.0,2040.0,random_restart_1,5,2.4587677478790284
2026-03-26T13:45:49,linf/init1/convnext_small_linf_2_init1,l1_apgd_topk,0.01,16.0,2040.0,random_restart_1,6,2.6852555751800535
2026-03-26T13:45:49,linf/init1/convnext_small_linf_2_init1,l1_apgd_topk,0.01,16.0,2040.0,random_restart_1,7,2.65256404876709
2026-03-26T13:45:49,linf/init1/convnext_small_linf_2_init1,l1_apgd_topk,0.01,16.0,2040.0,random_restart_1,8,2.8808342456817626
2026-03-26T13:45:49,linf/init1/convnext_small_linf_2_init1,l1_apgd_topk,0.01,16.0,2040.0,random_restart_1,9,2.8271015644073487
2026-03-26T13:45:49,linf/init1/convnext_small_linf_2_init1,l1_apgd_topk,0.01,16.0,2040.0,random_restart_1,10,2.874868869781494
2026-03-26T13:46:01,linf/init1/convnext_small_linf_2_init1,l1_apgd_topk,0.01,16.0,2040.0,random_restart_2,1,0.678745436668396
2026-03-26T13:46:01,linf/init1/convnext_small_linf_2_init1,l1_apgd_topk,0.01,16.0,2040.0,random_restart_2,2,1.5798981666564942
2026-03-26T13:46:01,linf/init1/convnext_small_linf_2_init1,l1_apgd_topk,0.01,16.0,2040.0,random_restart_2,3,1.8740267753601074
2026-03-26T13:46:01,linf/init1/convnext_small_linf_2_init1,l1_apgd_topk,0.01,16.0,2040.0,random_restart_2,4,2.3818683385849
2026-03-26T13:46:01,linf/init1/convnext_small_linf_2_init1,l1_apgd_topk,0.01,16.0,2040.0,random_restart_2,5,2.4227052688598634
2026-03-26T13:46:01,linf/init1/convnext_small_linf_2_init1,l1_apgd_topk,0.01,16.0,2040.0,random_restart_2,6,2.6831401348114015
2026-03-26T13:46:01,linf/init1/convnext_small_linf_2_init1,l1_apgd_topk,0.01,16.0,2040.0,random_restart_2,7,2.6833277463912966
2026-03-26T13:46:01,linf/init1/convnext_small_linf_2_init1,l1_apgd_topk,0.01,16.0,2040.0,random_restart_2,8,2.816362762451172
2026-03-26T13:46:01,linf/init1/convnext_small_linf_2_init1,l1_apgd_topk,0.01,16.0,2040.0,random_restart_2,9,2.822741985321045
2026-03-26T13:46:01,linf/init1/convnext_small_linf_2_init1,l1_apgd_topk,0.01,16.0,2040.0,random_restart_2,10,2.906434726715088
2026-03-26T13:46:13,linf/init1/convnext_small_linf_2_init1,l1_apgd_topk,0.01,16.0,2040.0,random_restart_3,1,0.6828262269496918
2026-03-26T13:46:13,linf/init1/convnext_small_linf_2_init1,l1_apgd_topk,0.01,16.0,2040.0,random_restart_3,2,1.5711491346359252
2026-03-26T13:46:13,linf/init1/convnext_small_linf_2_init1,l1_apgd_topk,0.01,16.0,2040.0,random_restart_3,3,1.8593420743942262
2026-03-26T13:46:13,linf/init1/convnext_small_linf_2_init1,l1_apgd_topk,0.01,16.0,2040.0,random_restart_3,4,2.37971293926239
2026-03-26T13:46:13,linf/init1/convnext_small_linf_2_init1,l1_apgd_topk,0.01,16.0,2040.0,random_restart_3,5,2.4876949787139893
2026-03-26T13:46:13,linf/init1/convnext_small_linf_2_init1,l1_apgd_topk,0.01,16.0,2040.0,random_restart_3,6,2.6832054615020753
2026-03-26T13:46:13,linf/init1/convnext_small_linf_2_init1,l1_apgd_topk,0.01,16.0,2040.0,random_restart_3,7,2.693863940238953
2026-03-26T13:46:13,linf/init1/convnext_small_linf_2_init1,l1_apgd_topk,0.01,16.0,2040.0,random_restart_3,8,2.8212892055511474
2026-03-26T13:46:13,linf/init1/convnext_small_linf_2_init1,l1_apgd_topk,0.01,16.0,2040.0,random_restart_3,9,2.859259033203125
2026-03-26T13:46:13,linf/init1/convnext_small_linf_2_init1,l1_apgd_topk,0.01,16.0,2040.0,random_restart_3,10,2.886708688735962
2026-03-26T13:46:25,linf/init1/convnext_small_linf_2_init1,l1_apgd_topk,0.05,16.0,2040.0,deterministic,1,0.6673399388790131
2026-03-26T13:46:25,linf/init1/convnext_small_linf_2_init1,l1_apgd_topk,0.05,16.0,2040.0,deterministic,2,2.762304162979126
2026-03-26T13:46:25,linf/init1/convnext_small_linf_2_init1,l1_apgd_topk,0.05,16.0,2040.0,deterministic,3,4.6857606887817385
2026-03-26T13:46:25,linf/init1/convnext_small_linf_2_init1,l1_apgd_topk,0.05,16.0,2040.0,deterministic,4,6.030630207061767
2026-03-26T13:46:25,linf/init1/convnext_small_linf_2_init1,l1_apgd_topk,0.05,16.0,2040.0,deterministic,5,6.846099185943603
2026-03-26T13:46:25,linf/init1/convnext_small_linf_2_init1,l1_apgd_topk,0.05,16.0,2040.0,deterministic,6,7.017436504364014
2026-03-26T13:46:25,linf/init1/convnext_small_linf_2_init1,l1_apgd_topk,0.05,16.0,2040.0,deterministic,7,7.370141124725341
2026-03-26T13:46:25,linf/init1/convnext_small_linf_2_init1,l1_apgd_topk,0.05,16.0,2040.0,deterministic,8,7.582686519622802
2026-03-26T13:46:25,linf/init1/convnext_small_linf_2_init1,l1_apgd_topk,0.05,16.0,2040.0,deterministic,9,7.749206924438477
2026-03-26T13:46:25,linf/init1/convnext_small_linf_2_init1,l1_apgd_topk,0.05,16.0,2040.0,deterministic,10,7.797091960906982
2026-03-26T13:46:36,linf/init1/convnext_small_linf_2_init1,l1_apgd_topk,0.05,16.0,2040.0,random_restart_1,1,0.6774979114532471
2026-03-26T13:46:36,linf/init1/convnext_small_linf_2_init1,l1_apgd_topk,0.05,16.0,2040.0,random_restart_1,2,2.824134683609009
2026-03-26T13:46:36,linf/init1/convnext_small_linf_2_init1,l1_apgd_topk,0.05,16.0,2040.0,random_restart_1,3,4.861445426940918
2026-03-26T13:46:36,linf/init1/convnext_small_linf_2_init1,l1_apgd_topk,0.05,16.0,2040.0,random_restart_1,4,6.119667911529541
2026-03-26T13:46:36,linf/init1/convnext_small_linf_2_init1,l1_apgd_topk,0.05,16.0,2040.0,random_restart_1,5,6.9278340339660645
2026-03-26T13:46:36,linf/init1/convnext_small_linf_2_init1,l1_apgd_topk,0.05,16.0,2040.0,random_restart_1,6,7.147688007354736
2026-03-26T13:46:36,linf/init1/convnext_small_linf_2_init1,l1_apgd_topk,0.05,16.0,2040.0,random_restart_1,7,7.376064395904541
2026-03-26T13:46:36,linf/init1/convnext_small_linf_2_init1,l1_apgd_topk,0.05,16.0,2040.0,random_restart_1,8,7.645993423461914
2026-03-26T13:46:36,linf/init1/convnext_small_linf_2_init1,l1_apgd_topk,0.05,16.0,2040.0,random_restart_1,9,7.75475549697876
2026-03-26T13:46:36,linf/init1/convnext_small_linf_2_init1,l1_apgd_topk,0.05,16.0,2040.0,random_restart_1,10,7.929525661468506
2026-03-26T13:46:48,linf/init1/convnext_small_linf_2_init1,l1_apgd_topk,0.05,16.0,2040.0,random_restart_2,1,0.678745436668396
2026-03-26T13:46:48,linf/init1/convnext_small_linf_2_init1,l1_apgd_topk,0.05,16.0,2040.0,random_restart_2,2,2.8351412773132325
2026-03-26T13:46:48,linf/init1/convnext_small_linf_2_init1,l1_apgd_topk,0.05,16.0,2040.0,random_restart_2,3,4.797690105438233
2026-03-26T13:46:48,linf/init1/convnext_small_linf_2_init1,l1_apgd_topk,0.05,16.0,2040.0,random_restart_2,4,6.154377079010009
2026-03-26T13:46:48,linf/init1/convnext_small_linf_2_init1,l1_apgd_topk,0.05,16.0,2040.0,random_restart_2,5,6.956918525695801
2026-03-26T13:46:48,linf/init1/convnext_small_linf_2_init1,l1_apgd_topk,0.05,16.0,2040.0,random_restart_2,6,7.028056335449219
2026-03-26T13:46:48,linf/init1/convnext_small_linf_2_init1,l1_apgd_topk,0.05,16.0,2040.0,random_restart_2,7,7.590040779113769
2026-03-26T13:46:48,linf/init1/convnext_small_linf_2_init1,l1_apgd_topk,0.05,16.0,2040.0,random_restart_2,8,7.473456859588623
2026-03-26T13:46:48,linf/init1/convnext_small_linf_2_init1,l1_apgd_topk,0.05,16.0,2040.0,random_restart_2,9,7.872112846374511
2026-03-26T13:46:48,linf/init1/convnext_small_linf_2_init1,l1_apgd_topk,0.05,16.0,2040.0,random_restart_2,10,7.85439100265503
2026-03-26T13:47:00,linf/init1/convnext_small_linf_2_init1,l1_apgd_topk,0.05,16.0,2040.0,random_restart_3,1,0.6828262269496918
2026-03-26T13:47:00,linf/init1/convnext_small_linf_2_init1,l1_apgd_topk,0.05,16.0,2040.0,random_restart_3,2,2.8420559406280517
2026-03-26T13:47:00,linf/init1/convnext_small_linf_2_init1,l1_apgd_topk,0.05,16.0,2040.0,random_restart_3,3,4.815152645111084
2026-03-26T13:47:00,linf/init1/convnext_small_linf_2_init1,l1_apgd_topk,0.05,16.0,2040.0,random_restart_3,4,6.069916152954102
2026-03-26T13:47:00,linf/init1/convnext_small_linf_2_init1,l1_apgd_topk,0.05,16.0,2040.0,random_restart_3,5,6.856449031829834
2026-03-26T13:47:00,linf/init1/convnext_small_linf_2_init1,l1_apgd_topk,0.05,16.0,2040.0,random_restart_3,6,7.109534454345703
2026-03-26T13:47:00,linf/init1/convnext_small_linf_2_init1,l1_apgd_topk,0.05,16.0,2040.0,random_restart_3,7,7.4243792533874515
2026-03-26T13:47:00,linf/init1/convnext_small_linf_2_init1,l1_apgd_topk,0.05,16.0,2040.0,random_restart_3,8,7.668359184265137
2026-03-26T13:47:00,linf/init1/convnext_small_linf_2_init1,l1_apgd_topk,0.05,16.0,2040.0,random_restart_3,9,7.765458106994629
2026-03-26T13:47:00,linf/init1/convnext_small_linf_2_init1,l1_apgd_topk,0.05,16.0,2040.0,random_restart_3,10,7.881430721282959
2026-03-26T13:47:12,linf/init1/convnext_small_linf_2_init1,l1_apgd_topk,0.1,16.0,2040.0,deterministic,1,0.6673399388790131
2026-03-26T13:47:12,linf/init1/convnext_small_linf_2_init1,l1_apgd_topk,0.1,16.0,2040.0,deterministic,2,3.2193886280059814
2026-03-26T13:47:12,linf/init1/convnext_small_linf_2_init1,l1_apgd_topk,0.1,16.0,2040.0,deterministic,3,5.536839771270752
2026-03-26T13:47:12,linf/init1/convnext_small_linf_2_init1,l1_apgd_topk,0.1,16.0,2040.0,deterministic,4,7.147363376617432
2026-03-26T13:47:12,linf/init1/convnext_small_linf_2_init1,l1_apgd_topk,0.1,16.0,2040.0,deterministic,5,7.940991401672363
2026-03-26T13:47:12,linf/init1/convnext_small_linf_2_init1,l1_apgd_topk,0.1,16.0,2040.0,deterministic,6,8.234912872314453
2026-03-26T13:47:12,linf/init1/convnext_small_linf_2_init1,l1_apgd_topk,0.1,16.0,2040.0,deterministic,7,8.777803230285645
2026-03-26T13:47:12,linf/init1/convnext_small_linf_2_init1,l1_apgd_topk,0.1,16.0,2040.0,deterministic,8,8.99419994354248
2026-03-26T13:47:12,linf/init1/convnext_small_linf_2_init1,l1_apgd_topk,0.1,16.0,2040.0,deterministic,9,9.227267646789551
2026-03-26T13:47:12,linf/init1/convnext_small_linf_2_init1,l1_apgd_topk,0.1,16.0,2040.0,deterministic,10,9.266701316833496
2026-03-26T13:47:24,linf/init1/convnext_small_linf_2_init1,l1_apgd_topk,0.1,16.0,2040.0,random_restart_1,1,0.6774979114532471
2026-03-26T13:47:24,linf/init1/convnext_small_linf_2_init1,l1_apgd_topk,0.1,16.0,2040.0,random_restart_1,2,3.285459613800049
2026-03-26T13:47:24,linf/init1/convnext_small_linf_2_init1,l1_apgd_topk,0.1,16.0,2040.0,random_restart_1,3,5.625625038146973
2026-03-26T13:47:24,linf/init1/convnext_small_linf_2_init1,l1_apgd_topk,0.1,16.0,2040.0,random_restart_1,4,7.23389196395874
2026-03-26T13:47:24,linf/init1/convnext_small_linf_2_init1,l1_apgd_topk,0.1,16.0,2040.0,random_restart_1,5,8.076977062225343
2026-03-26T13:47:24,linf/init1/convnext_small_linf_2_init1,l1_apgd_topk,0.1,16.0,2040.0,random_restart_1,6,8.46414852142334
2026-03-26T13:47:24,linf/init1/convnext_small_linf_2_init1,l1_apgd_topk,0.1,16.0,2040.0,random_restart_1,7,8.7669095993042
2026-03-26T13:47:24,linf/init1/convnext_small_linf_2_init1,l1_apgd_topk,0.1,16.0,2040.0,random_restart_1,8,8.873719406127929
2026-03-26T13:47:24,linf/init1/convnext_small_linf_2_init1,l1_apgd_topk,0.1,16.0,2040.0,random_restart_1,9,9.154009246826172
2026-03-26T13:47:24,linf/init1/convnext_small_linf_2_init1,l1_apgd_topk,0.1,16.0,2040.0,random_restart_1,10,9.301143455505372
2026-03-26T13:47:36,linf/init1/convnext_small_linf_2_init1,l1_apgd_topk,0.1,16.0,2040.0,random_restart_2,1,0.678745436668396
2026-03-26T13:47:36,linf/init1/convnext_small_linf_2_init1,l1_apgd_topk,0.1,16.0,2040.0,random_restart_2,2,3.280210781097412
2026-03-26T13:47:36,linf/init1/convnext_small_linf_2_init1,l1_apgd_topk,0.1,16.0,2040.0,random_restart_2,3,5.610694313049317
2026-03-26T13:47:36,linf/init1/convnext_small_linf_2_init1,l1_apgd_topk,0.1,16.0,2040.0,random_restart_2,4,7.216657066345215
2026-03-26T13:47:36,linf/init1/convnext_small_linf_2_init1,l1_apgd_topk,0.1,16.0,2040.0,random_restart_2,5,8.084539318084717
2026-03-26T13:47:36,linf/init1/convnext_small_linf_2_init1,l1_apgd_topk,0.1,16.0,2040.0,random_restart_2,6,8.4702392578125
2026-03-26T13:47:36,linf/init1/convnext_small_linf_2_init1,l1_apgd_topk,0.1,16.0,2040.0,random_restart_2,7,8.815457534790038
2026-03-26T13:47:36,linf/init1/convnext_small_linf_2_init1,l1_apgd_topk,0.1,16.0,2040.0,random_restart_2,8,8.842916488647461
2026-03-26T13:47:36,linf/init1/convnext_small_linf_2_init1,l1_apgd_topk,0.1,16.0,2040.0,random_restart_2,9,9.278398513793945
2026-03-26T13:47:36,linf/init1/convnext_small_linf_2_init1,l1_apgd_topk,0.1,16.0,2040.0,random_restart_2,10,9.268275260925293
2026-03-26T13:47:48,linf/init1/convnext_small_linf_2_init1,l1_apgd_topk,0.1,16.0,2040.0,random_restart_3,1,0.6828262269496918
2026-03-26T13:47:48,linf/init1/convnext_small_linf_2_init1,l1_apgd_topk,0.1,16.0,2040.0,random_restart_3,2,3.29336838722229
2026-03-26T13:47:48,linf/init1/convnext_small_linf_2_init1,l1_apgd_topk,0.1,16.0,2040.0,random_restart_3,3,5.627304649353027
2026-03-26T13:47:48,linf/init1/convnext_small_linf_2_init1,l1_apgd_topk,0.1,16.0,2040.0,random_restart_3,4,7.220523071289063
2026-03-26T13:47:48,linf/init1/convnext_small_linf_2_init1,l1_apgd_topk,0.1,16.0,2040.0,random_restart_3,5,8.09899082183838
2026-03-26T13:47:48,linf/init1/convnext_small_linf_2_init1,l1_apgd_topk,0.1,16.0,2040.0,random_restart_3,6,8.514141845703126
2026-03-26T13:47:48,linf/init1/convnext_small_linf_2_init1,l1_apgd_topk,0.1,16.0,2040.0,random_restart_3,7,8.72140884399414
2026-03-26T13:47:48,linf/init1/convnext_small_linf_2_init1,l1_apgd_topk,0.1,16.0,2040.0,random_restart_3,8,8.903767395019532
2026-03-26T13:47:48,linf/init1/convnext_small_linf_2_init1,l1_apgd_topk,0.1,16.0,2040.0,random_restart_3,9,9.249527740478516
2026-03-26T13:47:48,linf/init1/convnext_small_linf_2_init1,l1_apgd_topk,0.1,16.0,2040.0,random_restart_3,10,9.33570384979248
2026-03-26T13:47:59,linf/init1/convnext_small_linf_2_init1,fw_onehot,,16.0,2040.0,deterministic,1,0.6673399388790131
2026-03-26T13:47:59,linf/init1/convnext_small_linf_2_init1,fw_onehot,,16.0,2040.0,deterministic,2,0.6662070631980896
2026-03-26T13:47:59,linf/init1/convnext_small_linf_2_init1,fw_onehot,,16.0,2040.0,deterministic,3,0.6795684397220612
2026-03-26T13:47:59,linf/init1/convnext_small_linf_2_init1,fw_onehot,,16.0,2040.0,deterministic,4,0.6858890175819397
2026-03-26T13:47:59,linf/init1/convnext_small_linf_2_init1,fw_onehot,,16.0,2040.0,deterministic,5,0.6878811061382294
2026-03-26T13:47:59,linf/init1/convnext_small_linf_2_init1,fw_onehot,,16.0,2040.0,deterministic,6,0.6882834911346436
2026-03-26T13:47:59,linf/init1/convnext_small_linf_2_init1,fw_onehot,,16.0,2040.0,deterministic,7,0.6892831206321717
2026-03-26T13:47:59,linf/init1/convnext_small_linf_2_init1,fw_onehot,,16.0,2040.0,deterministic,8,0.6980506777763367
2026-03-26T13:47:59,linf/init1/convnext_small_linf_2_init1,fw_onehot,,16.0,2040.0,deterministic,9,0.7023462891578675
2026-03-26T13:47:59,linf/init1/convnext_small_linf_2_init1,fw_onehot,,16.0,2040.0,deterministic,10,0.6984816730022431
