timestamp,model_name,checkpoint_path,state_dict_used,method,rho,epsilon_input,epsilon_eval,attack_steps,run_id,random_start,restart_index,seed,num_images,success_rate,runtime_sec,sec_per_image,sec_per_batch,efficiency,mean_l1,max_l1,mean_l0,median_l0,constraint_violation_rate,mean_final_loss,clean_acc,adv_acc
2026-03-26T12:34:26,l1/init1/convnext_small_l1_2_init1,/mnt/data/robustness_models/madry/l1/init1/convnext_small_l1_2_init1.pth.tar,state_dict_ema,baseline_l2norm,,1.0,127.5,10,deterministic,False,0,0,320,22.50000089406967,12.237687401473522,0.03824277312960476,2.4475374802947045,588.3464783742844,114.8592758178711,127.4837646484375,524.4594116210938,462.0,0.0,1.43911874294281,84.0624988079071,65.00000357627869
2026-03-26T12:34:37,l1/init1/convnext_small_l1_2_init1,/mnt/data/robustness_models/madry/l1/init1/convnext_small_l1_2_init1.pth.tar,state_dict_ema,baseline_l2norm,,1.0,127.5,10,random_restart_1,True,1,1,320,22.187499701976776,11.641078848391771,0.03637837140122428,2.328215769678354,609.9090983833893,115.02290344238281,127.4887924194336,993.84375,461.0,0.0,1.4403070211410522,84.0624988079071,65.3124988079071
2026-03-26T12:34:49,l1/init1/convnext_small_l1_2_init1,/mnt/data/robustness_models/madry/l1/init1/convnext_small_l1_2_init1.pth.tar,state_dict_ema,baseline_l2norm,,1.0,127.5,10,random_restart_2,True,2,2,320,22.187499701976776,11.640508007258177,0.0363765875226818,2.3281016014516354,609.9390078341532,114.9421157836914,127.4821548461914,528.8531494140625,462.0,0.0,1.4390846490859985,84.0624988079071,65.00000357627869
2026-03-26T12:35:01,l1/init1/convnext_small_l1_2_init1,/mnt/data/robustness_models/madry/l1/init1/convnext_small_l1_2_init1.pth.tar,state_dict_ema,baseline_l2norm,,1.0,127.5,10,random_restart_3,True,3,3,320,22.50000089406967,11.655255251564085,0.036422672661137766,2.331051050312817,617.7471132720226,114.88298797607422,127.48370361328125,525.7593994140625,456.0,0.0,1.4409085512161255,84.0624988079071,65.00000357627869
2026-03-26T12:35:12,l1/init1/convnext_small_l1_2_init1,/mnt/data/robustness_models/madry/l1/init1/convnext_small_l1_2_init1.pth.tar,state_dict_ema,l1norm_step,,1.0,127.5,10,deterministic,False,0,0,320,8.437500149011612,11.598347062245011,0.03624483456951566,2.3196694124490023,232.7917963821558,127.4923095703125,127.50170135498047,77230.453125,79608.0,31.25,0.8704696893692017,84.0624988079071,76.8750011920929
2026-03-26T12:35:24,l1/init1/convnext_small_l1_2_init1,/mnt/data/robustness_models/madry/l1/init1/convnext_small_l1_2_init1.pth.tar,state_dict_ema,l1norm_step,,1.0,127.5,10,random_restart_1,True,1,1,320,8.437500149011612,11.658167347311974,0.03643177296034992,2.331633469462395,231.59729717778114,127.49034881591797,127.50173950195312,78093.8046875,80063.0,31.25,0.8593999147415161,84.0624988079071,76.8750011920929
2026-03-26T12:35:36,l1/init1/convnext_small_l1_2_init1,/mnt/data/robustness_models/madry/l1/init1/convnext_small_l1_2_init1.pth.tar,state_dict_ema,l1norm_step,,1.0,127.5,10,random_restart_2,True,2,2,320,8.437500149011612,11.688715532422066,0.03652723603881895,2.337743106484413,230.9920230494512,127.49105072021484,127.5018081665039,78105.3984375,80093.0,28.749999403953552,0.8593229651451111,84.0624988079071,76.8750011920929
2026-03-26T12:35:48,l1/init1/convnext_small_l1_2_init1,/mnt/data/robustness_models/madry/l1/init1/convnext_small_l1_2_init1.pth.tar,state_dict_ema,l1norm_step,,1.0,127.5,10,random_restart_3,True,3,3,320,8.437500149011612,11.69411566015333,0.03654411143797916,2.338823132030666,230.88535517770944,127.49007415771484,127.50166320800781,78103.2734375,80083.0,30.937501788139343,0.8594024777412415,84.0624988079071,76.8750011920929
2026-03-26T12:35:59,l1/init1/convnext_small_l1_2_init1,/mnt/data/robustness_models/madry/l1/init1/convnext_small_l1_2_init1.pth.tar,state_dict_ema,raw_grad_step,,1.0,127.5,10,deterministic,False,0,0,320,12.5,11.598460818640888,0.036245190058252774,2.3196921637281775,344.87334677815653,70.492431640625,127.50102233886719,103411.4609375,145896.0,11.250000447034836,0.9858903288841248,84.0624988079071,73.7500011920929
2026-03-26T12:36:11,l1/init1/convnext_small_l1_2_init1,/mnt/data/robustness_models/madry/l1/init1/convnext_small_l1_2_init1.pth.tar,state_dict_ema,raw_grad_step,,1.0,127.5,10,random_restart_1,True,1,1,320,12.5,11.653135272674263,0.03641604772710707,2.3306270545348524,343.2552619018938,126.86064910888672,127.50279235839844,102629.4375,142514.0,30.000001192092896,0.9818213582038879,84.0624988079071,73.7500011920929
2026-03-26T12:36:23,l1/init1/convnext_small_l1_2_init1,/mnt/data/robustness_models/madry/l1/init1/convnext_small_l1_2_init1.pth.tar,state_dict_ema,raw_grad_step,,1.0,127.5,10,random_restart_2,True,2,2,320,12.5,11.658462597988546,0.036432695618714206,2.331692519597709,343.0984116799523,126.86231994628906,127.50209045410156,102636.1328125,142669.0,28.749999403953552,0.9818934798240662,84.0624988079071,73.7500011920929
2026-03-26T12:36:34,l1/init1/convnext_small_l1_2_init1,/mnt/data/robustness_models/madry/l1/init1/convnext_small_l1_2_init1.pth.tar,state_dict_ema,raw_grad_step,,1.0,127.5,10,random_restart_3,True,3,3,320,12.5,11.663736059330404,0.03644917518540751,2.3327472118660806,342.94328846718037,126.85942840576172,127.50308990478516,102616.0546875,142472.0,25.624999403953552,0.9818975329399109,84.0624988079071,73.7500011920929
2026-03-26T12:36:46,l1/init1/convnext_small_l1_2_init1,/mnt/data/robustness_models/madry/l1/init1/convnext_small_l1_2_init1.pth.tar,state_dict_ema,l1_apgd_topk,0.01,1.0,127.5,10,deterministic,False,0,0,320,21.250000596046448,11.72148839570582,0.036629651236580685,2.344297679141164,580.1311199715943,127.35894012451172,127.50465393066406,1504.21875,1505.0,17.81250089406967,1.3339074850082397,84.0624988079071,65.3124988079071
2026-03-26T12:36:58,l1/init1/convnext_small_l1_2_init1,/mnt/data/robustness_models/madry/l1/init1/convnext_small_l1_2_init1.pth.tar,state_dict_ema,l1_apgd_topk,0.01,1.0,127.5,10,random_restart_1,True,1,1,320,21.250000596046448,11.727531922981143,0.03664853725931607,2.3455063845962285,579.8321620774834,127.35186767578125,127.50596618652344,1504.628173828125,1505.0,12.5,1.334068775177002,84.0624988079071,65.3124988079071
2026-03-26T12:37:10,l1/init1/convnext_small_l1_2_init1,/mnt/data/robustness_models/madry/l1/init1/convnext_small_l1_2_init1.pth.tar,state_dict_ema,l1_apgd_topk,0.01,1.0,127.5,10,random_restart_2,True,2,2,320,21.250000596046448,11.742691728286445,0.03669591165089514,2.348538345657289,579.0835992359952,127.35025787353516,127.50361633300781,1504.8343505859375,1505.0,17.81250089406967,1.333919644355774,84.0624988079071,65.3124988079071
2026-03-26T12:37:21,l1/init1/convnext_small_l1_2_init1,/mnt/data/robustness_models/madry/l1/init1/convnext_small_l1_2_init1.pth.tar,state_dict_ema,l1_apgd_topk,0.01,1.0,127.5,10,random_restart_3,True,3,3,320,21.250000596046448,11.726984348148108,0.03664682608796284,2.3453968696296217,579.8592365145179,127.35107421875,127.50507354736328,1504.0875244140625,1505.0,18.125000596046448,1.3345680236816406,84.0624988079071,65.3124988079071
2026-03-26T12:37:33,l1/init1/convnext_small_l1_2_init1,/mnt/data/robustness_models/madry/l1/init1/convnext_small_l1_2_init1.pth.tar,state_dict_ema,l1_apgd_topk,0.05,1.0,127.5,10,deterministic,False,0,0,320,13.437500596046448,11.72178015857935,0.036630562995560466,2.34435603171587,366.8384948840409,127.51545715332031,127.57067108154297,7523.9814453125,7526.0,79.3749988079071,0.998295783996582,84.0624988079071,72.81250357627869
2026-03-26T12:37:45,l1/init1/convnext_small_l1_2_init1,/mnt/data/robustness_models/madry/l1/init1/convnext_small_l1_2_init1.pth.tar,state_dict_ema,l1_apgd_topk,0.05,1.0,127.5,10,random_restart_1,True,1,1,320,13.437500596046448,11.724049732089043,0.03663765541277826,2.3448099464178087,366.76748128811204,127.51956939697266,127.57086181640625,7523.52197265625,7526.0,81.25,0.9981130957603455,84.0624988079071,72.81250357627869
2026-03-26T12:37:57,l1/init1/convnext_small_l1_2_init1,/mnt/data/robustness_models/madry/l1/init1/convnext_small_l1_2_init1.pth.tar,state_dict_ema,l1_apgd_topk,0.05,1.0,127.5,10,random_restart_2,True,2,2,320,13.437500596046448,11.726554519496858,0.036645482873427684,2.345310903899372,366.689139899156,127.51832580566406,127.58464050292969,7523.58740234375,7526.0,81.25,0.9984354972839355,84.0624988079071,72.81250357627869
2026-03-26T12:38:08,l1/init1/convnext_small_l1_2_init1,/mnt/data/robustness_models/madry/l1/init1/convnext_small_l1_2_init1.pth.tar,state_dict_ema,l1_apgd_topk,0.05,1.0,127.5,10,random_restart_3,True,3,3,320,13.437500596046448,11.725503913126886,0.03664219972852152,2.3451007826253774,366.72199528422357,127.51798248291016,127.56798553466797,7523.8408203125,7526.0,80.62500357627869,0.9985031485557556,84.0624988079071,72.81250357627869
2026-03-26T12:38:20,l1/init1/convnext_small_l1_2_init1,/mnt/data/robustness_models/madry/l1/init1/convnext_small_l1_2_init1.pth.tar,state_dict_ema,l1_apgd_topk,0.1,1.0,127.5,10,deterministic,False,0,0,320,10.312499850988388,11.739776228554547,0.036686800714232956,2.347955245710909,281.09564339818724,127.5667953491211,127.66775512695312,15042.681640625,15052.0,94.68750357627869,0.9080055356025696,84.0624988079071,75.3125011920929
2026-03-26T12:38:32,l1/init1/convnext_small_l1_2_init1,/mnt/data/robustness_models/madry/l1/init1/convnext_small_l1_2_init1.pth.tar,state_dict_ema,l1_apgd_topk,0.1,1.0,127.5,10,random_restart_1,True,1,1,320,10.312499850988388,11.74674514401704,0.036708578575053254,2.3493490288034082,280.92887960517896,127.5562973022461,127.68531799316406,15042.6904296875,15052.0,90.9375011920929,0.9083377122879028,84.0624988079071,75.3125011920929
2026-03-26T12:38:44,l1/init1/convnext_small_l1_2_init1,/mnt/data/robustness_models/madry/l1/init1/convnext_small_l1_2_init1.pth.tar,state_dict_ema,l1_apgd_topk,0.1,1.0,127.5,10,random_restart_2,True,2,2,320,10.312499850988388,11.726715991273522,0.036645987472729756,2.3453431982547044,281.40870425888977,127.56194305419922,127.71456909179688,15043.2001953125,15052.0,90.3124988079071,0.908465564250946,84.0624988079071,75.3125011920929
2026-03-26T12:38:55,l1/init1/convnext_small_l1_2_init1,/mnt/data/robustness_models/madry/l1/init1/convnext_small_l1_2_init1.pth.tar,state_dict_ema,l1_apgd_topk,0.1,1.0,127.5,10,random_restart_3,True,3,3,320,10.312499850988388,11.739435017108917,0.036685734428465365,2.3478870034217834,281.1038135572029,127.559814453125,127.68885040283203,15042.34375,15052.0,90.9375011920929,0.9083181619644165,84.0624988079071,75.3125011920929
2026-03-26T12:39:07,l1/init1/convnext_small_l1_2_init1,/mnt/data/robustness_models/madry/l1/init1/convnext_small_l1_2_init1.pth.tar,state_dict_ema,fw_onehot,,1.0,127.5,10,deterministic,False,0,0,320,0.937500037252903,11.575213751755655,0.03617254297423642,2.315042750351131,25.91744898667006,1.4542492628097534,3.776827096939087,5.112500190734863,5.0,nan,0.6661020517349243,84.0624988079071,83.1250011920929
2026-03-26T12:39:19,l1/init1/convnext_small_l1_2_init1,/mnt/data/robustness_models/madry/l1/init1/convnext_small_l1_2_init1.pth.tar,state_dict_ema,baseline_l2norm,,2.0,255.0,10,deterministic,False,0,0,320,34.687501192092896,11.70992272067815,0.03659350850211922,2.34198454413563,947.9140594043903,197.85537719726562,250.35769653320312,761.4343872070312,684.0,0.0,1.9120368957519531,84.0624988079071,53.125
2026-03-26T12:39:31,l1/init1/convnext_small_l1_2_init1,/mnt/data/robustness_models/madry/l1/init1/convnext_small_l1_2_init1.pth.tar,state_dict_ema,baseline_l2norm,,2.0,255.0,10,random_restart_1,True,1,1,320,35.31250059604645,11.724473491311073,0.036638979660347105,2.3448946982622147,963.7959605699323,198.2357635498047,254.8297119140625,1220.6844482421875,683.0,0.0,1.9126230478286743,84.0624988079071,52.18750238418579
2026-03-26T12:39:42,l1/init1/convnext_small_l1_2_init1,/mnt/data/robustness_models/madry/l1/init1/convnext_small_l1_2_init1.pth.tar,state_dict_ema,baseline_l2norm,,2.0,255.0,10,random_restart_2,True,2,2,320,35.31250059604645,11.720148327760398,0.036625463524251244,2.3440296655520796,964.1516365428269,198.43014526367188,254.80889892578125,1217.71875,679.0,0.0,1.9151232242584229,84.0624988079071,52.50000357627869
2026-03-26T12:39:54,l1/init1/convnext_small_l1_2_init1,/mnt/data/robustness_models/madry/l1/init1/convnext_small_l1_2_init1.pth.tar,state_dict_ema,baseline_l2norm,,2.0,255.0,10,random_restart_3,True,3,3,320,34.687501192092896,11.72657529450953,0.03664554779534228,2.345315058901906,946.5679537884203,198.56773376464844,254.79212951660156,1227.8656005859375,687.0,0.0,1.912554383277893,84.0624988079071,52.50000357627869
2026-03-26T12:40:06,l1/init1/convnext_small_l1_2_init1,/mnt/data/robustness_models/madry/l1/init1/convnext_small_l1_2_init1.pth.tar,state_dict_ema,l1norm_step,,2.0,255.0,10,deterministic,False,0,0,320,15.937499701976776,11.648917522281408,0.0364028672571294,2.3297835044562816,437.80891184760895,254.97891235351562,255.00186157226562,77854.6328125,80199.0,20.93750089406967,1.1258653402328491,84.0624988079071,70.6250011920929
2026-03-26T12:40:17,l1/init1/convnext_small_l1_2_init1,/mnt/data/robustness_models/madry/l1/init1/convnext_small_l1_2_init1.pth.tar,state_dict_ema,l1norm_step,,2.0,255.0,10,random_restart_1,True,1,1,320,15.937499701976776,11.72352185472846,0.03663600579602644,2.344704370945692,435.02285130944506,254.9787139892578,255.00137329101562,78672.5390625,80519.0,19.062499701976776,1.0989433526992798,84.0624988079071,70.6250011920929
2026-03-26T12:40:29,l1/init1/convnext_small_l1_2_init1,/mnt/data/robustness_models/madry/l1/init1/convnext_small_l1_2_init1.pth.tar,state_dict_ema,l1norm_step,,2.0,255.0,10,random_restart_2,True,2,2,320,15.937499701976776,11.726736619137228,0.03664605193480384,2.3453473238274456,434.9035942625094,254.9784698486328,255.0016326904297,78686.8984375,80402.0,20.624999701976776,1.0988168716430664,84.0624988079071,70.6250011920929
2026-03-26T12:40:41,l1/init1/convnext_small_l1_2_init1,/mnt/data/robustness_models/madry/l1/init1/convnext_small_l1_2_init1.pth.tar,state_dict_ema,l1norm_step,,2.0,255.0,10,random_restart_3,True,3,3,320,15.937499701976776,11.721939849667251,0.03663106203021016,2.34438796993345,435.0815624409932,254.9785614013672,255.00137329101562,78674.8046875,80367.0,19.062499701976776,1.0988785028457642,84.0624988079071,70.6250011920929
2026-03-26T12:40:53,l1/init1/convnext_small_l1_2_init1,/mnt/data/robustness_models/madry/l1/init1/convnext_small_l1_2_init1.pth.tar,state_dict_ema,raw_grad_step,,2.0,255.0,10,deterministic,False,0,0,320,19.687500596046448,11.629007953219116,0.036340649853809734,2.325801590643823,541.7487214797984,143.81536865234375,255.0009765625,99610.3046875,145545.0,8.437500149011612,1.400205135345459,84.0624988079071,67.5000011920929
2026-03-26T12:41:04,l1/init1/convnext_small_l1_2_init1,/mnt/data/robustness_models/madry/l1/init1/convnext_small_l1_2_init1.pth.tar,state_dict_ema,raw_grad_step,,2.0,255.0,10,random_restart_1,True,1,1,320,19.687500596046448,11.689310256391764,0.03652909455122426,2.3378620512783526,538.9539718385007,253.7140350341797,255.0029754638672,99225.8125,140110.0,21.250000596046448,1.3874925374984741,84.0624988079071,67.5000011920929
2026-03-26T12:41:16,l1/init1/convnext_small_l1_2_init1,/mnt/data/robustness_models/madry/l1/init1/convnext_small_l1_2_init1.pth.tar,state_dict_ema,raw_grad_step,,2.0,255.0,10,random_restart_2,True,2,2,320,19.687500596046448,11.69007620960474,0.036531488155014814,2.338015241920948,538.9186586789476,253.718017578125,255.00233459472656,99215.5390625,140052.0,22.50000089406967,1.3875257968902588,84.0624988079071,67.5000011920929
2026-03-26T12:41:28,l1/init1/convnext_small_l1_2_init1,/mnt/data/robustness_models/madry/l1/init1/convnext_small_l1_2_init1.pth.tar,state_dict_ema,raw_grad_step,,2.0,255.0,10,random_restart_3,True,3,3,320,19.687500596046448,11.691708378493786,0.03653658868279308,2.338341675698757,538.8434253392212,253.7130889892578,255.00198364257812,99199.8359375,140323.0,20.000000298023224,1.3875222206115723,84.0624988079071,67.5000011920929
2026-03-26T12:41:40,l1/init1/convnext_small_l1_2_init1,/mnt/data/robustness_models/madry/l1/init1/convnext_small_l1_2_init1.pth.tar,state_dict_ema,l1_apgd_topk,0.01,2.0,255.0,10,deterministic,False,0,0,320,47.49999940395355,11.731238555163145,0.03666012048488483,2.346247711032629,1295.685850883607,249.27793884277344,255.00146484375,1488.0531005859375,1505.0,0.937500037252903,2.56193208694458,84.0624988079071,40.937501192092896
2026-03-26T12:41:51,l1/init1/convnext_small_l1_2_init1,/mnt/data/robustness_models/madry/l1/init1/convnext_small_l1_2_init1.pth.tar,state_dict_ema,l1_apgd_topk,0.01,2.0,255.0,10,random_restart_1,True,1,1,320,47.187501192092896,11.746708311140537,0.03670846347231418,2.3493416622281074,1285.4665308364677,249.2775115966797,255.0041961669922,1490.453125,1505.0,0.3125000046566129,2.566797971725464,84.0624988079071,40.937501192092896
2026-03-26T12:42:03,l1/init1/convnext_small_l1_2_init1,/mnt/data/robustness_models/madry/l1/init1/convnext_small_l1_2_init1.pth.tar,state_dict_ema,l1_apgd_topk,0.01,2.0,255.0,10,random_restart_2,True,2,2,320,47.49999940395355,11.744992629624903,0.036703101967577825,2.348998525924981,1294.1685268431347,249.2323760986328,255.00999450683594,1491.5281982421875,1505.0,0.3125000046566129,2.566960573196411,84.0624988079071,40.625
2026-03-26T12:42:15,l1/init1/convnext_small_l1_2_init1,/mnt/data/robustness_models/madry/l1/init1/convnext_small_l1_2_init1.pth.tar,state_dict_ema,l1_apgd_topk,0.01,2.0,255.0,10,random_restart_3,True,3,3,320,48.12500178813934,11.745025468990207,0.036703204590594396,2.3490050937980413,1311.1934591256893,249.26426696777344,255.00045776367188,1490.5438232421875,1505.0,0.3125000046566129,2.572030782699585,84.0624988079071,40.00000059604645
2026-03-26T12:42:27,l1/init1/convnext_small_l1_2_init1,/mnt/data/robustness_models/madry/l1/init1/convnext_small_l1_2_init1.pth.tar,state_dict_ema,l1_apgd_topk,0.05,2.0,255.0,10,deterministic,False,0,0,320,27.500000596046448,11.737754442729056,0.0366804826335283,2.347550888545811,749.7175233705811,255.0208282470703,255.12522888183594,7524.375,7526.0,74.6874988079071,1.5555847883224487,84.0624988079071,59.375
2026-03-26T12:42:38,l1/init1/convnext_small_l1_2_init1,/mnt/data/robustness_models/madry/l1/init1/convnext_small_l1_2_init1.pth.tar,state_dict_ema,l1_apgd_topk,0.05,2.0,255.0,10,random_restart_1,True,1,1,320,27.500000596046448,11.743126390501857,0.0366972699703183,2.3486252781003714,749.3745616033334,255.014404296875,255.1285400390625,7524.31591796875,7526.0,76.2499988079071,1.5561017990112305,84.0624988079071,59.375
2026-03-26T12:42:50,l1/init1/convnext_small_l1_2_init1,/mnt/data/robustness_models/madry/l1/init1/convnext_small_l1_2_init1.pth.tar,state_dict_ema,l1_apgd_topk,0.05,2.0,255.0,10,random_restart_2,True,2,2,320,27.500000596046448,11.749596426263452,0.036717488832073285,2.3499192852526902,748.9619108163187,255.0239715576172,255.14547729492188,7524.31591796875,7526.0,77.8124988079071,1.5562719106674194,84.0624988079071,59.375
2026-03-26T12:43:02,l1/init1/convnext_small_l1_2_init1,/mnt/data/robustness_models/madry/l1/init1/convnext_small_l1_2_init1.pth.tar,state_dict_ema,l1_apgd_topk,0.05,2.0,255.0,10,random_restart_3,True,3,3,320,27.500000596046448,11.752614195458591,0.036726919360808095,2.350522839091718,748.7695966515546,255.0185089111328,255.19357299804688,7524.2158203125,7526.0,76.2499988079071,1.5563160181045532,84.0624988079071,59.375
2026-03-26T12:43:14,l1/init1/convnext_small_l1_2_init1,/mnt/data/robustness_models/madry/l1/init1/convnext_small_l1_2_init1.pth.tar,state_dict_ema,l1_apgd_topk,0.1,2.0,255.0,10,deterministic,False,0,0,320,18.437500298023224,11.749677576124668,0.03671774242538959,2.3499355152249337,502.14144661775447,255.12759399414062,255.37203979492188,15044.234375,15052.0,92.1875,1.2798595428466797,84.0624988079071,68.12500357627869
2026-03-26T12:43:26,l1/init1/convnext_small_l1_2_init1,/mnt/data/robustness_models/madry/l1/init1/convnext_small_l1_2_init1.pth.tar,state_dict_ema,l1_apgd_topk,0.1,2.0,255.0,10,random_restart_1,True,1,1,320,18.437500298023224,11.741653860546649,0.036692668314208275,2.3483307721093296,502.48458738782386,255.11328125,255.32470703125,15042.7939453125,15052.0,92.81250238418579,1.2804811000823975,84.0624988079071,68.12500357627869
2026-03-26T12:43:37,l1/init1/convnext_small_l1_2_init1,/mnt/data/robustness_models/madry/l1/init1/convnext_small_l1_2_init1.pth.tar,state_dict_ema,l1_apgd_topk,0.1,2.0,255.0,10,random_restart_2,True,2,2,320,18.437500298023224,11.747285535559058,0.036710267298622055,2.3494571071118115,502.2436951505196,255.1167755126953,255.3588409423828,15041.7841796875,15052.0,91.8749988079071,1.2797949314117432,84.0624988079071,68.12500357627869
2026-03-26T12:43:49,l1/init1/convnext_small_l1_2_init1,/mnt/data/robustness_models/madry/l1/init1/convnext_small_l1_2_init1.pth.tar,state_dict_ema,l1_apgd_topk,0.1,2.0,255.0,10,random_restart_3,True,3,3,320,18.437500298023224,11.75134358368814,0.03672294869902544,2.350268716737628,502.0702571880488,255.12657165527344,255.37716674804688,15041.5595703125,15052.0,94.9999988079071,1.2790991067886353,84.0624988079071,68.12500357627869
2026-03-26T12:44:01,l1/init1/convnext_small_l1_2_init1,/mnt/data/robustness_models/madry/l1/init1/convnext_small_l1_2_init1.pth.tar,state_dict_ema,fw_onehot,,2.0,255.0,10,deterministic,False,0,0,320,0.937500037252903,11.592723275534809,0.03622726023604628,2.3185446551069617,25.878303552198698,1.4542492628097534,3.776827096939087,5.112500190734863,5.0,nan,0.6661020517349243,84.0624988079071,83.1250011920929
2026-03-26T12:44:13,l1/init1/convnext_small_l1_2_init1,/mnt/data/robustness_models/madry/l1/init1/convnext_small_l1_2_init1.pth.tar,state_dict_ema,baseline_l2norm,,4.0,510.0,10,deterministic,False,0,0,320,42.1875,11.741125051863492,0.036691015787073414,2.3482250103726985,1149.8046345956725,303.9584655761719,460.1379699707031,995.5499877929688,892.0,0.0,2.2525341510772705,84.0624988079071,47.187501192092896
2026-03-26T12:44:24,l1/init1/convnext_small_l1_2_init1,/mnt/data/robustness_models/madry/l1/init1/convnext_small_l1_2_init1.pth.tar,state_dict_ema,baseline_l2norm,,4.0,510.0,10,random_restart_1,True,1,1,320,42.500001192092896,11.720617206767201,0.0366269287711475,2.34412344135344,1160.3484817862166,305.75811767578125,507.99334716796875,1466.0438232421875,903.0,0.0,2.2579004764556885,84.0624988079071,46.875
2026-03-26T12:44:36,l1/init1/convnext_small_l1_2_init1,/mnt/data/robustness_models/madry/l1/init1/convnext_small_l1_2_init1.pth.tar,state_dict_ema,baseline_l2norm,,4.0,510.0,10,random_restart_2,True,2,2,320,42.1875,11.728359901346266,0.03665112469170708,2.345671980269253,1151.056082312956,306.42626953125,507.92205810546875,1469.753173828125,884.0,0.0,2.280003309249878,84.0624988079071,47.187501192092896
2026-03-26T12:44:48,l1/init1/convnext_small_l1_2_init1,/mnt/data/robustness_models/madry/l1/init1/convnext_small_l1_2_init1.pth.tar,state_dict_ema,baseline_l2norm,,4.0,510.0,10,random_restart_3,True,3,3,320,42.1875,11.721523015759885,0.03662975942424964,2.344304603151977,1151.7274659486577,305.6166076660156,507.95538330078125,1926.359375,886.0,0.0,2.2690019607543945,84.0624988079071,46.875
2026-03-26T12:45:00,l1/init1/convnext_small_l1_2_init1,/mnt/data/robustness_models/madry/l1/init1/convnext_small_l1_2_init1.pth.tar,state_dict_ema,l1norm_step,,4.0,510.0,10,deterministic,False,0,0,320,34.06250178813934,11.66689649131149,0.03645905153534841,2.3333792982622983,934.2673589606268,509.9278259277344,510.0015869140625,79064.9296875,81229.0,15.000000596046448,1.7886278629302979,84.0624988079071,53.125
2026-03-26T12:45:11,l1/init1/convnext_small_l1_2_init1,/mnt/data/robustness_models/madry/l1/init1/convnext_small_l1_2_init1.pth.tar,state_dict_ema,l1norm_step,,4.0,510.0,10,random_restart_1,True,1,1,320,30.625000596046448,11.745545274578035,0.03670482898305636,2.349109054915607,834.3588962145424,509.9250183105469,510.0022888183594,79735.3125,81623.0,12.812499701976776,1.7121113538742065,84.0624988079071,55.937498807907104
2026-03-26T12:45:23,l1/init1/convnext_small_l1_2_init1,/mnt/data/robustness_models/madry/l1/init1/convnext_small_l1_2_init1.pth.tar,state_dict_ema,l1norm_step,,4.0,510.0,10,random_restart_2,True,2,2,320,30.625000596046448,11.722168580628932,0.03663177681446541,2.344433716125786,836.0227993077593,509.9248046875,510.00177001953125,79758.7890625,81663.0,15.625,1.7112140655517578,84.0624988079071,55.937498807907104
2026-03-26T12:45:35,l1/init1/convnext_small_l1_2_init1,/mnt/data/robustness_models/madry/l1/init1/convnext_small_l1_2_init1.pth.tar,state_dict_ema,l1norm_step,,4.0,510.0,10,random_restart_3,True,3,3,320,30.625000596046448,11.72370276413858,0.03663657113793306,2.344740552827716,835.9133959547239,509.9249572753906,510.0018310546875,79713.5390625,81500.0,14.0625,1.711912989616394,84.0624988079071,55.937498807907104
2026-03-26T12:45:46,l1/init1/convnext_small_l1_2_init1,/mnt/data/robustness_models/madry/l1/init1/convnext_small_l1_2_init1.pth.tar,state_dict_ema,raw_grad_step,,4.0,510.0,10,deterministic,False,0,0,320,31.562501192092896,11.635863421484828,0.03636207319214009,2.3271726842969658,868.0060959482186,298.600830078125,510.00067138671875,94016.875,140728.0,3.437500074505806,2.4175713062286377,84.0624988079071,56.562501192092896
2026-03-26T12:45:58,l1/init1/convnext_small_l1_2_init1,/mnt/data/robustness_models/madry/l1/init1/convnext_small_l1_2_init1.pth.tar,state_dict_ema,raw_grad_step,,4.0,510.0,10,random_restart_1,True,1,1,320,30.937501788139343,11.691242746077478,0.036535133581492116,2.3382485492154954,846.7877014636562,507.0960998535156,510.00274658203125,94038.7421875,128539.0,15.312500298023224,2.37540602684021,84.0624988079071,57.18750357627869
2026-03-26T12:46:10,l1/init1/convnext_small_l1_2_init1,/mnt/data/robustness_models/madry/l1/init1/convnext_small_l1_2_init1.pth.tar,state_dict_ema,raw_grad_step,,4.0,510.0,10,random_restart_2,True,2,2,320,30.937501788139343,11.688558831810951,0.03652674634940922,2.3377117663621902,846.9821399419475,507.0926818847656,510.0024108886719,94034.4296875,128226.0,13.437500596046448,2.3777568340301514,84.0624988079071,57.18750357627869
2026-03-26T12:46:22,l1/init1/convnext_small_l1_2_init1,/mnt/data/robustness_models/madry/l1/init1/convnext_small_l1_2_init1.pth.tar,state_dict_ema,raw_grad_step,,4.0,510.0,10,random_restart_3,True,3,3,320,30.937501788139343,11.697031605988741,0.03655322376871482,2.3394063211977483,846.368626304806,507.0868835449219,510.00323486328125,94014.9375,128462.0,15.000000596046448,2.3788113594055176,84.0624988079071,57.18750357627869
2026-03-26T12:46:33,l1/init1/convnext_small_l1_2_init1,/mnt/data/robustness_models/madry/l1/init1/convnext_small_l1_2_init1.pth.tar,state_dict_ema,l1_apgd_topk,0.01,4.0,510.0,10,deterministic,False,0,0,320,59.375,11.754140959121287,0.03673169049725402,2.3508281918242573,1616.4516034032995,446.6058044433594,487.01220703125,1450.9156494140625,1463.0,0.0,3.256742238998413,84.0624988079071,30.625000596046448
2026-03-26T12:46:45,l1/init1/convnext_small_l1_2_init1,/mnt/data/robustness_models/madry/l1/init1/convnext_small_l1_2_init1.pth.tar,state_dict_ema,l1_apgd_topk,0.01,4.0,510.0,10,random_restart_1,True,1,1,320,59.062498807907104,11.746893856674433,0.0367090433021076,2.3493787713348864,1608.9359322670257,446.5201110839844,503.72430419921875,1449.206298828125,1465.0,0.0,3.2988266944885254,84.0624988079071,30.625000596046448
2026-03-26T12:46:57,l1/init1/convnext_small_l1_2_init1,/mnt/data/robustness_models/madry/l1/init1/convnext_small_l1_2_init1.pth.tar,state_dict_ema,l1_apgd_topk,0.01,4.0,510.0,10,random_restart_2,True,2,2,320,58.125001192092896,11.757208939641714,0.03674127793638036,2.351441787928343,1582.008151505772,446.23468017578125,487.7900695800781,1445.503173828125,1459.0,0.0,3.292614698410034,84.0624988079071,31.562501192092896
2026-03-26T12:47:09,l1/init1/convnext_small_l1_2_init1,/mnt/data/robustness_models/madry/l1/init1/convnext_small_l1_2_init1.pth.tar,state_dict_ema,l1_apgd_topk,0.01,4.0,510.0,10,random_restart_3,True,3,3,320,58.43750238418579,11.750018831342459,0.036718808847945185,2.350003766268492,1591.4868760089423,446.3150939941406,503.8580627441406,1447.550048828125,1461.0,0.0,3.294886827468872,84.0624988079071,31.25
2026-03-26T12:47:21,l1/init1/convnext_small_l1_2_init1,/mnt/data/robustness_models/madry/l1/init1/convnext_small_l1_2_init1.pth.tar,state_dict_ema,l1_apgd_topk,0.05,4.0,510.0,10,deterministic,False,0,0,320,60.624998807907104,11.752730466425419,0.03672728270757943,2.3505460932850837,1650.6802120538007,509.57867431640625,510.2453308105469,7519.56591796875,7526.0,38.12499940395355,3.7508416175842285,84.0624988079071,28.749999403953552
2026-03-26T12:47:32,l1/init1/convnext_small_l1_2_init1,/mnt/data/robustness_models/madry/l1/init1/convnext_small_l1_2_init1.pth.tar,state_dict_ema,l1_apgd_topk,0.05,4.0,510.0,10,random_restart_1,True,1,1,320,60.31250357627869,11.7557062972337,0.036736582178855316,2.3511412594467402,1641.7559827052473,509.5595397949219,510.2694091796875,7519.9970703125,7526.0,37.812501192092896,3.74272084236145,84.0624988079071,29.062500596046448
2026-03-26T12:47:44,l1/init1/convnext_small_l1_2_init1,/mnt/data/robustness_models/madry/l1/init1/convnext_small_l1_2_init1.pth.tar,state_dict_ema,l1_apgd_topk,0.05,4.0,510.0,10,random_restart_2,True,2,2,320,60.31250357627869,11.739932738244534,0.03668728980701417,2.347986547648907,1643.9618160278403,509.5686950683594,510.2486267089844,7519.82177734375,7526.0,39.375001192092896,3.7494735717773438,84.0624988079071,29.062500596046448
2026-03-26T12:47:56,l1/init1/convnext_small_l1_2_init1,/mnt/data/robustness_models/madry/l1/init1/convnext_small_l1_2_init1.pth.tar,state_dict_ema,l1_apgd_topk,0.05,4.0,510.0,10,random_restart_3,True,3,3,320,60.00000238418579,11.756484978832304,0.03673901555885095,2.351296995766461,1633.1412660764922,509.5380859375,510.2198486328125,7517.2314453125,7526.0,38.75000178813934,3.7433412075042725,84.0624988079071,29.375001788139343
2026-03-26T12:48:08,l1/init1/convnext_small_l1_2_init1,/mnt/data/robustness_models/madry/l1/init1/convnext_small_l1_2_init1.pth.tar,state_dict_ema,l1_apgd_topk,0.1,4.0,510.0,10,deterministic,False,0,0,320,44.37499940395355,11.746899888850749,0.03670906215265859,2.3493799777701496,1208.8295587453404,510.2655334472656,510.9428405761719,15045.3095703125,15052.0,90.3124988079071,2.571028470993042,84.0624988079071,43.43750178813934
2026-03-26T12:48:20,l1/init1/convnext_small_l1_2_init1,/mnt/data/robustness_models/madry/l1/init1/convnext_small_l1_2_init1.pth.tar,state_dict_ema,l1_apgd_topk,0.1,4.0,510.0,10,random_restart_1,True,1,1,320,44.37499940395355,11.76507952529937,0.036765873516560535,2.3530159050598742,1206.961651107395,510.2649841308594,510.7769775390625,15045.181640625,15052.0,90.625,2.566383123397827,84.0624988079071,43.43750178813934
2026-03-26T12:48:31,l1/init1/convnext_small_l1_2_init1,/mnt/data/robustness_models/madry/l1/init1/convnext_small_l1_2_init1.pth.tar,state_dict_ema,l1_apgd_topk,0.1,4.0,510.0,10,random_restart_2,True,2,2,320,44.68750059604645,11.75021840725094,0.03671943252265919,2.350043681450188,1216.998671438352,510.2599182128906,510.73443603515625,15045.8818359375,15052.0,92.1875,2.5714454650878906,84.0624988079071,43.12500059604645
2026-03-26T12:48:43,l1/init1/convnext_small_l1_2_init1,/mnt/data/robustness_models/madry/l1/init1/convnext_small_l1_2_init1.pth.tar,state_dict_ema,l1_apgd_topk,0.1,4.0,510.0,10,random_restart_3,True,3,3,320,44.37499940395355,11.752547862008214,0.03672671206877567,2.3505095724016427,1208.2486262547936,510.2696838378906,510.797119140625,15045.5498046875,15052.0,92.81250238418579,2.569512367248535,84.0624988079071,43.43750178813934
2026-03-26T12:48:55,l1/init1/convnext_small_l1_2_init1,/mnt/data/robustness_models/madry/l1/init1/convnext_small_l1_2_init1.pth.tar,state_dict_ema,fw_onehot,,4.0,510.0,10,deterministic,False,0,0,320,0.937500037252903,11.613353241235018,0.03629172887885943,2.3226706482470036,25.83233332262143,1.4542492628097534,3.776827096939087,5.112500190734863,5.0,nan,0.6661020517349243,84.0624988079071,83.1250011920929
2026-03-26T12:49:06,l1/init1/convnext_small_l1_2_init1,/mnt/data/robustness_models/madry/l1/init1/convnext_small_l1_2_init1.pth.tar,state_dict_ema,baseline_l2norm,,8.0,1020.0,10,deterministic,False,0,0,320,44.062501192092896,11.7227420238778,0.03663356882461812,2.34454840477556,1202.7902987841703,416.67022705078125,768.9275512695312,1156.6031494140625,1065.0,0.0,2.3222508430480957,84.0624988079071,45.625001192092896
2026-03-26T12:49:18,l1/init1/convnext_small_l1_2_init1,/mnt/data/robustness_models/madry/l1/init1/convnext_small_l1_2_init1.pth.tar,state_dict_ema,baseline_l2norm,,8.0,1020.0,10,random_restart_1,True,1,1,320,43.43750178813934,11.725954049266875,0.036643606403958986,2.345190809853375,1185.4046599367016,424.15283203125,1000.047607421875,1659.4781494140625,1062.0,0.0,2.3243935108184814,84.0624988079071,46.56250178813934
2026-03-26T12:49:30,l1/init1/convnext_small_l1_2_init1,/mnt/data/robustness_models/madry/l1/init1/convnext_small_l1_2_init1.pth.tar,state_dict_ema,baseline_l2norm,,8.0,1020.0,10,random_restart_2,True,2,2,320,42.500001192092896,11.723416580818594,0.0366356768150581,2.3446833161637186,1160.0714081696567,422.1459045410156,1019.9775390625,2097.94384765625,1057.0,0.0,2.314192533493042,84.0624988079071,47.187501192092896
2026-03-26T12:49:42,l1/init1/convnext_small_l1_2_init1,/mnt/data/robustness_models/madry/l1/init1/convnext_small_l1_2_init1.pth.tar,state_dict_ema,baseline_l2norm,,8.0,1020.0,10,random_restart_3,True,3,3,320,42.500001192092896,11.724673893302679,0.03663960591657087,2.344934778660536,1159.9470062223447,424.02276611328125,999.6259765625,2070.796875,1067.0,0.0,2.316821575164795,84.0624988079071,46.875
2026-03-26T12:49:53,l1/init1/convnext_small_l1_2_init1,/mnt/data/robustness_models/madry/l1/init1/convnext_small_l1_2_init1.pth.tar,state_dict_ema,l1norm_step,,8.0,1020.0,10,deterministic,False,0,0,320,59.375,11.66660523507744,0.036458141359617,2.333321047015488,1628.5800039649564,1019.7299194335938,1020.0023193359375,83293.875,84291.0,10.625000298023224,3.6383705139160156,84.0624988079071,29.062500596046448
2026-03-26T12:50:05,l1/init1/convnext_small_l1_2_init1,/mnt/data/robustness_models/madry/l1/init1/convnext_small_l1_2_init1.pth.tar,state_dict_ema,l1norm_step,,8.0,1020.0,10,random_restart_1,True,1,1,320,55.937498807907104,11.725008999928832,0.0366406531247776,2.3450017999857664,1526.6512476569462,1019.7179565429688,1020.0023193359375,83303.6015625,84336.0,9.062500298023224,3.417231798171997,84.0624988079071,32.50000178813934
2026-03-26T12:50:17,l1/init1/convnext_small_l1_2_init1,/mnt/data/robustness_models/madry/l1/init1/convnext_small_l1_2_init1.pth.tar,state_dict_ema,l1norm_step,,8.0,1020.0,10,random_restart_2,True,2,2,320,56.562501192092896,11.73895610962063,0.03668423784256447,2.347791221924126,1541.8747810664288,1019.7131958007812,1020.0020751953125,83248.4921875,84232.0,7.8125,3.420684814453125,84.0624988079071,31.874999403953552
2026-03-26T12:50:29,l1/init1/convnext_small_l1_2_init1,/mnt/data/robustness_models/madry/l1/init1/convnext_small_l1_2_init1.pth.tar,state_dict_ema,l1norm_step,,8.0,1020.0,10,random_restart_3,True,3,3,320,56.25,11.723601272329688,0.03663625397603028,2.344720254465938,1535.3643971570416,1019.7131958007812,1020.0020141601562,83222.9609375,84094.0,7.8125,3.4221279621124268,84.0624988079071,32.18750059604645
2026-03-26T12:50:40,l1/init1/convnext_small_l1_2_init1,/mnt/data/robustness_models/madry/l1/init1/convnext_small_l1_2_init1.pth.tar,state_dict_ema,raw_grad_step,,8.0,1020.0,10,deterministic,False,0,0,320,43.12500059604645,11.641229326836765,0.03637884164636489,2.328245865367353,1185.4418294914474,627.6925659179688,1020.0005493164062,88619.703125,74658.0,0.6250000093132257,4.493546485900879,84.0624988079071,46.25000059604645
2026-03-26T12:50:52,l1/init1/convnext_small_l1_2_init1,/mnt/data/robustness_models/madry/l1/init1/convnext_small_l1_2_init1.pth.tar,state_dict_ema,raw_grad_step,,8.0,1020.0,10,random_restart_1,True,1,1,320,42.500001192092896,11.684161877259612,0.036513005866436285,2.3368323754519222,1163.9688429804135,1012.4429931640625,1020.0023193359375,89133.7421875,80043.0,4.374999925494194,4.419816493988037,84.0624988079071,46.875
2026-03-26T12:51:04,l1/init1/convnext_small_l1_2_init1,/mnt/data/robustness_models/madry/l1/init1/convnext_small_l1_2_init1.pth.tar,state_dict_ema,raw_grad_step,,8.0,1020.0,10,random_restart_2,True,2,2,320,42.500001192092896,11.68402842991054,0.03651258884347044,2.336805685982108,1163.9821370730656,1012.4542236328125,1020.0025024414062,89143.7109375,80797.0,5.625000223517418,4.422208309173584,84.0624988079071,46.875
2026-03-26T12:51:16,l1/init1/convnext_small_l1_2_init1,/mnt/data/robustness_models/madry/l1/init1/convnext_small_l1_2_init1.pth.tar,state_dict_ema,raw_grad_step,,8.0,1020.0,10,random_restart_3,True,3,3,320,42.500001192092896,11.683907764032483,0.03651221176260151,2.336781552806497,1163.9941581305277,1012.4462280273438,1020.001220703125,89153.375,80360.0,5.625000223517418,4.423178195953369,84.0624988079071,46.875
2026-03-26T12:51:27,l1/init1/convnext_small_l1_2_init1,/mnt/data/robustness_models/madry/l1/init1/convnext_small_l1_2_init1.pth.tar,state_dict_ema,l1_apgd_topk,0.01,8.0,1020.0,10,deterministic,False,0,0,320,51.875001192092896,11.757987629622221,0.03674371134256944,2.3515975259244444,1411.8062464744298,685.9109497070312,826.61376953125,1476.8406982421875,1490.0,0.0,2.6984193325042725,84.0624988079071,38.43750059604645
2026-03-26T12:51:39,l1/init1/convnext_small_l1_2_init1,/mnt/data/robustness_models/madry/l1/init1/convnext_small_l1_2_init1.pth.tar,state_dict_ema,l1_apgd_topk,0.01,8.0,1020.0,10,random_restart_1,True,1,1,320,50.62500238418579,11.746731956489384,0.03670853736402933,2.349346391297877,1379.1070421071365,695.1828002929688,1019.9969482421875,2847.19384765625,1490.0,0.0,2.694403886795044,84.0624988079071,39.0625
2026-03-26T12:51:51,l1/init1/convnext_small_l1_2_init1,/mnt/data/robustness_models/madry/l1/init1/convnext_small_l1_2_init1.pth.tar,state_dict_ema,l1_apgd_topk,0.01,8.0,1020.0,10,random_restart_2,True,2,2,320,50.93750357627869,11.750436742790043,0.03672011482121888,2.3500873485580085,1387.1825789293073,691.7536010742188,1019.9930419921875,2847.243896484375,1489.0,0.0,2.6735360622406006,84.0624988079071,38.75000178813934
2026-03-26T12:52:03,l1/init1/convnext_small_l1_2_init1,/mnt/data/robustness_models/madry/l1/init1/convnext_small_l1_2_init1.pth.tar,state_dict_ema,l1_apgd_topk,0.01,8.0,1020.0,10,random_restart_3,True,3,3,320,51.249998807907104,11.751342593692243,0.03672294560528826,2.3502685187384484,1395.5851842268037,694.37646484375,1019.990966796875,2847.840576171875,1489.0,0.0,2.702496290206909,84.0624988079071,38.43750059604645
2026-03-26T12:52:14,l1/init1/convnext_small_l1_2_init1,/mnt/data/robustness_models/madry/l1/init1/convnext_small_l1_2_init1.pth.tar,state_dict_ema,l1_apgd_topk,0.05,8.0,1020.0,10,deterministic,False,0,0,320,86.56250238418579,11.744195641949773,0.03670061138109304,2.3488391283899546,2358.611999275303,995.0318603515625,1019.9584350585938,7354.57177734375,7444.0,0.0,8.185861587524414,84.0624988079071,3.125
2026-03-26T12:52:26,l1/init1/convnext_small_l1_2_init1,/mnt/data/robustness_models/madry/l1/init1/convnext_small_l1_2_init1.pth.tar,state_dict_ema,l1_apgd_topk,0.05,8.0,1020.0,10,random_restart_1,True,1,1,320,86.87500357627869,11.757194568403065,0.036741233026259576,2.351438913680613,2364.509746153257,995.2772827148438,1019.9178466796875,7354.30029296875,7434.0,0.0,8.208364486694336,84.0624988079071,2.812500111758709
2026-03-26T12:52:38,l1/init1/convnext_small_l1_2_init1,/mnt/data/robustness_models/madry/l1/init1/convnext_small_l1_2_init1.pth.tar,state_dict_ema,l1_apgd_topk,0.05,8.0,1020.0,10,random_restart_2,True,2,2,320,86.87500357627869,11.75600661803037,0.03673752068134491,2.351201323606074,2364.7486810505775,995.08447265625,1020.0,7354.1533203125,7438.0,0.0,8.195215225219727,84.0624988079071,2.500000037252903
2026-03-26T12:52:50,l1/init1/convnext_small_l1_2_init1,/mnt/data/robustness_models/madry/l1/init1/convnext_small_l1_2_init1.pth.tar,state_dict_ema,l1_apgd_topk,0.05,8.0,1020.0,10,random_restart_3,True,3,3,320,87.1874988079071,11.756578670814633,0.036739308346295727,2.3513157341629265,2373.1393630522134,995.4706420898438,1019.8176879882812,7346.5625,7433.0,0.0,8.257696151733398,84.0624988079071,2.500000037252903
2026-03-26T12:53:02,l1/init1/convnext_small_l1_2_init1,/mnt/data/robustness_models/madry/l1/init1/convnext_small_l1_2_init1.pth.tar,state_dict_ema,l1_apgd_topk,0.1,8.0,1020.0,10,deterministic,False,0,0,320,79.3749988079071,11.744980963878334,0.03670306551211979,2.3489961927756666,2162.625865180022,1017.3179931640625,1021.5420532226562,14957.1748046875,15049.0,43.43750178813934,7.326278209686279,84.0624988079071,10.000000149011612
2026-03-26T12:53:13,l1/init1/convnext_small_l1_2_init1,/mnt/data/robustness_models/madry/l1/init1/convnext_small_l1_2_init1.pth.tar,state_dict_ema,l1_apgd_topk,0.1,8.0,1020.0,10,random_restart_1,True,1,1,320,79.6875,11.75534475594759,0.03673545236233622,2.351068951189518,2169.2260439319175,1017.3912353515625,1021.626220703125,14963.6220703125,15049.0,44.37499940395355,7.310760498046875,84.0624988079071,9.687500447034836
2026-03-26T12:53:25,l1/init1/convnext_small_l1_2_init1,/mnt/data/robustness_models/madry/l1/init1/convnext_small_l1_2_init1.pth.tar,state_dict_ema,l1_apgd_topk,0.1,8.0,1020.0,10,random_restart_2,True,2,2,320,79.6875,11.754763774573803,0.03673363679554313,2.3509527549147604,2169.3332583303713,1017.25048828125,1021.3065185546875,14959.228515625,15049.0,36.87500059604645,7.279170513153076,84.0624988079071,9.687500447034836
2026-03-26T12:53:37,l1/init1/convnext_small_l1_2_init1,/mnt/data/robustness_models/madry/l1/init1/convnext_small_l1_2_init1.pth.tar,state_dict_ema,l1_apgd_topk,0.1,8.0,1020.0,10,random_restart_3,True,3,3,320,79.3749988079071,11.765828446485102,0.036768213895265946,2.3531656892970205,2158.7939798763778,1017.3165283203125,1021.2455444335938,14961.78125,15049.0,43.12500059604645,7.3033366203308105,84.0624988079071,10.000000149011612
2026-03-26T12:53:49,l1/init1/convnext_small_l1_2_init1,/mnt/data/robustness_models/madry/l1/init1/convnext_small_l1_2_init1.pth.tar,state_dict_ema,fw_onehot,,8.0,1020.0,10,deterministic,False,0,0,320,0.937500037252903,11.604684498161077,0.03626463905675337,2.3209368996322155,25.851630173010573,1.4542492628097534,3.776827096939087,5.112500190734863,5.0,nan,0.6661020517349243,84.0624988079071,83.1250011920929
2026-03-26T12:54:00,l1/init1/convnext_small_l1_2_init1,/mnt/data/robustness_models/madry/l1/init1/convnext_small_l1_2_init1.pth.tar,state_dict_ema,baseline_l2norm,,16.0,2040.0,10,deterministic,False,0,0,320,44.37499940395355,11.71821553632617,0.036619423551019284,2.343643107265234,1211.7885837861147,517.5148315429688,1136.6668701171875,1257.6844482421875,1173.0,0.0,2.3116214275360107,84.0624988079071,45.3125
2026-03-26T12:54:12,l1/init1/convnext_small_l1_2_init1,/mnt/data/robustness_models/madry/l1/init1/convnext_small_l1_2_init1.pth.tar,state_dict_ema,baseline_l2norm,,16.0,2040.0,10,random_restart_1,True,1,1,320,44.68750059604645,11.726166348904371,0.03664426984032616,2.3452332697808744,1219.4949112308113,536.930419921875,1922.1748046875,1771.706298828125,1186.0,0.0,2.3004307746887207,84.0624988079071,45.93749940395355
2026-03-26T12:54:24,l1/init1/convnext_small_l1_2_init1,/mnt/data/robustness_models/madry/l1/init1/convnext_small_l1_2_init1.pth.tar,state_dict_ema,baseline_l2norm,,16.0,2040.0,10,random_restart_2,True,2,2,320,42.81249940395355,11.7344856467098,0.036670267645968126,2.34689712934196,1167.4989617552126,548.11767578125,1940.2930908203125,2664.965576171875,1189.0,0.0,2.266771078109741,84.0624988079071,46.875
2026-03-26T12:54:36,l1/init1/convnext_small_l1_2_init1,/mnt/data/robustness_models/madry/l1/init1/convnext_small_l1_2_init1.pth.tar,state_dict_ema,baseline_l2norm,,16.0,2040.0,10,random_restart_3,True,3,3,320,43.43750178813934,11.731620665639639,0.03666131458012387,2.346324133127928,1184.8320848726253,542.2454833984375,1940.6396484375,2231.78759765625,1171.0,0.0,2.342578887939453,84.0624988079071,46.56250178813934
2026-03-26T12:54:47,l1/init1/convnext_small_l1_2_init1,/mnt/data/robustness_models/madry/l1/init1/convnext_small_l1_2_init1.pth.tar,state_dict_ema,l1norm_step,,16.0,2040.0,10,deterministic,False,0,0,320,80.9374988079071,11.655776198022068,0.03642430061881896,2.3311552396044135,2222.07420411224,2038.8544921875,2040.004150390625,94237.578125,94106.0,4.374999925494194,7.861310005187988,84.0624988079071,8.437500149011612
2026-03-26T12:54:59,l1/init1/convnext_small_l1_2_init1,/mnt/data/robustness_models/madry/l1/init1/convnext_small_l1_2_init1.pth.tar,state_dict_ema,l1norm_step,,16.0,2040.0,10,random_restart_1,True,1,1,320,79.3749988079071,11.725872893817723,0.036643352793180387,2.3451745787635447,2166.1500042288544,2038.811767578125,2040.002197265625,91525.8671875,91242.0,1.875000074505806,7.359436988830566,84.0624988079071,10.000000149011612
2026-03-26T12:55:11,l1/init1/convnext_small_l1_2_init1,/mnt/data/robustness_models/madry/l1/init1/convnext_small_l1_2_init1.pth.tar,state_dict_ema,l1norm_step,,16.0,2040.0,10,random_restart_2,True,2,2,320,79.06250357627869,11.725213848985732,0.03664129327808041,2.3450427697971463,2157.7432591216843,2038.816650390625,2040.004150390625,91528.7109375,91191.0,2.500000037252903,7.361822605133057,84.0624988079071,10.312499850988388
2026-03-26T12:55:23,l1/init1/convnext_small_l1_2_init1,/mnt/data/robustness_models/madry/l1/init1/convnext_small_l1_2_init1.pth.tar,state_dict_ema,l1norm_step,,16.0,2040.0,10,random_restart_3,True,3,3,320,79.3749988079071,11.72937312349677,0.03665429101092741,2.3458746246993543,2165.5035909504772,2038.808837890625,2040.0028076171875,91537.8359375,91259.0,2.500000037252903,7.361972332000732,84.0624988079071,10.000000149011612
2026-03-26T12:55:34,l1/init1/convnext_small_l1_2_init1,/mnt/data/robustness_models/madry/l1/init1/convnext_small_l1_2_init1.pth.tar,state_dict_ema,raw_grad_step,,16.0,2040.0,10,deterministic,False,0,0,320,51.5625,11.664718274958432,0.0364522446092451,2.3329436549916864,1414.5219465284342,1355.1661376953125,2040.0003662109375,90827.1015625,62747.0,0.3125000046566129,7.7625412940979,84.0624988079071,37.812501192092896
2026-03-26T12:55:46,l1/init1/convnext_small_l1_2_init1,/mnt/data/robustness_models/madry/l1/init1/convnext_small_l1_2_init1.pth.tar,state_dict_ema,raw_grad_step,,16.0,2040.0,10,random_restart_1,True,1,1,320,51.875001192092896,11.680727071128786,0.03650227209727745,2.336145414225757,1421.1444442101463,2020.2890625,2040.003173828125,90017.640625,62825.0,2.187499962747097,7.766971588134766,84.0624988079071,37.5
2026-03-26T12:55:58,l1/init1/convnext_small_l1_2_init1,/mnt/data/robustness_models/madry/l1/init1/convnext_small_l1_2_init1.pth.tar,state_dict_ema,raw_grad_step,,16.0,2040.0,10,random_restart_2,True,2,2,320,52.18750238418579,11.678456274792552,0.036495175858726726,2.3356912549585105,1429.9835843017788,2020.2867431640625,2040.0018310546875,90014.1171875,64045.0,3.125,7.781260967254639,84.0624988079071,37.18750178813934
2026-03-26T12:56:09,l1/init1/convnext_small_l1_2_init1,/mnt/data/robustness_models/madry/l1/init1/convnext_small_l1_2_init1.pth.tar,state_dict_ema,raw_grad_step,,16.0,2040.0,10,random_restart_3,True,3,3,320,51.875001192092896,11.686104828491807,0.0365190775890369,2.3372209656983616,1420.4904564091694,2020.2591552734375,2040.0040283203125,90096.078125,61825.0,1.875000074505806,7.776989936828613,84.0624988079071,37.5
2026-03-26T12:56:21,l1/init1/convnext_small_l1_2_init1,/mnt/data/robustness_models/madry/l1/init1/convnext_small_l1_2_init1.pth.tar,state_dict_ema,l1_apgd_topk,0.01,16.0,2040.0,10,deterministic,False,0,0,320,48.4375,11.764001872390509,0.03676250585122034,2.3528003744781016,1317.5788450338216,749.4202270507812,978.2196044921875,1490.5843505859375,1505.0,0.0,2.462043523788452,84.0624988079071,42.500001192092896
2026-03-26T12:56:33,l1/init1/convnext_small_l1_2_init1,/mnt/data/robustness_models/madry/l1/init1/convnext_small_l1_2_init1.pth.tar,state_dict_ema,l1_apgd_topk,0.01,16.0,2040.0,10,random_restart_1,True,1,1,320,48.750001192092896,11.7453304072842,0.036704157522763126,2.34906608145684,1328.1874447563384,776.16162109375,2040.000244140625,3797.893798828125,1505.0,0.3125000046566129,2.4835500717163086,84.0624988079071,42.1875
2026-03-26T12:56:45,l1/init1/convnext_small_l1_2_init1,/mnt/data/robustness_models/madry/l1/init1/convnext_small_l1_2_init1.pth.tar,state_dict_ema,l1_apgd_topk,0.01,16.0,2040.0,10,random_restart_2,True,2,2,320,51.249998807907104,11.75383894983679,0.03673074671823997,2.350767789967358,1395.2887808419391,775.7190551757812,2040.0,3818.846923828125,1505.0,0.0,2.5393338203430176,84.0624988079071,40.00000059604645
2026-03-26T12:56:57,l1/init1/convnext_small_l1_2_init1,/mnt/data/robustness_models/madry/l1/init1/convnext_small_l1_2_init1.pth.tar,state_dict_ema,l1_apgd_topk,0.01,16.0,2040.0,10,random_restart_3,True,3,3,320,50.0,11.74603128619492,0.036706347769359125,2.349206257238984,1362.1622154884567,769.1107788085938,2039.2706298828125,2901.362548828125,1505.0,0.0,2.5176491737365723,84.0624988079071,41.56250059604645
2026-03-26T12:57:08,l1/init1/convnext_small_l1_2_init1,/mnt/data/robustness_models/madry/l1/init1/convnext_small_l1_2_init1.pth.tar,state_dict_ema,l1_apgd_topk,0.05,16.0,2040.0,10,deterministic,False,0,0,320,89.0625,11.74488202854991,0.03670275633921847,2.348976405709982,2426.5888691534838,1856.992431640625,1982.071044921875,7050.45947265625,7035.0,0.0,8.739450454711914,84.0624988079071,1.5625
2026-03-26T12:57:20,l1/init1/convnext_small_l1_2_init1,/mnt/data/robustness_models/madry/l1/init1/convnext_small_l1_2_init1.pth.tar,state_dict_ema,l1_apgd_topk,0.05,16.0,2040.0,10,random_restart_1,True,1,1,320,90.00000357627869,11.755627981387079,0.03673633744183462,2.3511255962774156,2449.890485647283,1855.629150390625,1974.97119140625,7061.70654296875,7041.0,0.0,8.719511985778809,84.0624988079071,1.5625
2026-03-26T12:57:32,l1/init1/convnext_small_l1_2_init1,/mnt/data/robustness_models/madry/l1/init1/convnext_small_l1_2_init1.pth.tar,state_dict_ema,l1_apgd_topk,0.05,16.0,2040.0,10,random_restart_2,True,2,2,320,90.00000357627869,11.75816061720252,0.036744251928757875,2.351632123440504,2449.362794234497,1855.1168212890625,1952.1824951171875,7065.265625,7076.0,0.0,8.747136116027832,84.0624988079071,1.5625
2026-03-26T12:57:44,l1/init1/convnext_small_l1_2_init1,/mnt/data/robustness_models/madry/l1/init1/convnext_small_l1_2_init1.pth.tar,state_dict_ema,l1_apgd_topk,0.05,16.0,2040.0,10,random_restart_3,True,3,3,320,90.3124988079071,11.756104122847319,0.036737825383897874,2.351220824569464,2458.29735059634,1856.296875,1970.16552734375,7066.72802734375,7053.0,0.0,8.747400283813477,84.0624988079071,1.5625
2026-03-26T12:57:56,l1/init1/convnext_small_l1_2_init1,/mnt/data/robustness_models/madry/l1/init1/convnext_small_l1_2_init1.pth.tar,state_dict_ema,l1_apgd_topk,0.1,16.0,2040.0,10,deterministic,False,0,0,320,90.625,11.748855996876955,0.03671517499024048,2.349771199375391,2468.3254274040546,1975.2313232421875,2039.716796875,14200.587890625,14288.0,0.0,11.125242233276367,84.0624988079071,0.3125000046566129
2026-03-26T12:58:07,l1/init1/convnext_small_l1_2_init1,/mnt/data/robustness_models/madry/l1/init1/convnext_small_l1_2_init1.pth.tar,state_dict_ema,l1_apgd_topk,0.1,16.0,2040.0,10,random_restart_1,True,1,1,320,90.3124988079071,11.77227072790265,0.03678834602469579,2.3544541455805303,2454.921423955317,1974.5322265625,2037.897216796875,14224.0283203125,14253.0,0.0,11.062877655029297,84.0624988079071,0.3125000046566129
2026-03-26T12:58:19,l1/init1/convnext_small_l1_2_init1,/mnt/data/robustness_models/madry/l1/init1/convnext_small_l1_2_init1.pth.tar,state_dict_ema,l1_apgd_topk,0.1,16.0,2040.0,10,random_restart_2,True,2,2,320,90.00000357627869,11.750304969027638,0.03671970302821137,2.3500609938055277,2451.000311934239,1974.8590087890625,2038.80029296875,14214.6533203125,14276.0,0.0,11.105875968933105,84.0624988079071,0.3125000046566129
2026-03-26T12:58:31,l1/init1/convnext_small_l1_2_init1,/mnt/data/robustness_models/madry/l1/init1/convnext_small_l1_2_init1.pth.tar,state_dict_ema,l1_apgd_topk,0.1,16.0,2040.0,10,random_restart_3,True,3,3,320,90.3124988079071,11.789086480624974,0.03684089525195304,2.3578172961249946,2451.419765732196,1974.9342041015625,2037.47265625,14208.5224609375,14254.0,0.0,11.078713417053223,84.0624988079071,0.3125000046566129
2026-03-26T12:58:43,l1/init1/convnext_small_l1_2_init1,/mnt/data/robustness_models/madry/l1/init1/convnext_small_l1_2_init1.pth.tar,state_dict_ema,fw_onehot,,16.0,2040.0,10,deterministic,False,0,0,320,0.937500037252903,11.603128318674862,0.036259775995858945,2.3206256637349725,25.855097322166866,1.4542492628097534,3.776827096939087,5.112500190734863,5.0,nan,0.6661020517349243,84.0624988079071,83.1250011920929
2026-03-26T12:58:56,l2/init1/convnext_small_l2_2_init1,/mnt/data/robustness_models/madry/l2/init1/convnext_small_l2_2_init1.pth.tar,state_dict_ema,baseline_l2norm,,1.0,127.5,10,deterministic,False,0,0,320,26.5625,11.774293479509652,0.03679466712346766,2.3548586959019304,721.911681137575,112.1880111694336,127.28169250488281,497.59375,450.0,0.0,1.5285338163375854,85.31250357627869,61.87500357627869
2026-03-26T12:59:08,l2/init1/convnext_small_l2_2_init1,/mnt/data/robustness_models/madry/l2/init1/convnext_small_l2_2_init1.pth.tar,state_dict_ema,baseline_l2norm,,1.0,127.5,10,random_restart_1,True,1,1,320,27.187499403953552,11.780134623870254,0.03681292069959454,2.3560269247740506,738.5314418764115,112.32622528076172,127.28878021240234,497.9406433105469,455.0,0.0,1.5283682346343994,85.31250357627869,61.250001192092896
2026-03-26T12:59:20,l2/init1/convnext_small_l2_2_init1,/mnt/data/robustness_models/madry/l2/init1/convnext_small_l2_2_init1.pth.tar,state_dict_ema,baseline_l2norm,,1.0,127.5,10,random_restart_2,True,2,2,320,26.875001192092896,11.779571930877864,0.03681116228399332,2.3559143861755727,730.0774961886767,112.32398986816406,127.2688980102539,500.0562438964844,452.0,0.0,1.5289641618728638,85.31250357627869,61.56250238418579
2026-03-26T12:59:31,l2/init1/convnext_small_l2_2_init1,/mnt/data/robustness_models/madry/l2/init1/convnext_small_l2_2_init1.pth.tar,state_dict_ema,baseline_l2norm,,1.0,127.5,10,random_restart_3,True,3,3,320,26.875001192092896,11.803984504193068,0.03688745157560334,2.3607969008386136,728.5675763480368,112.47185516357422,127.28375244140625,502.484375,457.0,0.0,1.5291224718093872,85.31250357627869,61.56250238418579
2026-03-26T12:59:43,l2/init1/convnext_small_l2_2_init1,/mnt/data/robustness_models/madry/l2/init1/convnext_small_l2_2_init1.pth.tar,state_dict_ema,l1norm_step,,1.0,127.5,10,deterministic,False,0,0,320,10.000000149011612,11.72605115827173,0.03664390986959916,2.345210231654346,272.89664734460825,127.49641418457031,127.50135803222656,63147.1015625,65267.0,33.75000059604645,0.9823781847953796,85.31250357627869,75.93750357627869
2026-03-26T12:59:55,l2/init1/convnext_small_l2_2_init1,/mnt/data/robustness_models/madry/l2/init1/convnext_small_l2_2_init1.pth.tar,state_dict_ema,l1norm_step,,1.0,127.5,10,random_restart_1,True,1,1,320,9.687500447034836,11.784309923648834,0.03682596851140261,2.356861984729767,263.0616610676579,127.4958267211914,127.50157165527344,66152.890625,68735.0,30.312499403953552,0.9734501242637634,85.31250357627869,76.2499988079071
2026-03-26T13:00:07,l2/init1/convnext_small_l2_2_init1,/mnt/data/robustness_models/madry/l2/init1/convnext_small_l2_2_init1.pth.tar,state_dict_ema,l1norm_step,,1.0,127.5,10,random_restart_2,True,2,2,320,9.687500447034836,11.789231647737324,0.03684134889917914,2.3578463295474648,262.9518390747816,127.49581146240234,127.50120544433594,66139.265625,68499.0,29.6875,0.973447322845459,85.31250357627869,76.2499988079071
2026-03-26T13:00:19,l2/init1/convnext_small_l2_2_init1,/mnt/data/robustness_models/madry/l2/init1/convnext_small_l2_2_init1.pth.tar,state_dict_ema,l1norm_step,,1.0,127.5,10,random_restart_3,True,3,3,320,9.687500447034836,11.789717959240079,0.036842868622625244,2.3579435918480156,262.9409926317662,127.49580383300781,127.50125122070312,66148.671875,68796.0,31.25,0.9734548926353455,85.31250357627869,76.2499988079071
2026-03-26T13:00:30,l2/init1/convnext_small_l2_2_init1,/mnt/data/robustness_models/madry/l2/init1/convnext_small_l2_2_init1.pth.tar,state_dict_ema,raw_grad_step,,1.0,127.5,10,deterministic,False,0,0,320,12.812499701976776,11.689649266190827,0.036530153956846334,2.3379298532381654,350.73763217949727,82.9489974975586,127.50122833251953,105624.0234375,145862.0,13.437500596046448,1.046538233757019,85.31250357627869,74.06250238418579
2026-03-26T13:00:42,l2/init1/convnext_small_l2_2_init1,/mnt/data/robustness_models/madry/l2/init1/convnext_small_l2_2_init1.pth.tar,state_dict_ema,raw_grad_step,,1.0,127.5,10,random_restart_1,True,1,1,320,12.5,11.772792019881308,0.03678997506212909,2.3545584039762617,339.7664711348844,127.09327697753906,127.50381469726562,102847.875,130575.0,32.50000178813934,1.0409551858901978,85.31250357627869,74.37500357627869
2026-03-26T13:00:54,l2/init1/convnext_small_l2_2_init1,/mnt/data/robustness_models/madry/l2/init1/convnext_small_l2_2_init1.pth.tar,state_dict_ema,raw_grad_step,,1.0,127.5,10,random_restart_2,True,2,2,320,12.5,11.757786924950778,0.036743084140471186,2.351557384990156,340.2000755356217,127.09236907958984,127.50237274169922,102857.8359375,130274.0,32.8125,1.0408979654312134,85.31250357627869,74.37500357627869
2026-03-26T13:01:06,l2/init1/convnext_small_l2_2_init1,/mnt/data/robustness_models/madry/l2/init1/convnext_small_l2_2_init1.pth.tar,state_dict_ema,raw_grad_step,,1.0,127.5,10,random_restart_3,True,3,3,320,12.5,11.762668495066464,0.0367583390470827,2.352533699013293,340.05889069114653,127.09207916259766,127.50206756591797,102849.1484375,130218.0,30.937501788139343,1.0409178733825684,85.31250357627869,74.37500357627869
2026-03-26T13:01:18,l2/init1/convnext_small_l2_2_init1,/mnt/data/robustness_models/madry/l2/init1/convnext_small_l2_2_init1.pth.tar,state_dict_ema,l1_apgd_topk,0.01,1.0,127.5,10,deterministic,False,0,0,320,25.0,11.801670420914888,0.03688022006535903,2.360334084182978,677.8701416557457,127.43108367919922,127.50407409667969,1503.890625,1505.0,19.37500089406967,1.4372087717056274,85.31250357627869,63.43750357627869
2026-03-26T13:01:29,l2/init1/convnext_small_l2_2_init1,/mnt/data/robustness_models/madry/l2/init1/convnext_small_l2_2_init1.pth.tar,state_dict_ema,l1_apgd_topk,0.01,1.0,127.5,10,random_restart_1,True,1,1,320,25.0,11.799429317004979,0.03687321661564056,2.359885863400996,677.998891732047,127.42545318603516,127.50518798828125,1503.6624755859375,1505.0,22.50000089406967,1.4366962909698486,85.31250357627869,63.43750357627869
2026-03-26T13:01:41,l2/init1/convnext_small_l2_2_init1,/mnt/data/robustness_models/madry/l2/init1/convnext_small_l2_2_init1.pth.tar,state_dict_ema,l1_apgd_topk,0.01,1.0,127.5,10,random_restart_2,True,2,2,320,25.0,11.810023693367839,0.0369063240417745,2.362004738673568,677.3906816539719,127.428955078125,127.50447845458984,1503.7593994140625,1505.0,19.37500089406967,1.4367029666900635,85.31250357627869,63.43750357627869
2026-03-26T13:01:53,l2/init1/convnext_small_l2_2_init1,/mnt/data/robustness_models/madry/l2/init1/convnext_small_l2_2_init1.pth.tar,state_dict_ema,l1_apgd_topk,0.01,1.0,127.5,10,random_restart_3,True,3,3,320,25.0,11.809325196780264,0.03690414123993833,2.361865039356053,677.4307478789007,127.4268798828125,127.50516510009766,1503.8406982421875,1505.0,22.812500596046448,1.4363304376602173,85.31250357627869,63.43750357627869
2026-03-26T13:02:05,l2/init1/convnext_small_l2_2_init1,/mnt/data/robustness_models/madry/l2/init1/convnext_small_l2_2_init1.pth.tar,state_dict_ema,l1_apgd_topk,0.05,1.0,127.5,10,deterministic,False,0,0,320,13.125000894069672,11.813578233122826,0.03691743197850883,2.362715646624565,355.5231279822031,127.5146484375,127.55996704101562,7524.765625,7526.0,80.0000011920929,1.0701955556869507,85.31250357627869,73.4375
2026-03-26T13:02:17,l2/init1/convnext_small_l2_2_init1,/mnt/data/robustness_models/madry/l2/init1/convnext_small_l2_2_init1.pth.tar,state_dict_ema,l1_apgd_topk,0.05,1.0,127.5,10,random_restart_1,True,1,1,320,13.125000894069672,11.80281125381589,0.03688378516817466,2.360562250763178,355.8474498814357,127.5199203491211,127.57794952392578,7524.74365234375,7526.0,81.25,1.0702245235443115,85.31250357627869,73.4375
2026-03-26T13:02:29,l2/init1/convnext_small_l2_2_init1,/mnt/data/robustness_models/madry/l2/init1/convnext_small_l2_2_init1.pth.tar,state_dict_ema,l1_apgd_topk,0.05,1.0,127.5,10,random_restart_2,True,2,2,320,13.125000894069672,11.805949908681214,0.036893593464628796,2.361189981736243,355.7528465383313,127.5195083618164,127.5699234008789,7524.73779296875,7526.0,81.87500238418579,1.0702017545700073,85.31250357627869,73.4375
2026-03-26T13:02:40,l2/init1/convnext_small_l2_2_init1,/mnt/data/robustness_models/madry/l2/init1/convnext_small_l2_2_init1.pth.tar,state_dict_ema,l1_apgd_topk,0.05,1.0,127.5,10,random_restart_3,True,3,3,320,13.125000894069672,11.79883851017803,0.03687137034430634,2.359767702035606,355.96726597107414,127.52037811279297,127.58106994628906,7524.76904296875,7526.0,83.43750238418579,1.070175051689148,85.31250357627869,73.4375
2026-03-26T13:02:52,l2/init1/convnext_small_l2_2_init1,/mnt/data/robustness_models/madry/l2/init1/convnext_small_l2_2_init1.pth.tar,state_dict_ema,l1_apgd_topk,0.1,1.0,127.5,10,deterministic,False,0,0,320,9.375,11.809456370770931,0.03690455115865916,2.3618912741541864,254.03370873405896,127.57707977294922,127.68054962158203,15046.453125,15052.0,98.1249988079071,0.9798745512962341,85.31250357627869,76.5625
2026-03-26T13:03:04,l2/init1/convnext_small_l2_2_init1,/mnt/data/robustness_models/madry/l2/init1/convnext_small_l2_2_init1.pth.tar,state_dict_ema,l1_apgd_topk,0.1,1.0,127.5,10,random_restart_1,True,1,1,320,9.375,11.798132537864149,0.03686916418082546,2.3596265075728295,254.27752997112026,127.566650390625,127.71269226074219,15046.3974609375,15052.0,95.6250011920929,0.9798638224601746,85.31250357627869,76.5625
2026-03-26T13:03:16,l2/init1/convnext_small_l2_2_init1,/mnt/data/robustness_models/madry/l2/init1/convnext_small_l2_2_init1.pth.tar,state_dict_ema,l1_apgd_topk,0.1,1.0,127.5,10,random_restart_2,True,2,2,320,9.375,11.81780063547194,0.03693062698584981,2.363560127094388,253.85434164418834,127.56581115722656,127.68136596679688,15046.3466796875,15052.0,93.75,0.9798445701599121,85.31250357627869,76.5625
2026-03-26T13:03:28,l2/init1/convnext_small_l2_2_init1,/mnt/data/robustness_models/madry/l2/init1/convnext_small_l2_2_init1.pth.tar,state_dict_ema,l1_apgd_topk,0.1,1.0,127.5,10,random_restart_3,True,3,3,320,9.375,11.814277005381882,0.03691961564181838,2.3628554010763763,253.93005417372376,127.5635986328125,127.67565155029297,15046.3037109375,15052.0,94.37500238418579,0.979841411113739,85.31250357627869,76.5625
2026-03-26T13:03:39,l2/init1/convnext_small_l2_2_init1,/mnt/data/robustness_models/madry/l2/init1/convnext_small_l2_2_init1.pth.tar,state_dict_ema,fw_onehot,,1.0,127.5,10,deterministic,False,0,0,320,0.0,11.640686050057411,0.03637714390642941,2.3281372100114823,0.0,1.5993651151657104,3.926060438156128,5.181250095367432,6.0,nan,0.772432267665863,85.31250357627869,85.31250357627869
2026-03-26T13:03:51,l2/init1/convnext_small_l2_2_init1,/mnt/data/robustness_models/madry/l2/init1/convnext_small_l2_2_init1.pth.tar,state_dict_ema,baseline_l2norm,,2.0,255.0,10,deterministic,False,0,0,320,34.687501192092896,11.778187634423375,0.03680683635757305,2.355637526884675,942.4200671611349,185.7605438232422,249.4247589111328,699.6687622070312,633.0,0.0,1.810461401939392,85.31250357627869,54.06250357627869
2026-03-26T13:04:03,l2/init1/convnext_small_l2_2_init1,/mnt/data/robustness_models/madry/l2/init1/convnext_small_l2_2_init1.pth.tar,state_dict_ema,baseline_l2norm,,2.0,255.0,10,random_restart_1,True,1,1,320,34.687501192092896,11.790813965722919,0.03684629364288412,2.358162793144584,941.4108655889697,186.166748046875,254.09434509277344,1167.2281494140625,624.0,0.0,1.8135772943496704,85.31250357627869,54.374998807907104
2026-03-26T13:04:15,l2/init1/convnext_small_l2_2_init1,/mnt/data/robustness_models/madry/l2/init1/convnext_small_l2_2_init1.pth.tar,state_dict_ema,baseline_l2norm,,2.0,255.0,10,random_restart_2,True,2,2,320,34.687501192092896,11.784146691672504,0.03682545841147657,2.3568293383345007,941.9435001868874,186.29006958007812,254.1247100830078,1170.034423828125,638.0,0.0,1.8118648529052734,85.31250357627869,54.06250357627869
2026-03-26T13:04:27,l2/init1/convnext_small_l2_2_init1,/mnt/data/robustness_models/madry/l2/init1/convnext_small_l2_2_init1.pth.tar,state_dict_ema,baseline_l2norm,,2.0,255.0,10,random_restart_3,True,3,3,320,34.375,11.794877456501126,0.03685899205156602,2.3589754913002254,932.6082479930299,186.19798278808594,254.14015197753906,1170.096923828125,626.0,0.0,1.8174141645431519,85.31250357627869,54.06250357627869
2026-03-26T13:04:38,l2/init1/convnext_small_l2_2_init1,/mnt/data/robustness_models/madry/l2/init1/convnext_small_l2_2_init1.pth.tar,state_dict_ema,l1norm_step,,2.0,255.0,10,deterministic,False,0,0,320,18.437500298023224,11.722631169483066,0.03663322240463458,2.3445262338966133,503.2999853076162,254.98521423339844,255.00161743164062,63687.27734375,65710.0,24.06250089406967,1.2460081577301025,85.31250357627869,68.75
2026-03-26T13:04:50,l2/init1/convnext_small_l2_2_init1,/mnt/data/robustness_models/madry/l2/init1/convnext_small_l2_2_init1.pth.tar,state_dict_ema,l1norm_step,,2.0,255.0,10,random_restart_1,True,1,1,320,18.125000596046448,11.796721050515771,0.03686475328286178,2.359344210103154,491.66206150829333,254.98301696777344,255.00112915039062,66762.0078125,69188.0,24.687500298023224,1.2242406606674194,85.31250357627869,69.0625011920929
2026-03-26T13:05:02,l2/init1/convnext_small_l2_2_init1,/mnt/data/robustness_models/madry/l2/init1/convnext_small_l2_2_init1.pth.tar,state_dict_ema,l1norm_step,,2.0,255.0,10,random_restart_2,True,2,2,320,18.125000596046448,11.794122929684818,0.03685663415526506,2.3588245859369636,491.7703694724725,254.9831085205078,255.00137329101562,66746.6640625,69220.0,27.187499403953552,1.2242664098739624,85.31250357627869,69.0625011920929
2026-03-26T13:05:14,l2/init1/convnext_small_l2_2_init1,/mnt/data/robustness_models/madry/l2/init1/convnext_small_l2_2_init1.pth.tar,state_dict_ema,l1norm_step,,2.0,255.0,10,random_restart_3,True,3,3,320,18.125000596046448,11.797822944819927,0.03686819670256227,2.3595645889639854,491.61614120353204,254.98291015625,255.0016326904297,66749.890625,69218.0,19.687500596046448,1.224222183227539,85.31250357627869,69.0625011920929
2026-03-26T13:05:26,l2/init1/convnext_small_l2_2_init1,/mnt/data/robustness_models/madry/l2/init1/convnext_small_l2_2_init1.pth.tar,state_dict_ema,raw_grad_step,,2.0,255.0,10,deterministic,False,0,0,320,21.875,11.689250151626766,0.036528906723833646,2.3378500303253533,598.8408075111495,168.51669311523438,255.00140380859375,101778.4296875,141521.0,11.250000447034836,1.4134771823883057,85.31250357627869,65.625
2026-03-26T13:05:37,l2/init1/convnext_small_l2_2_init1,/mnt/data/robustness_models/madry/l2/init1/convnext_small_l2_2_init1.pth.tar,state_dict_ema,raw_grad_step,,2.0,255.0,10,random_restart_1,True,1,1,320,21.562500298023224,11.771712592802942,0.03678660185250919,2.354342518560588,586.1509139788202,254.2006378173828,255.0023651123047,99642.9140625,126954.0,26.875001192092896,1.3964751958847046,85.31250357627869,65.9375011920929
2026-03-26T13:05:49,l2/init1/convnext_small_l2_2_init1,/mnt/data/robustness_models/madry/l2/init1/convnext_small_l2_2_init1.pth.tar,state_dict_ema,raw_grad_step,,2.0,255.0,10,random_restart_2,True,2,2,320,21.562500298023224,11.76020320598036,0.036750635018688624,2.352040641196072,586.7245637268077,254.19839477539062,255.00241088867188,99648.25,127337.0,23.125000298023224,1.396889090538025,85.31250357627869,65.9375011920929
2026-03-26T13:06:01,l2/init1/convnext_small_l2_2_init1,/mnt/data/robustness_models/madry/l2/init1/convnext_small_l2_2_init1.pth.tar,state_dict_ema,raw_grad_step,,2.0,255.0,10,random_restart_3,True,3,3,320,21.562500298023224,11.777413381263614,0.03680441681644879,2.3554826762527226,585.8671910374196,254.1992950439453,255.00262451171875,99642.1875,127223.0,24.687500298023224,1.3964691162109375,85.31250357627869,65.9375011920929
2026-03-26T13:06:13,l2/init1/convnext_small_l2_2_init1,/mnt/data/robustness_models/madry/l2/init1/convnext_small_l2_2_init1.pth.tar,state_dict_ema,l1_apgd_topk,0.01,2.0,255.0,10,deterministic,False,0,0,320,50.62500238418579,11.844586345367134,0.037014332329272294,2.368917269073427,1367.7135098327758,249.74636840820312,255.00271606445312,1489.3719482421875,1505.0,0.937500037252903,2.6902623176574707,85.31250357627869,39.375001192092896
2026-03-26T13:06:25,l2/init1/convnext_small_l2_2_init1,/mnt/data/robustness_models/madry/l2/init1/convnext_small_l2_2_init1.pth.tar,state_dict_ema,l1_apgd_topk,0.01,2.0,255.0,10,random_restart_1,True,1,1,320,50.93750357627869,11.811414937488735,0.0369106716796523,2.362282987497747,1380.0210415666572,249.6956787109375,254.99691772460938,1489.046875,1505.0,0.0,2.6832573413848877,85.31250357627869,39.0625
2026-03-26T13:06:36,l2/init1/convnext_small_l2_2_init1,/mnt/data/robustness_models/madry/l2/init1/convnext_small_l2_2_init1.pth.tar,state_dict_ema,l1_apgd_topk,0.01,2.0,255.0,10,random_restart_2,True,2,2,320,51.249998807907104,11.825805838219821,0.03695564324443694,2.365161167643964,1386.7976392380058,249.75027465820312,255.0004119873047,1490.2156982421875,1505.0,0.3125000046566129,2.6931843757629395,85.31250357627869,38.75000178813934
2026-03-26T13:06:48,l2/init1/convnext_small_l2_2_init1,/mnt/data/robustness_models/madry/l2/init1/convnext_small_l2_2_init1.pth.tar,state_dict_ema,l1_apgd_topk,0.01,2.0,255.0,10,random_restart_3,True,3,3,320,50.62500238418579,11.805509500205517,0.03689221718814224,2.3611019000411035,1372.2407120723958,249.7793426513672,255.0010528564453,1489.0531005859375,1505.0,0.3125000046566129,2.6871535778045654,85.31250357627869,39.375001192092896
2026-03-26T13:07:00,l2/init1/convnext_small_l2_2_init1,/mnt/data/robustness_models/madry/l2/init1/convnext_small_l2_2_init1.pth.tar,state_dict_ema,l1_apgd_topk,0.05,2.0,255.0,10,deterministic,False,0,0,320,29.062500596046448,11.801914450712502,0.03688098265847657,2.3603828901425006,788.0077617554164,255.0251922607422,255.12478637695312,7522.27197265625,7526.0,81.5625011920929,1.5672520399093628,85.31250357627869,59.375
2026-03-26T13:07:12,l2/init1/convnext_small_l2_2_init1,/mnt/data/robustness_models/madry/l2/init1/convnext_small_l2_2_init1.pth.tar,state_dict_ema,l1_apgd_topk,0.05,2.0,255.0,10,random_restart_1,True,1,1,320,29.062500596046448,11.810509006492794,0.03690784064528998,2.3621018012985586,787.434325279479,255.02903747558594,255.1611785888672,7522.25,7526.0,80.62500357627869,1.5673516988754272,85.31250357627869,59.375
2026-03-26T13:07:24,l2/init1/convnext_small_l2_2_init1,/mnt/data/robustness_models/madry/l2/init1/convnext_small_l2_2_init1.pth.tar,state_dict_ema,l1_apgd_topk,0.05,2.0,255.0,10,random_restart_2,True,2,2,320,29.062500596046448,11.809663582593203,0.036905198695603755,2.3619327165186403,787.4906957080941,255.02622985839844,255.140625,7522.22802734375,7526.0,81.25,1.567148208618164,85.31250357627869,59.375
2026-03-26T13:07:36,l2/init1/convnext_small_l2_2_init1,/mnt/data/robustness_models/madry/l2/init1/convnext_small_l2_2_init1.pth.tar,state_dict_ema,l1_apgd_topk,0.05,2.0,255.0,10,random_restart_3,True,3,3,320,29.062500596046448,11.817294228821993,0.03692904446506873,2.3634588457643986,786.9821983489645,255.02578735351562,255.1298370361328,7522.27197265625,7526.0,80.31250238418579,1.56709885597229,85.31250357627869,59.375
2026-03-26T13:07:47,l2/init1/convnext_small_l2_2_init1,/mnt/data/robustness_models/madry/l2/init1/convnext_small_l2_2_init1.pth.tar,state_dict_ema,l1_apgd_topk,0.1,2.0,255.0,10,deterministic,False,0,0,320,20.3125,11.803784136660397,0.036886825427063744,2.3607568273320796,550.6708632371705,255.12109375,255.37017822265625,15046.828125,15052.0,95.3125,1.2904788255691528,85.31250357627869,67.1875
2026-03-26T13:07:59,l2/init1/convnext_small_l2_2_init1,/mnt/data/robustness_models/madry/l2/init1/convnext_small_l2_2_init1.pth.tar,state_dict_ema,l1_apgd_topk,0.1,2.0,255.0,10,random_restart_1,True,1,1,320,20.3125,11.812411839142442,0.03691378699732013,2.3624823678284885,550.2686571137946,255.12393188476562,255.4491729736328,15046.869140625,15052.0,93.4374988079071,1.2904382944107056,85.31250357627869,67.1875
2026-03-26T13:08:11,l2/init1/convnext_small_l2_2_init1,/mnt/data/robustness_models/madry/l2/init1/convnext_small_l2_2_init1.pth.tar,state_dict_ema,l1_apgd_topk,0.1,2.0,255.0,10,random_restart_2,True,2,2,320,20.3125,11.809781202115119,0.03690556625660975,2.361956240423024,550.3912298422478,255.1154327392578,255.29251098632812,15046.7880859375,15052.0,90.9375011920929,1.2903894186019897,85.31250357627869,67.1875
2026-03-26T13:08:23,l2/init1/convnext_small_l2_2_init1,/mnt/data/robustness_models/madry/l2/init1/convnext_small_l2_2_init1.pth.tar,state_dict_ema,l1_apgd_topk,0.1,2.0,255.0,10,random_restart_3,True,3,3,320,20.3125,11.8134975284338,0.03691717977635563,2.36269950568676,550.2180860795212,255.11753845214844,255.35635375976562,15046.9033203125,15052.0,92.1875,1.2903460264205933,85.31250357627869,67.1875
2026-03-26T13:08:35,l2/init1/convnext_small_l2_2_init1,/mnt/data/robustness_models/madry/l2/init1/convnext_small_l2_2_init1.pth.tar,state_dict_ema,fw_onehot,,2.0,255.0,10,deterministic,False,0,0,320,0.0,11.660905851982534,0.03644033078744542,2.332181170396507,0.0,1.5993651151657104,3.926060438156128,5.181250095367432,6.0,nan,0.772432267665863,85.31250357627869,85.31250357627869
2026-03-26T13:08:46,l2/init1/convnext_small_l2_2_init1,/mnt/data/robustness_models/madry/l2/init1/convnext_small_l2_2_init1.pth.tar,state_dict_ema,baseline_l2norm,,4.0,510.0,10,deterministic,False,0,0,320,39.375001192092896,11.796982657164335,0.036865570803638545,2.359396531432867,1068.0697554317178,278.90557861328125,478.59967041015625,893.5875244140625,830.0,0.0,1.9819713830947876,85.31250357627869,50.0
2026-03-26T13:08:58,l2/init1/convnext_small_l2_2_init1,/mnt/data/robustness_models/madry/l2/init1/convnext_small_l2_2_init1.pth.tar,state_dict_ema,baseline_l2norm,,4.0,510.0,10,random_restart_1,True,1,1,320,38.75000178813934,11.792747622355819,0.036852336319861935,2.358549524471164,1051.493762886741,278.5343933105469,509.9993896484375,1353.703125,814.0,0.0,1.9762073755264282,85.31250357627869,50.62500238418579
2026-03-26T13:09:10,l2/init1/convnext_small_l2_2_init1,/mnt/data/robustness_models/madry/l2/init1/convnext_small_l2_2_init1.pth.tar,state_dict_ema,baseline_l2norm,,4.0,510.0,10,random_restart_2,True,2,2,320,39.0625,11.79336201492697,0.03685425629664678,2.358672402985394,1059.9182815026481,278.64215087890625,510.0000305175781,1818.8843994140625,815.0,0.3125000046566129,1.9789968729019165,85.31250357627869,50.0
2026-03-26T13:09:22,l2/init1/convnext_small_l2_2_init1,/mnt/data/robustness_models/madry/l2/init1/convnext_small_l2_2_init1.pth.tar,state_dict_ema,baseline_l2norm,,4.0,510.0,10,random_restart_3,True,3,3,320,39.68749940395355,11.797235461883247,0.036866360818385145,2.3594470923766493,1076.523381286973,280.347412109375,510.0,1832.8968505859375,820.0,0.0,1.9737385511398315,85.31250357627869,49.37500059604645
2026-03-26T13:09:34,l2/init1/convnext_small_l2_2_init1,/mnt/data/robustness_models/madry/l2/init1/convnext_small_l2_2_init1.pth.tar,state_dict_ema,l1norm_step,,4.0,510.0,10,deterministic,False,0,0,320,37.18750178813934,11.714777466841042,0.036608679583878256,2.3429554933682084,1015.8110647759061,509.94610595703125,510.0013732910156,65709.703125,67477.0,15.625,1.8908014297485352,85.31250357627869,51.5625
2026-03-26T13:09:45,l2/init1/convnext_small_l2_2_init1,/mnt/data/robustness_models/madry/l2/init1/convnext_small_l2_2_init1.pth.tar,state_dict_ema,l1norm_step,,4.0,510.0,10,random_restart_1,True,1,1,320,36.250001192092896,11.788916741497815,0.03684036481718067,2.357783348299563,983.9750874341923,509.9386901855469,510.001953125,68774.1796875,71099.0,16.875000298023224,1.832863211631775,85.31250357627869,52.50000357627869
2026-03-26T13:09:57,l2/init1/convnext_small_l2_2_init1,/mnt/data/robustness_models/madry/l2/init1/convnext_small_l2_2_init1.pth.tar,state_dict_ema,l1norm_step,,4.0,510.0,10,random_restart_2,True,2,2,320,36.250001192092896,11.790484608151019,0.036845264400471936,2.358096921630204,983.8442410967903,509.9386901855469,510.00213623046875,68762.859375,70974.0,17.1875,1.8331416845321655,85.31250357627869,52.50000357627869
2026-03-26T13:10:09,l2/init1/convnext_small_l2_2_init1,/mnt/data/robustness_models/madry/l2/init1/convnext_small_l2_2_init1.pth.tar,state_dict_ema,l1norm_step,,4.0,510.0,10,random_restart_3,True,3,3,320,36.250001192092896,11.795433597639203,0.03686072999262251,2.3590867195278404,983.4314512856407,509.938720703125,510.0016174316406,68755.671875,71057.0,16.562500596046448,1.8328698873519897,85.31250357627869,52.50000357627869
2026-03-26T13:10:21,l2/init1/convnext_small_l2_2_init1,/mnt/data/robustness_models/madry/l2/init1/convnext_small_l2_2_init1.pth.tar,state_dict_ema,raw_grad_step,,4.0,510.0,10,deterministic,False,0,0,320,34.687501192092896,11.69009208213538,0.03653153775667306,2.338018416427076,949.5220656501567,346.2134704589844,510.00152587890625,96469.5078125,124988.0,7.187499850988388,2.192645788192749,85.31250357627869,54.374998807907104
2026-03-26T13:10:33,l2/init1/convnext_small_l2_2_init1,/mnt/data/robustness_models/madry/l2/init1/convnext_small_l2_2_init1.pth.tar,state_dict_ema,raw_grad_step,,4.0,510.0,10,random_restart_1,True,1,1,320,32.50000178813934,11.760235169902444,0.03675073490594514,2.352047033980489,884.3361056946331,508.2530212402344,510.00262451171875,95919.9375,116350.0,18.75,2.1505701541900635,85.31250357627869,56.562501192092896
2026-03-26T13:10:44,l2/init1/convnext_small_l2_2_init1,/mnt/data/robustness_models/madry/l2/init1/convnext_small_l2_2_init1.pth.tar,state_dict_ema,raw_grad_step,,4.0,510.0,10,random_restart_2,True,2,2,320,32.50000178813934,11.757619146257639,0.03674255983205512,2.3515238292515277,884.5328669720376,508.24932861328125,510.002685546875,95908.7890625,115927.0,20.000000298023224,2.1505236625671387,85.31250357627869,56.562501192092896
2026-03-26T13:10:56,l2/init1/convnext_small_l2_2_init1,/mnt/data/robustness_models/madry/l2/init1/convnext_small_l2_2_init1.pth.tar,state_dict_ema,raw_grad_step,,4.0,510.0,10,random_restart_3,True,3,3,320,32.50000178813934,11.764412839896977,0.03676379012467805,2.352882567979395,884.0220683972244,508.248291015625,510.0026550292969,95905.7421875,115323.0,16.875000298023224,2.1502838134765625,85.31250357627869,56.562501192092896
2026-03-26T13:11:08,l2/init1/convnext_small_l2_2_init1,/mnt/data/robustness_models/madry/l2/init1/convnext_small_l2_2_init1.pth.tar,state_dict_ema,l1_apgd_topk,0.01,4.0,510.0,10,deterministic,False,0,0,320,58.43750238418579,11.821554839611053,0.03694235887378454,2.3643109679222105,1581.8562800453676,450.1180725097656,501.52032470703125,1432.237548828125,1439.0,0.0,3.1316537857055664,85.31250357627869,31.874999403953552
2026-03-26T13:11:20,l2/init1/convnext_small_l2_2_init1,/mnt/data/robustness_models/madry/l2/init1/convnext_small_l2_2_init1.pth.tar,state_dict_ema,l1_apgd_topk,0.01,4.0,510.0,10,random_restart_1,True,1,1,320,58.125001192092896,11.80752668529749,0.036898520891554654,2.361505337059498,1575.2664276956577,450.6015625,501.4713134765625,1435.6063232421875,1444.0,0.0,3.127117156982422,85.31250357627869,31.874999403953552
2026-03-26T13:11:32,l2/init1/convnext_small_l2_2_init1,/mnt/data/robustness_models/madry/l2/init1/convnext_small_l2_2_init1.pth.tar,state_dict_ema,l1_apgd_topk,0.01,4.0,510.0,10,random_restart_2,True,2,2,320,59.062498807907104,11.801809227094054,0.03688065383466892,2.3603618454188107,1601.44934177893,450.0257873535156,501.66552734375,1434.7313232421875,1444.0,0.0,3.1465861797332764,85.31250357627869,30.937501788139343
2026-03-26T13:11:44,l2/init1/convnext_small_l2_2_init1,/mnt/data/robustness_models/madry/l2/init1/convnext_small_l2_2_init1.pth.tar,state_dict_ema,l1_apgd_topk,0.01,4.0,510.0,10,random_restart_3,True,3,3,320,58.125001192092896,11.820872768759727,0.03694022740237415,2.3641745537519454,1573.4879095074873,450.1376037597656,501.50830078125,1435.4813232421875,1442.0,0.0,3.1222941875457764,85.31250357627869,31.874999403953552
2026-03-26T13:11:55,l2/init1/convnext_small_l2_2_init1,/mnt/data/robustness_models/madry/l2/init1/convnext_small_l2_2_init1.pth.tar,state_dict_ema,l1_apgd_topk,0.05,4.0,510.0,10,deterministic,False,0,0,320,61.87500357627869,11.828195210546255,0.03696311003295705,2.365639042109251,1673.9663821878,509.8216247558594,510.2384033203125,7522.4970703125,7526.0,45.3125,3.353884220123291,85.31250357627869,28.749999403953552
2026-03-26T13:12:07,l2/init1/convnext_small_l2_2_init1,/mnt/data/robustness_models/madry/l2/init1/convnext_small_l2_2_init1.pth.tar,state_dict_ema,l1_apgd_topk,0.05,4.0,510.0,10,random_restart_1,True,1,1,320,61.56250238418579,11.82327988743782,0.03694774964824319,2.364655977487564,1666.2043824125835,509.818603515625,510.266357421875,7523.19091796875,7526.0,50.62500238418579,3.3534042835235596,85.31250357627869,28.749999403953552
2026-03-26T13:12:19,l2/init1/convnext_small_l2_2_init1,/mnt/data/robustness_models/madry/l2/init1/convnext_small_l2_2_init1.pth.tar,state_dict_ema,l1_apgd_topk,0.05,4.0,510.0,10,random_restart_2,True,2,2,320,61.56250238418579,11.805056831799448,0.036890802599373274,2.3610113663598895,1668.7764441652905,509.811767578125,510.2731628417969,7523.41552734375,7526.0,45.93749940395355,3.3543336391448975,85.31250357627869,29.062500596046448
2026-03-26T13:12:31,l2/init1/convnext_small_l2_2_init1,/mnt/data/robustness_models/madry/l2/init1/convnext_small_l2_2_init1.pth.tar,state_dict_ema,l1_apgd_topk,0.05,4.0,510.0,10,random_restart_3,True,3,3,320,61.56250238418579,11.819729811511934,0.036936655660974795,2.363945962302387,1666.7048297290567,509.8158874511719,510.2667236328125,7522.47509765625,7526.0,51.875001192092896,3.353466749191284,85.31250357627869,29.062500596046448
2026-03-26T13:12:43,l2/init1/convnext_small_l2_2_init1,/mnt/data/robustness_models/madry/l2/init1/convnext_small_l2_2_init1.pth.tar,state_dict_ema,l1_apgd_topk,0.1,4.0,510.0,10,deterministic,False,0,0,320,46.56250178813934,11.812095900066197,0.03691279968770687,2.3624191800132395,1261.4188623477978,510.28961181640625,510.82586669921875,15047.9130859375,15052.0,96.25000357627869,2.3076488971710205,85.31250357627869,42.81249940395355
2026-03-26T13:12:55,l2/init1/convnext_small_l2_2_init1,/mnt/data/robustness_models/madry/l2/init1/convnext_small_l2_2_init1.pth.tar,state_dict_ema,l1_apgd_topk,0.1,4.0,510.0,10,random_restart_1,True,1,1,320,46.25000059604645,11.818052742630243,0.03693141482071951,2.3636105485260486,1252.3213860222588,510.2811584472656,510.708984375,15047.8974609375,15052.0,96.25000357627869,2.3064346313476562,85.31250357627869,42.81249940395355
2026-03-26T13:13:06,l2/init1/convnext_small_l2_2_init1,/mnt/data/robustness_models/madry/l2/init1/convnext_small_l2_2_init1.pth.tar,state_dict_ema,l1_apgd_topk,0.1,4.0,510.0,10,random_restart_2,True,2,2,320,46.56250178813934,11.810846103355289,0.036908894072985275,2.3621692206710576,1261.5523428056283,510.2818908691406,510.8763732910156,15047.8564453125,15052.0,96.25000357627869,2.3072075843811035,85.31250357627869,42.81249940395355
2026-03-26T13:13:18,l2/init1/convnext_small_l2_2_init1,/mnt/data/robustness_models/madry/l2/init1/convnext_small_l2_2_init1.pth.tar,state_dict_ema,l1_apgd_topk,0.1,4.0,510.0,10,random_restart_3,True,3,3,320,46.875,11.814476179890335,0.036920238062157294,2.362895235978067,1269.6288664521421,510.2819519042969,510.80902099609375,15047.8935546875,15052.0,96.5624988079071,2.3064022064208984,85.31250357627869,42.81249940395355
2026-03-26T13:13:30,l2/init1/convnext_small_l2_2_init1,/mnt/data/robustness_models/madry/l2/init1/convnext_small_l2_2_init1.pth.tar,state_dict_ema,fw_onehot,,4.0,510.0,10,deterministic,False,0,0,320,0.0,11.664117358624935,0.03645036674570292,2.332823471724987,0.0,1.5993651151657104,3.926060438156128,5.181250095367432,6.0,nan,0.772432267665863,85.31250357627869,85.31250357627869
2026-03-26T13:13:42,l2/init1/convnext_small_l2_2_init1,/mnt/data/robustness_models/madry/l2/init1/convnext_small_l2_2_init1.pth.tar,state_dict_ema,baseline_l2norm,,8.0,1020.0,10,deterministic,False,0,0,320,38.75000178813934,11.787244753912091,0.03683513985597529,2.3574489507824183,1051.9846521460522,372.63916015625,770.9189453125,995.8125,934.0,0.0,2.0349183082580566,85.31250357627869,50.93750357627869
2026-03-26T13:13:54,l2/init1/convnext_small_l2_2_init1,/mnt/data/robustness_models/madry/l2/init1/convnext_small_l2_2_init1.pth.tar,state_dict_ema,baseline_l2norm,,8.0,1020.0,10,random_restart_1,True,1,1,320,38.75000178813934,11.784182978793979,0.03682557180873118,2.3568365957587956,1052.2579795747229,381.4967956542969,1019.9773559570312,2852.550048828125,939.0,0.0,2.029221534729004,85.31250357627869,50.62500238418579
2026-03-26T13:14:05,l2/init1/convnext_small_l2_2_init1,/mnt/data/robustness_models/madry/l2/init1/convnext_small_l2_2_init1.pth.tar,state_dict_ema,baseline_l2norm,,8.0,1020.0,10,random_restart_2,True,2,2,320,38.75000178813934,11.795942290686071,0.03686231965839397,2.359188458137214,1051.2089892127972,377.91094970703125,1019.9775390625,1935.8406982421875,919.0,0.0,2.0322160720825195,85.31250357627869,50.62500238418579
2026-03-26T13:14:17,l2/init1/convnext_small_l2_2_init1,/mnt/data/robustness_models/madry/l2/init1/convnext_small_l2_2_init1.pth.tar,state_dict_ema,baseline_l2norm,,8.0,1020.0,10,random_restart_3,True,3,3,320,39.375001192092896,11.79158509336412,0.03684870341676287,2.3583170186728237,1068.5586612575569,383.78955078125,1019.9781494140625,2858.878173828125,945.0,0.0,2.0122897624969482,85.31250357627869,50.312501192092896
2026-03-26T13:14:29,l2/init1/convnext_small_l2_2_init1,/mnt/data/robustness_models/madry/l2/init1/convnext_small_l2_2_init1.pth.tar,state_dict_ema,l1norm_step,,8.0,1020.0,10,deterministic,False,0,0,320,59.687501192092896,11.723178686574101,0.036634933395544064,2.34463573731482,1629.2509815058852,1019.794921875,1020.001953125,71337.0546875,72984.0,11.250000447034836,3.3843636512756348,85.31250357627869,30.000001192092896
2026-03-26T13:14:41,l2/init1/convnext_small_l2_2_init1,/mnt/data/robustness_models/madry/l2/init1/convnext_small_l2_2_init1.pth.tar,state_dict_ema,l1norm_step,,8.0,1020.0,10,random_restart_1,True,1,1,320,58.75000357627869,11.785257617942989,0.03682893005607184,2.3570515235885976,1595.2134228942339,1019.7702026367188,1020.0035400390625,73866.296875,75696.0,9.375,3.246594190597534,85.31250357627869,31.25
2026-03-26T13:14:53,l2/init1/convnext_small_l2_2_init1,/mnt/data/robustness_models/madry/l2/init1/convnext_small_l2_2_init1.pth.tar,state_dict_ema,l1norm_step,,8.0,1020.0,10,random_restart_2,True,2,2,320,58.43750238418579,11.770805957727134,0.0367837686178973,2.354161191545427,1588.6763259964825,1019.7711181640625,1020.00244140625,73860.9296875,75653.0,10.625000298023224,3.2472310066223145,85.31250357627869,31.562501192092896
2026-03-26T13:15:04,l2/init1/convnext_small_l2_2_init1,/mnt/data/robustness_models/madry/l2/init1/convnext_small_l2_2_init1.pth.tar,state_dict_ema,l1norm_step,,8.0,1020.0,10,random_restart_3,True,3,3,320,58.43750238418579,11.787747602909803,0.03683671125909314,2.3575495205819608,1586.393040713169,1019.7709350585938,1020.0020141601562,73853.8515625,75624.0,11.250000447034836,3.2460954189300537,85.31250357627869,31.562501192092896
2026-03-26T13:15:16,l2/init1/convnext_small_l2_2_init1,/mnt/data/robustness_models/madry/l2/init1/convnext_small_l2_2_init1.pth.tar,state_dict_ema,raw_grad_step,,8.0,1020.0,10,deterministic,False,0,0,320,45.93749940395355,11.685018645599484,0.03651568326749839,2.337003729119897,1258.02108281625,716.6851806640625,1020.00048828125,94091.9296875,94619.0,1.875000074505806,3.514843463897705,85.31250357627869,44.062501192092896
2026-03-26T13:15:28,l2/init1/convnext_small_l2_2_init1,/mnt/data/robustness_models/madry/l2/init1/convnext_small_l2_2_init1.pth.tar,state_dict_ema,raw_grad_step,,8.0,1020.0,10,random_restart_1,True,1,1,320,45.3125,11.770837778225541,0.03678386805695481,2.354167555645108,1231.8579419064836,1015.8800659179688,1020.0021362304688,93153.9375,90806.0,9.062500298023224,3.456716537475586,85.31250357627869,44.68750059604645
2026-03-26T13:15:40,l2/init1/convnext_small_l2_2_init1,/mnt/data/robustness_models/madry/l2/init1/convnext_small_l2_2_init1.pth.tar,state_dict_ema,raw_grad_step,,8.0,1020.0,10,random_restart_2,True,2,2,320,45.3125,11.7514055846259,0.03672314245195594,2.35028111692518,1233.8949494663025,1015.8705444335938,1020.0022583007812,93130.6875,90650.0,8.437500149011612,3.4602317810058594,85.31250357627869,44.68750059604645
2026-03-26T13:15:51,l2/init1/convnext_small_l2_2_init1,/mnt/data/robustness_models/madry/l2/init1/convnext_small_l2_2_init1.pth.tar,state_dict_ema,raw_grad_step,,8.0,1020.0,10,random_restart_3,True,3,3,320,45.3125,11.75776381418109,0.03674301191931591,2.351552762836218,1233.2276978137193,1015.865234375,1020.0030517578125,93140.0078125,90655.0,9.062500298023224,3.4590203762054443,85.31250357627869,44.68750059604645
2026-03-26T13:16:03,l2/init1/convnext_small_l2_2_init1,/mnt/data/robustness_models/madry/l2/init1/convnext_small_l2_2_init1.pth.tar,state_dict_ema,l1_apgd_topk,0.01,8.0,1020.0,10,deterministic,False,0,0,320,50.93750357627869,11.800033469684422,0.036875104592763816,2.3600066939368842,1381.3521111008429,688.0177612304688,837.1427001953125,1463.109375,1492.0,0.0,2.630176305770874,85.31250357627869,39.68749940395355
2026-03-26T13:16:15,l2/init1/convnext_small_l2_2_init1,/mnt/data/robustness_models/madry/l2/init1/convnext_small_l2_2_init1.pth.tar,state_dict_ema,l1_apgd_topk,0.01,8.0,1020.0,10,random_restart_1,True,1,1,320,51.875001192092896,11.808437569998205,0.03690136740624439,2.361687513999641,1405.7744966739278,704.4164428710938,1019.9969482421875,3809.471923828125,1490.0,0.0,2.6393418312072754,85.31250357627869,39.0625
2026-03-26T13:16:27,l2/init1/convnext_small_l2_2_init1,/mnt/data/robustness_models/madry/l2/init1/convnext_small_l2_2_init1.pth.tar,state_dict_ema,l1_apgd_topk,0.01,8.0,1020.0,10,random_restart_2,True,2,2,320,52.50000357627869,11.812899434007704,0.036915310731274076,2.362579886801541,1422.1742289656931,701.501953125,1019.9930419921875,3348.38134765625,1492.0,0.0,2.639812707901001,85.31250357627869,38.75000178813934
2026-03-26T13:16:39,l2/init1/convnext_small_l2_2_init1,/mnt/data/robustness_models/madry/l2/init1/convnext_small_l2_2_init1.pth.tar,state_dict_ema,l1_apgd_topk,0.01,8.0,1020.0,10,random_restart_3,True,3,3,320,50.93750357627869,11.798194261267781,0.036869357066461814,2.359638852253556,1381.567448666306,703.2719116210938,1019.990966796875,4265.28759765625,1491.0,0.0,2.622117757797241,85.31250357627869,40.625
2026-03-26T13:16:51,l2/init1/convnext_small_l2_2_init1,/mnt/data/robustness_models/madry/l2/init1/convnext_small_l2_2_init1.pth.tar,state_dict_ema,l1_apgd_topk,0.05,8.0,1020.0,10,deterministic,False,0,0,320,85.6249988079071,11.803509010002017,0.036885965656256306,2.3607018020004036,2321.3435593866325,999.0810546875,1019.9593505859375,7281.49072265625,7382.0,0.0,6.76333475112915,85.31250357627869,5.625000223517418
2026-03-26T13:17:02,l2/init1/convnext_small_l2_2_init1,/mnt/data/robustness_models/madry/l2/init1/convnext_small_l2_2_init1.pth.tar,state_dict_ema,l1_apgd_topk,0.05,8.0,1020.0,10,random_restart_1,True,1,1,320,85.31250357627869,11.817511972039938,0.036929724912624806,2.3635023944079876,2310.1310334189284,998.8912353515625,1020.1513061523438,7274.33740234375,7377.0,0.3125000046566129,6.753051280975342,85.31250357627869,5.937499925494194
2026-03-26T13:17:14,l2/init1/convnext_small_l2_2_init1,/mnt/data/robustness_models/madry/l2/init1/convnext_small_l2_2_init1.pth.tar,state_dict_ema,l1_apgd_topk,0.05,8.0,1020.0,10,random_restart_2,True,2,2,320,84.6875011920929,11.808186031877995,0.03690058134961873,2.361637206375599,2295.0180754528387,998.73291015625,1019.9902954101562,7297.0908203125,7396.0,0.0,6.775677680969238,85.31250357627869,6.25
2026-03-26T13:17:26,l2/init1/convnext_small_l2_2_init1,/mnt/data/robustness_models/madry/l2/init1/convnext_small_l2_2_init1.pth.tar,state_dict_ema,l1_apgd_topk,0.05,8.0,1020.0,10,random_restart_3,True,3,3,320,85.31250357627869,11.814121034927666,0.03691912823414896,2.3628242069855334,2310.7940966322026,998.5755004882812,1020.0018920898438,7282.94677734375,7395.0,0.3125000046566129,6.772680759429932,85.31250357627869,5.937499925494194
2026-03-26T13:17:38,l2/init1/convnext_small_l2_2_init1,/mnt/data/robustness_models/madry/l2/init1/convnext_small_l2_2_init1.pth.tar,state_dict_ema,l1_apgd_topk,0.1,8.0,1020.0,10,deterministic,False,0,0,320,77.18750238418579,11.80578182078898,0.03689306818996556,2.3611563641577957,2092.195259736619,1018.4281616210938,1021.2088623046875,14962.5625,15050.0,54.06250357627869,5.82378625869751,85.31250357627869,13.125000894069672
2026-03-26T13:17:50,l2/init1/convnext_small_l2_2_init1,/mnt/data/robustness_models/madry/l2/init1/convnext_small_l2_2_init1.pth.tar,state_dict_ema,l1_apgd_topk,0.1,8.0,1020.0,10,random_restart_1,True,1,1,320,77.50000357627869,11.814038968645036,0.036918871777015735,2.362807793729007,2099.1975064776275,1018.4830322265625,1021.2901000976562,14956.5068359375,15050.0,52.812498807907104,5.820014953613281,85.31250357627869,13.125000894069672
2026-03-26T13:18:02,l2/init1/convnext_small_l2_2_init1,/mnt/data/robustness_models/madry/l2/init1/convnext_small_l2_2_init1.pth.tar,state_dict_ema,l1_apgd_topk,0.1,8.0,1020.0,10,random_restart_2,True,2,2,320,77.50000357627869,11.817062463611364,0.036928320198785516,2.363412492722273,2098.6604091140725,1018.4558715820312,1021.3489990234375,14965.734375,15050.0,51.875001192092896,5.814516544342041,85.31250357627869,13.125000894069672
2026-03-26T13:18:13,l2/init1/convnext_small_l2_2_init1,/mnt/data/robustness_models/madry/l2/init1/convnext_small_l2_2_init1.pth.tar,state_dict_ema,l1_apgd_topk,0.1,8.0,1020.0,10,random_restart_3,True,3,3,320,77.50000357627869,11.825519039295614,0.03695474699779879,2.3651038078591227,2097.159630964189,1018.4385986328125,1021.279541015625,14962.4755859375,15050.0,53.125,5.828099727630615,85.31250357627869,13.125000894069672
2026-03-26T13:18:25,l2/init1/convnext_small_l2_2_init1,/mnt/data/robustness_models/madry/l2/init1/convnext_small_l2_2_init1.pth.tar,state_dict_ema,fw_onehot,,8.0,1020.0,10,deterministic,False,0,0,320,0.0,11.65372666157782,0.03641789581743069,2.3307453323155642,0.0,1.5993651151657104,3.926060438156128,5.181250095367432,6.0,nan,0.772432267665863,85.31250357627869,85.31250357627869
2026-03-26T13:18:37,l2/init1/convnext_small_l2_2_init1,/mnt/data/robustness_models/madry/l2/init1/convnext_small_l2_2_init1.pth.tar,state_dict_ema,baseline_l2norm,,16.0,2040.0,10,deterministic,False,0,0,320,39.375001192092896,11.800437174737453,0.03687636617105454,2.3600874349474905,1067.7570834785672,449.49444580078125,1017.9407348632812,1060.8875732421875,993.0,0.0,2.016627073287964,85.31250357627869,51.249998807907104
2026-03-26T13:18:49,l2/init1/convnext_small_l2_2_init1,/mnt/data/robustness_models/madry/l2/init1/convnext_small_l2_2_init1.pth.tar,state_dict_ema,baseline_l2norm,,16.0,2040.0,10,random_restart_1,True,1,1,320,39.375001192092896,11.791896043345332,0.03684967513545416,2.3583792086690663,1068.5304835756624,465.97247314453125,2039.9796142578125,2005.90625,1003.0,0.0,2.008636236190796,85.31250357627869,50.62500238418579
2026-03-26T13:19:01,l2/init1/convnext_small_l2_2_init1,/mnt/data/robustness_models/madry/l2/init1/convnext_small_l2_2_init1.pth.tar,state_dict_ema,baseline_l2norm,,16.0,2040.0,10,random_restart_2,True,2,2,320,40.00000059604645,11.78893992677331,0.03684043727116659,2.357787985354662,1085.76345882172,454.7052917480469,2038.631103515625,1521.6063232421875,1001.0,0.0,2.0252809524536133,85.31250357627869,50.312501192092896
2026-03-26T13:19:12,l2/init1/convnext_small_l2_2_init1,/mnt/data/robustness_models/madry/l2/init1/convnext_small_l2_2_init1.pth.tar,state_dict_ema,baseline_l2norm,,16.0,2040.0,10,random_restart_3,True,3,3,320,40.00000059604645,11.782592962495983,0.03682060300779995,2.3565185924991967,1086.3483302425273,462.0964050292969,2038.690673828125,1541.71875,1015.0,0.0,2.038013458251953,85.31250357627869,49.68750178813934
2026-03-26T13:19:24,l2/init1/convnext_small_l2_2_init1,/mnt/data/robustness_models/madry/l2/init1/convnext_small_l2_2_init1.pth.tar,state_dict_ema,l1norm_step,,16.0,2040.0,10,deterministic,False,0,0,320,77.50000357627869,11.71401084959507,0.03660628390498459,2.342802169919014,2117.1229447227693,2038.978759765625,2040.0045166015625,84320.6015625,85129.0,4.6875,6.184154033660889,85.31250357627869,13.125000894069672
2026-03-26T13:19:36,l2/init1/convnext_small_l2_2_init1,/mnt/data/robustness_models/madry/l2/init1/convnext_small_l2_2_init1.pth.tar,state_dict_ema,l1norm_step,,16.0,2040.0,10,random_restart_1,True,1,1,320,76.5625,11.805217198096216,0.036891303744050676,2.3610434396192432,2075.353599080839,2038.9437255859375,2040.00341796875,84684.75,85075.0,3.125,5.95089054107666,85.31250357627869,14.0625
2026-03-26T13:19:48,l2/init1/convnext_small_l2_2_init1,/mnt/data/robustness_models/madry/l2/init1/convnext_small_l2_2_init1.pth.tar,state_dict_ema,l1norm_step,,16.0,2040.0,10,random_restart_2,True,2,2,320,75.62500238418579,11.783719926141202,0.03682412476919126,2.3567439852282406,2053.6809186421483,2038.9263916015625,2040.0029296875,84704.7421875,85145.0,3.750000149011612,5.954394817352295,85.31250357627869,14.687500894069672
2026-03-26T13:20:00,l2/init1/convnext_small_l2_2_init1,/mnt/data/robustness_models/madry/l2/init1/convnext_small_l2_2_init1.pth.tar,state_dict_ema,l1norm_step,,16.0,2040.0,10,random_restart_3,True,3,3,320,76.2499988079071,11.779630340635777,0.0368113448144868,2.355926068127155,2071.3722683095116,2038.9429931640625,2040.002685546875,84692.171875,85102.0,4.374999925494194,5.954853534698486,85.31250357627869,14.0625
2026-03-26T13:20:11,l2/init1/convnext_small_l2_2_init1,/mnt/data/robustness_models/madry/l2/init1/convnext_small_l2_2_init1.pth.tar,state_dict_ema,raw_grad_step,,16.0,2040.0,10,deterministic,False,0,0,320,57.499998807907104,11.689966534264386,0.03653114541957621,2.3379933068528773,1573.9993407678414,1534.0419921875,2040.002685546875,98702.0546875,87467.0,1.2500000186264515,5.694883823394775,85.31250357627869,33.43749940395355
2026-03-26T13:20:23,l2/init1/convnext_small_l2_2_init1,/mnt/data/robustness_models/madry/l2/init1/convnext_small_l2_2_init1.pth.tar,state_dict_ema,raw_grad_step,,16.0,2040.0,10,random_restart_1,True,1,1,320,58.125001192092896,11.755832609720528,0.03673697690537665,2.351166521944106,1582.1933672388266,2029.5672607421875,2040.0029296875,96366.1015625,84818.0,2.812500111758709,5.644791126251221,85.31250357627869,33.125001192092896
2026-03-26T13:20:35,l2/init1/convnext_small_l2_2_init1,/mnt/data/robustness_models/madry/l2/init1/convnext_small_l2_2_init1.pth.tar,state_dict_ema,raw_grad_step,,16.0,2040.0,10,random_restart_2,True,2,2,320,58.125001192092896,11.754178290255368,0.036731807157048026,2.3508356580510736,1582.4160500347173,2029.5662841796875,2040.003173828125,96462.9296875,85941.0,2.812500111758709,5.644011497497559,85.31250357627869,33.125001192092896
2026-03-26T13:20:47,l2/init1/convnext_small_l2_2_init1,/mnt/data/robustness_models/madry/l2/init1/convnext_small_l2_2_init1.pth.tar,state_dict_ema,raw_grad_step,,16.0,2040.0,10,random_restart_3,True,3,3,320,58.125001192092896,11.742461716756225,0.0366951928648632,2.348492343351245,1583.9949773843375,2029.630126953125,2040.0032958984375,96348.2421875,85804.0,4.062500223517418,5.6309428215026855,85.31250357627869,33.125001192092896
2026-03-26T13:20:58,l2/init1/convnext_small_l2_2_init1,/mnt/data/robustness_models/madry/l2/init1/convnext_small_l2_2_init1.pth.tar,state_dict_ema,l1_apgd_topk,0.01,16.0,2040.0,10,deterministic,False,0,0,320,51.249998807907104,11.826725980266929,0.03695851868833415,2.3653451960533856,1386.6897437121586,736.9354858398438,954.09814453125,1462.4813232421875,1505.0,0.0,2.5042383670806885,85.31250357627869,39.68749940395355
2026-03-26T13:21:10,l2/init1/convnext_small_l2_2_init1,/mnt/data/robustness_models/madry/l2/init1/convnext_small_l2_2_init1.pth.tar,state_dict_ema,l1_apgd_topk,0.01,16.0,2040.0,10,random_restart_1,True,1,1,320,51.249998807907104,11.806302937678993,0.03689469668024685,2.3612605875357984,1389.0884983300589,774.0576782226562,2039.9796142578125,3367.621826171875,1505.0,0.0,2.497400999069214,85.31250357627869,40.31250178813934
2026-03-26T13:21:22,l2/init1/convnext_small_l2_2_init1,/mnt/data/robustness_models/madry/l2/init1/convnext_small_l2_2_init1.pth.tar,state_dict_ema,l1_apgd_topk,0.01,16.0,2040.0,10,random_restart_2,True,2,2,320,52.50000357627869,11.800728918984532,0.036877277871826666,2.3601457837969066,1423.6409682610386,777.4197387695312,2039.9998779296875,3824.190673828125,1505.0,0.0,2.5269129276275635,85.31250357627869,39.68749940395355
2026-03-26T13:21:34,l2/init1/convnext_small_l2_2_init1,/mnt/data/robustness_models/madry/l2/init1/convnext_small_l2_2_init1.pth.tar,state_dict_ema,l1_apgd_topk,0.01,16.0,2040.0,10,random_restart_3,True,3,3,320,51.249998807907104,11.81550273206085,0.036923446037690155,2.36310054641217,1388.00692534475,782.9596557617188,2040.0001220703125,4289.97216796875,1505.0,0.3125000046566129,2.5076398849487305,85.31250357627869,40.31250178813934
2026-03-26T13:21:46,l2/init1/convnext_small_l2_2_init1,/mnt/data/robustness_models/madry/l2/init1/convnext_small_l2_2_init1.pth.tar,state_dict_ema,l1_apgd_topk,0.05,16.0,2040.0,10,deterministic,False,0,0,320,91.56250357627869,11.815083727240562,0.03692213664762676,2.3630167454481126,2479.880957327101,1866.9818115234375,1994.4835205078125,7011.484375,7003.0,0.0,7.284785747528076,85.31250357627869,2.187499962747097
2026-03-26T13:21:58,l2/init1/convnext_small_l2_2_init1,/mnt/data/robustness_models/madry/l2/init1/convnext_small_l2_2_init1.pth.tar,state_dict_ema,l1_apgd_topk,0.05,16.0,2040.0,10,random_restart_1,True,1,1,320,92.1875,11.803104045800865,0.036884700143127704,2.360620809160173,2499.3425361267637,1867.9749755859375,1985.6834716796875,7032.9970703125,7023.0,0.0,7.263019561767578,85.31250357627869,2.187499962747097
2026-03-26T13:22:09,l2/init1/convnext_small_l2_2_init1,/mnt/data/robustness_models/madry/l2/init1/convnext_small_l2_2_init1.pth.tar,state_dict_ema,l1_apgd_topk,0.05,16.0,2040.0,10,random_restart_2,True,2,2,320,91.56250357627869,11.819153739139438,0.036934855434810746,2.3638307478278877,2479.026992210234,1867.9664306640625,1982.71875,7011.95947265625,6999.0,0.0,7.312205791473389,85.31250357627869,2.500000037252903
2026-03-26T13:22:21,l2/init1/convnext_small_l2_2_init1,/mnt/data/robustness_models/madry/l2/init1/convnext_small_l2_2_init1.pth.tar,state_dict_ema,l1_apgd_topk,0.05,16.0,2040.0,10,random_restart_3,True,3,3,320,92.1875,11.80723497737199,0.03689760930428747,2.361446995474398,2498.46810506739,1867.162109375,1986.0706787109375,6981.5,6987.0,0.0,7.3309807777404785,85.31250357627869,2.187499962747097
2026-03-26T13:22:33,l2/init1/convnext_small_l2_2_init1,/mnt/data/robustness_models/madry/l2/init1/convnext_small_l2_2_init1.pth.tar,state_dict_ema,l1_apgd_topk,0.1,16.0,2040.0,10,deterministic,False,0,0,320,90.9375011920929,11.810834686271846,0.03690885839459952,2.3621669372543694,2463.839445258995,1983.3359375,2037.7027587890625,14040.541015625,14141.0,0.0,8.984170913696289,85.31250357627869,0.937500037252903
2026-03-26T13:22:45,l2/init1/convnext_small_l2_2_init1,/mnt/data/robustness_models/madry/l2/init1/convnext_small_l2_2_init1.pth.tar,state_dict_ema,l1_apgd_topk,0.1,16.0,2040.0,10,random_restart_1,True,1,1,320,91.8749988079071,11.811745188198984,0.03691170371312182,2.3623490376397966,2489.0479052920623,1985.1649169921875,2039.2825927734375,14048.8623046875,14173.0,0.0,8.976839065551758,85.31250357627869,0.6250000093132257
2026-03-26T13:22:57,l2/init1/convnext_small_l2_2_init1,/mnt/data/robustness_models/madry/l2/init1/convnext_small_l2_2_init1.pth.tar,state_dict_ema,l1_apgd_topk,0.1,16.0,2040.0,10,random_restart_2,True,2,2,320,91.56250357627869,11.81528551876545,0.03692276724614203,2.36305710375309,2479.838603804698,1983.794921875,2039.5950927734375,14037.3037109375,14140.0,0.0,9.07031536102295,85.31250357627869,0.6250000093132257
2026-03-26T13:23:09,l2/init1/convnext_small_l2_2_init1,/mnt/data/robustness_models/madry/l2/init1/convnext_small_l2_2_init1.pth.tar,state_dict_ema,l1_apgd_topk,0.1,16.0,2040.0,10,random_restart_3,True,3,3,320,91.25000238418579,11.81589223537594,0.03692466323554981,2.363178447075188,2471.2480599236283,1983.8353271484375,2038.771728515625,14006.1845703125,14121.0,0.0,9.037447929382324,85.31250357627869,0.937500037252903
2026-03-26T13:23:20,l2/init1/convnext_small_l2_2_init1,/mnt/data/robustness_models/madry/l2/init1/convnext_small_l2_2_init1.pth.tar,state_dict_ema,fw_onehot,,16.0,2040.0,10,deterministic,False,0,0,320,0.0,11.653619946911931,0.03641756233409978,2.330723989382386,0.0,1.5993651151657104,3.926060438156128,5.181250095367432,6.0,nan,0.772432267665863,85.31250357627869,85.31250357627869
2026-03-26T13:23:34,linf/init1/convnext_small_linf_2_init1,/mnt/data/robustness_models/madry/linf/init1/convnext_small_linf_2_init1.pth.tar,state_dict_ema,baseline_l2norm,,1.0,127.5,10,deterministic,False,0,0,320,44.062501192092896,11.776417783461511,0.03680130557331722,2.355283556692302,1197.3080983311745,85.38822174072266,112.20968627929688,342.1781311035156,324.0,0.0,2.418720245361328,86.2500011920929,46.25000059604645
2026-03-26T13:23:46,linf/init1/convnext_small_linf_2_init1,/mnt/data/robustness_models/madry/linf/init1/convnext_small_linf_2_init1.pth.tar,state_dict_ema,baseline_l2norm,,1.0,127.5,10,random_restart_1,True,1,1,320,43.75,11.8052212363109,0.03689131636347156,2.3610442472621798,1185.9159366652382,86.35383605957031,127.49131774902344,1283.081298828125,334.0,0.0,2.4110772609710693,86.2500011920929,46.25000059604645
2026-03-26T13:23:57,linf/init1/convnext_small_linf_2_init1,/mnt/data/robustness_models/madry/linf/init1/convnext_small_linf_2_init1.pth.tar,state_dict_ema,baseline_l2norm,,1.0,127.5,10,random_restart_2,True,2,2,320,43.43750178813934,11.7961046686396,0.03686282708949875,2.35922093372792,1178.3551403335948,85.77439880371094,127.45872497558594,808.9906616210938,326.0,0.0,2.3927719593048096,86.2500011920929,46.875
2026-03-26T13:24:09,linf/init1/convnext_small_linf_2_init1,/mnt/data/robustness_models/madry/linf/init1/convnext_small_linf_2_init1.pth.tar,state_dict_ema,baseline_l2norm,,1.0,127.5,10,random_restart_3,True,3,3,320,44.37499940395355,11.811086979694664,0.03690964681154583,2.362217395938933,1202.2602012564494,85.99523162841797,127.45469665527344,809.71875,322.0,0.0,2.4330177307128906,86.2500011920929,45.93749940395355
2026-03-26T13:24:21,linf/init1/convnext_small_linf_2_init1,/mnt/data/robustness_models/madry/linf/init1/convnext_small_linf_2_init1.pth.tar,state_dict_ema,l1norm_step,,1.0,127.5,10,deterministic,False,0,0,320,32.18750059604645,11.725293565541506,0.036641542392317206,2.345058713108301,878.4428409540791,126.26500701904297,127.50076293945312,29998.171875,30519.0,23.749999701976776,1.7728023529052734,86.2500011920929,57.18750357627869
2026-03-26T13:24:33,linf/init1/convnext_small_linf_2_init1,/mnt/data/robustness_models/madry/linf/init1/convnext_small_linf_2_init1.pth.tar,state_dict_ema,l1norm_step,,1.0,127.5,10,random_restart_1,True,1,1,320,31.562501192092896,11.790268111042678,0.03684458784700837,2.3580536222085358,856.6387368248344,127.4295425415039,127.50102233886719,34848.01953125,34019.0,25.312501192092896,1.7613582611083984,86.2500011920929,57.8125
2026-03-26T13:24:45,linf/init1/convnext_small_linf_2_init1,/mnt/data/robustness_models/madry/linf/init1/convnext_small_linf_2_init1.pth.tar,state_dict_ema,l1norm_step,,1.0,127.5,10,random_restart_2,True,2,2,320,31.874999403953552,11.803863815031946,0.03688707442197483,2.360772763006389,864.1238131090325,127.42620086669922,127.5008544921875,34918.58984375,33887.0,24.06250089406967,1.756416916847229,86.2500011920929,57.499998807907104
2026-03-26T13:24:56,linf/init1/convnext_small_linf_2_init1,/mnt/data/robustness_models/madry/linf/init1/convnext_small_linf_2_init1.pth.tar,state_dict_ema,l1norm_step,,1.0,127.5,10,random_restart_3,True,3,3,320,31.874999403953552,11.793802512809634,0.03685563285253011,2.358760502561927,864.8609978153003,127.44310760498047,127.50071716308594,35035.34375,33813.0,24.06250089406967,1.7562938928604126,86.2500011920929,57.499998807907104
2026-03-26T13:25:08,linf/init1/convnext_small_linf_2_init1,/mnt/data/robustness_models/madry/linf/init1/convnext_small_linf_2_init1.pth.tar,state_dict_ema,raw_grad_step,,1.0,127.5,10,deterministic,False,0,0,320,29.062500596046448,11.708293814212084,0.03658841816941276,2.3416587628424166,794.308747141798,83.34779357910156,127.50288391113281,83835.7421875,128756.0,6.25,2.1130378246307373,86.2500011920929,60.31250357627869
2026-03-26T13:25:20,linf/init1/convnext_small_linf_2_init1,/mnt/data/robustness_models/madry/linf/init1/convnext_small_linf_2_init1.pth.tar,state_dict_ema,raw_grad_step,,1.0,127.5,10,random_restart_1,True,1,1,320,29.6875,11.79597470536828,0.036862420954275874,2.359194941073656,805.3594753536225,126.88445281982422,127.50291442871094,83334.9765625,113174.0,26.250001788139343,2.0996570587158203,86.2500011920929,60.00000238418579
2026-03-26T13:25:32,linf/init1/convnext_small_linf_2_init1,/mnt/data/robustness_models/madry/linf/init1/convnext_small_linf_2_init1.pth.tar,state_dict_ema,raw_grad_step,,1.0,127.5,10,random_restart_2,True,2,2,320,29.375001788139343,11.770765617489815,0.036783642554655674,2.354153123497963,798.58871356995,126.8016586303711,127.50260925292969,83310.0625,113485.0,22.812500596046448,2.099317789077759,86.2500011920929,60.31250357627869
2026-03-26T13:25:44,linf/init1/convnext_small_linf_2_init1,/mnt/data/robustness_models/madry/linf/init1/convnext_small_linf_2_init1.pth.tar,state_dict_ema,raw_grad_step,,1.0,127.5,10,random_restart_3,True,3,3,320,29.375001788139343,11.787930970080197,0.03683728428150061,2.357586194016039,797.4258244354683,126.811279296875,127.50206756591797,83555.8984375,113408.0,24.375000596046448,2.0978047847747803,86.2500011920929,60.31250357627869
2026-03-26T13:25:55,linf/init1/convnext_small_linf_2_init1,/mnt/data/robustness_models/madry/linf/init1/convnext_small_linf_2_init1.pth.tar,state_dict_ema,l1_apgd_topk,0.01,1.0,127.5,10,deterministic,False,0,0,320,65.3124988079071,11.82433557137847,0.03695104866055772,2.364867114275694,1767.5411436326287,126.04701232910156,127.50418090820312,1476.8656005859375,1504.0,2.812500111758709,4.130232334136963,86.2500011920929,25.312501192092896
2026-03-26T13:26:07,linf/init1/convnext_small_linf_2_init1,/mnt/data/robustness_models/madry/linf/init1/convnext_small_linf_2_init1.pth.tar,state_dict_ema,l1_apgd_topk,0.01,1.0,127.5,10,random_restart_1,True,1,1,320,66.25000238418579,11.82088416069746,0.03694026300217956,2.364176832139492,1793.43613174267,126.46272277832031,127.50346374511719,1482.671875,1504.0,1.875000074505806,4.1428093910217285,86.2500011920929,24.375000596046448
2026-03-26T13:26:19,linf/init1/convnext_small_linf_2_init1,/mnt/data/robustness_models/madry/linf/init1/convnext_small_linf_2_init1.pth.tar,state_dict_ema,l1_apgd_topk,0.01,1.0,127.5,10,random_restart_2,True,2,2,320,65.00000357627869,11.824292280711234,0.0369509133772226,2.3648584561422465,1759.0905781600027,126.44398498535156,127.50294494628906,1481.046875,1503.0,2.187499962747097,4.119142055511475,86.2500011920929,25.624999403953552
2026-03-26T13:26:31,linf/init1/convnext_small_linf_2_init1,/mnt/data/robustness_models/madry/linf/init1/convnext_small_linf_2_init1.pth.tar,state_dict_ema,l1_apgd_topk,0.01,1.0,127.5,10,random_restart_3,True,3,3,320,65.9375011920929,11.815739198587835,0.03692418499558699,2.363147839717567,1785.7537329523577,126.4729995727539,127.50218963623047,1483.206298828125,1503.0,1.875000074505806,4.147311687469482,86.2500011920929,24.687500298023224
2026-03-26T13:26:43,linf/init1/convnext_small_linf_2_init1,/mnt/data/robustness_models/madry/linf/init1/convnext_small_linf_2_init1.pth.tar,state_dict_ema,l1_apgd_topk,0.05,1.0,127.5,10,deterministic,False,0,0,320,26.5625,11.839890748262405,0.036999658588320015,2.367978149652481,717.9120298257347,127.29483795166016,127.56390380859375,7455.08447265625,7526.0,57.18750357627869,1.5321470499038696,86.2500011920929,63.12500238418579
2026-03-26T13:26:55,linf/init1/convnext_small_linf_2_init1,/mnt/data/robustness_models/madry/linf/init1/convnext_small_linf_2_init1.pth.tar,state_dict_ema,l1_apgd_topk,0.05,1.0,127.5,10,random_restart_1,True,1,1,320,26.5625,11.810742936097085,0.03690857167530339,2.362148587219417,719.6837697670579,127.26616668701172,127.57198333740234,7449.640625,7526.0,56.25,1.5303443670272827,86.2500011920929,63.43750357627869
2026-03-26T13:27:06,linf/init1/convnext_small_linf_2_init1,/mnt/data/robustness_models/madry/linf/init1/convnext_small_linf_2_init1.pth.tar,state_dict_ema,l1_apgd_topk,0.05,1.0,127.5,10,random_restart_2,True,2,2,320,26.250001788139343,11.82696245983243,0.036959257686976346,2.365392491966486,710.241585760779,127.263916015625,127.55801391601562,7463.8251953125,7526.0,55.000001192092896,1.5326757431030273,86.2500011920929,63.43750357627869
2026-03-26T13:27:18,linf/init1/convnext_small_linf_2_init1,/mnt/data/robustness_models/madry/linf/init1/convnext_small_linf_2_init1.pth.tar,state_dict_ema,l1_apgd_topk,0.05,1.0,127.5,10,random_restart_3,True,3,3,320,26.5625,11.811725987121463,0.03691164370975457,2.3623451974242924,719.6238728588611,127.2555923461914,127.56922912597656,7461.1533203125,7526.0,54.6875,1.5320030450820923,86.2500011920929,63.43750357627869
2026-03-26T13:27:30,linf/init1/convnext_small_linf_2_init1,/mnt/data/robustness_models/madry/linf/init1/convnext_small_linf_2_init1.pth.tar,state_dict_ema,l1_apgd_topk,0.1,1.0,127.5,10,deterministic,False,0,0,320,16.875000298023224,11.826807075180113,0.03695877210993785,2.3653614150360225,456.5898522772,126.99309539794922,127.67556762695312,14869.75,15052.0,72.50000238418579,1.1618330478668213,86.2500011920929,71.5624988079071
2026-03-26T13:27:42,linf/init1/convnext_small_linf_2_init1,/mnt/data/robustness_models/madry/linf/init1/convnext_small_linf_2_init1.pth.tar,state_dict_ema,l1_apgd_topk,0.1,1.0,127.5,10,random_restart_1,True,1,1,320,16.562500596046448,11.81778178177774,0.03693056806805543,2.3635563563555477,448.4767351946812,127.39546966552734,127.67938232421875,15345.7568359375,15052.0,81.87500238418579,1.1577972173690796,86.2500011920929,71.5624988079071
2026-03-26T13:27:54,linf/init1/convnext_small_linf_2_init1,/mnt/data/robustness_models/madry/linf/init1/convnext_small_linf_2_init1.pth.tar,state_dict_ema,l1_apgd_topk,0.1,1.0,127.5,10,random_restart_2,True,2,2,320,16.875000298023224,11.847740061581135,0.03702418769244105,2.369548012316227,455.7831339394508,127.3896713256836,127.67454528808594,15337.1162109375,15052.0,80.31250238418579,1.16032874584198,86.2500011920929,71.5624988079071
2026-03-26T13:28:06,linf/init1/convnext_small_linf_2_init1,/mnt/data/robustness_models/madry/linf/init1/convnext_small_linf_2_init1.pth.tar,state_dict_ema,l1_apgd_topk,0.1,1.0,127.5,10,random_restart_3,True,3,3,320,16.562500596046448,11.826115349307656,0.03695661046658642,2.365223069861531,448.160704862831,127.42748260498047,127.64018249511719,15361.8818359375,15052.0,82.8125,1.1576728820800781,86.2500011920929,71.875
2026-03-26T13:28:17,linf/init1/convnext_small_linf_2_init1,/mnt/data/robustness_models/madry/linf/init1/convnext_small_linf_2_init1.pth.tar,state_dict_ema,fw_onehot,,1.0,127.5,10,deterministic,False,0,0,320,2.812500111758709,11.671178338117898,0.03647243230661843,2.3342356676235796,77.11303946263934,1.2153912782669067,3.2612597942352295,4.318749904632568,4.0,nan,0.7246624231338501,86.2500011920929,84.0624988079071
2026-03-26T13:28:29,linf/init1/convnext_small_linf_2_init1,/mnt/data/robustness_models/madry/linf/init1/convnext_small_linf_2_init1.pth.tar,state_dict_ema,baseline_l2norm,,2.0,255.0,10,deterministic,False,0,0,320,44.37499940395355,11.779801816679537,0.03681188067712356,2.3559603633359076,1205.4532011870297,125.90520477294922,208.0538787841797,400.7218933105469,395.0,0.0,2.3358728885650635,86.2500011920929,45.625001192092896
2026-03-26T13:28:41,linf/init1/convnext_small_linf_2_init1,/mnt/data/robustness_models/madry/linf/init1/convnext_small_linf_2_init1.pth.tar,state_dict_ema,baseline_l2norm,,2.0,255.0,10,random_restart_1,True,1,1,320,42.500001192092896,11.80842225626111,0.03690131955081597,2.361684451252222,1151.7203641882536,130.5206756591797,254.9949951171875,3190.046875,395.0,0.0,2.3377223014831543,86.2500011920929,47.187501192092896
2026-03-26T13:28:53,linf/init1/convnext_small_linf_2_init1,/mnt/data/robustness_models/madry/linf/init1/convnext_small_linf_2_init1.pth.tar,state_dict_ema,baseline_l2norm,,2.0,255.0,10,random_restart_2,True,2,2,320,45.00000178813934,11.788868987001479,0.036840215584379624,2.357773797400296,1221.491271815996,130.2914581298828,254.99835205078125,3188.409423828125,394.0,0.0,2.3341262340545654,86.2500011920929,45.3125
2026-03-26T13:29:05,linf/init1/convnext_small_linf_2_init1,/mnt/data/robustness_models/madry/linf/init1/convnext_small_linf_2_init1.pth.tar,state_dict_ema,baseline_l2norm,,2.0,255.0,10,random_restart_3,True,3,3,320,44.062501192092896,11.793098693713546,0.03685343341785483,2.3586197387427092,1195.6145494640778,129.99435424804688,254.996826171875,3200.65625,387.0,0.0,2.336760997772217,86.2500011920929,46.56250178813934
2026-03-26T13:29:16,linf/init1/convnext_small_linf_2_init1,/mnt/data/robustness_models/madry/linf/init1/convnext_small_linf_2_init1.pth.tar,state_dict_ema,l1norm_step,,2.0,255.0,10,deterministic,False,0,0,320,52.812498807907104,11.716938748955727,0.03661543359048665,2.3433877497911455,1442.356231488919,254.0142822265625,255.00048828125,34163.6953125,33756.0,10.9375,3.089726209640503,86.2500011920929,36.87500059604645
2026-03-26T13:29:28,linf/init1/convnext_small_linf_2_init1,/mnt/data/robustness_models/madry/linf/init1/convnext_small_linf_2_init1.pth.tar,state_dict_ema,l1norm_step,,2.0,255.0,10,random_restart_1,True,1,1,320,52.18750238418579,11.802104568108916,0.03688157677534036,2.360420913621783,1415.001931779642,254.85302734375,255.00091552734375,38116.015625,37318.0,12.5,3.0526280403137207,86.2500011920929,37.5
2026-03-26T13:29:40,linf/init1/convnext_small_linf_2_init1,/mnt/data/robustness_models/madry/linf/init1/convnext_small_linf_2_init1.pth.tar,state_dict_ema,l1norm_step,,2.0,255.0,10,random_restart_2,True,2,2,320,52.18750238418579,11.799489248543978,0.03687340390169993,2.3598978497087955,1415.3155624935364,254.86474609375,255.0009765625,38539.16796875,37807.0,11.562500149011612,3.0447986125946045,86.2500011920929,37.5
2026-03-26T13:29:52,linf/init1/convnext_small_linf_2_init1,/mnt/data/robustness_models/madry/linf/init1/convnext_small_linf_2_init1.pth.tar,state_dict_ema,l1norm_step,,2.0,255.0,10,random_restart_3,True,3,3,320,51.875001192092896,11.800686469301581,0.036877145216567445,2.3601372938603165,1406.6978581841934,254.89501953125,255.00086975097656,38662.125,37755.0,14.374999701976776,3.047903060913086,86.2500011920929,37.812501192092896
2026-03-26T13:30:04,linf/init1/convnext_small_linf_2_init1,/mnt/data/robustness_models/madry/linf/init1/convnext_small_linf_2_init1.pth.tar,state_dict_ema,raw_grad_step,,2.0,255.0,10,deterministic,False,0,0,320,41.87500178813934,11.703590334393084,0.036573719794978386,2.3407180668786167,1144.9478484244535,176.26539611816406,255.00048828125,76229.0546875,28861.0,4.062500223517418,3.3517704010009766,86.2500011920929,48.750001192092896
2026-03-26T13:30:15,linf/init1/convnext_small_linf_2_init1,/mnt/data/robustness_models/madry/linf/init1/convnext_small_linf_2_init1.pth.tar,state_dict_ema,raw_grad_step,,2.0,255.0,10,random_restart_1,True,1,1,320,40.937501192092896,11.776229666545987,0.03680071770795621,2.3552459333091975,1112.4104023450152,253.5296630859375,255.00265502929688,76249.2734375,76348.0,14.0625,3.3213202953338623,86.2500011920929,49.68750178813934
2026-03-26T13:30:27,linf/init1/convnext_small_linf_2_init1,/mnt/data/robustness_models/madry/linf/init1/convnext_small_linf_2_init1.pth.tar,state_dict_ema,raw_grad_step,,2.0,255.0,10,random_restart_2,True,2,2,320,40.625,11.803117454051971,0.036884742043912414,2.3606234908103945,1101.4039342239319,253.5015106201172,255.00267028808594,76666.4296875,80265.0,16.25000089406967,3.3070428371429443,86.2500011920929,50.0
2026-03-26T13:30:39,linf/init1/convnext_small_linf_2_init1,/mnt/data/robustness_models/madry/linf/init1/convnext_small_linf_2_init1.pth.tar,state_dict_ema,raw_grad_step,,2.0,255.0,10,random_restart_3,True,3,3,320,40.937501192092896,11.800212011672556,0.03687566253647674,2.3600424023345115,1110.1495776949976,253.6083526611328,255.0023193359375,76157.578125,76559.0,18.125000596046448,3.3307182788848877,86.2500011920929,49.68750178813934
2026-03-26T13:30:51,linf/init1/convnext_small_linf_2_init1,/mnt/data/robustness_models/madry/linf/init1/convnext_small_linf_2_init1.pth.tar,state_dict_ema,l1_apgd_topk,0.01,2.0,255.0,10,deterministic,False,0,0,320,80.62500357627869,11.82288930285722,0.03694652907142881,2.364577860571444,2182.207790626453,246.58262634277344,254.73031616210938,1401.125,1419.0,0.0,5.785926342010498,86.2500011920929,10.000000149011612
2026-03-26T13:31:03,linf/init1/convnext_small_linf_2_init1,/mnt/data/robustness_models/madry/linf/init1/convnext_small_linf_2_init1.pth.tar,state_dict_ema,l1_apgd_topk,0.01,2.0,255.0,10,random_restart_1,True,1,1,320,80.0000011920929,11.812548577785492,0.03691421430557966,2.362509715557098,2167.186887139048,246.7817840576172,254.03900146484375,1398.2313232421875,1417.0,0.0,5.791325569152832,86.2500011920929,10.625000298023224
2026-03-26T13:31:15,linf/init1/convnext_small_linf_2_init1,/mnt/data/robustness_models/madry/linf/init1/convnext_small_linf_2_init1.pth.tar,state_dict_ema,l1_apgd_topk,0.01,2.0,255.0,10,random_restart_2,True,2,2,320,79.6875,11.810929696075618,0.03690915530023631,2.3621859392151237,2159.0171693658294,245.98118591308594,253.9651336669922,1399.0594482421875,1412.0,0.0,5.771958351135254,86.2500011920929,10.9375
2026-03-26T13:31:26,linf/init1/convnext_small_linf_2_init1,/mnt/data/robustness_models/madry/linf/init1/convnext_small_linf_2_init1.pth.tar,state_dict_ema,l1_apgd_topk,0.01,2.0,255.0,10,random_restart_3,True,3,3,320,80.31250238418579,11.827346527017653,0.036960457896930164,2.3654693054035305,2172.9303951847505,246.49998474121094,254.85609436035156,1402.643798828125,1423.0,0.0,5.82426118850708,86.2500011920929,10.312499850988388
2026-03-26T13:31:38,linf/init1/convnext_small_linf_2_init1,/mnt/data/robustness_models/madry/linf/init1/convnext_small_linf_2_init1.pth.tar,state_dict_ema,l1_apgd_topk,0.05,2.0,255.0,10,deterministic,False,0,0,320,61.56250238418579,11.819723245687783,0.03693663514277432,2.3639446491375566,1666.7057555790614,254.533447265625,255.11843872070312,7448.7783203125,7526.0,53.437501192092896,3.469558000564575,86.2500011920929,29.062500596046448
2026-03-26T13:31:50,linf/init1/convnext_small_linf_2_init1,/mnt/data/robustness_models/madry/linf/init1/convnext_small_linf_2_init1.pth.tar,state_dict_ema,l1_apgd_topk,0.05,2.0,255.0,10,random_restart_1,True,1,1,320,60.9375,11.811166646890342,0.03690989577153232,2.3622333293780686,1650.9800075620794,254.61392211914062,255.11911010742188,7456.15966796875,7526.0,55.31250238418579,3.468801975250244,86.2500011920929,29.6875
2026-03-26T13:32:02,linf/init1/convnext_small_linf_2_init1,/mnt/data/robustness_models/madry/linf/init1/convnext_small_linf_2_init1.pth.tar,state_dict_ema,l1_apgd_topk,0.05,2.0,255.0,10,random_restart_2,True,2,2,320,61.56250238418579,11.819895699620247,0.03693717406131327,2.3639791399240493,1666.6814381088304,254.59268188476562,255.1171875,7459.1845703125,7526.0,53.75000238418579,3.4722962379455566,86.2500011920929,29.062500596046448
2026-03-26T13:32:14,linf/init1/convnext_small_linf_2_init1,/mnt/data/robustness_models/madry/linf/init1/convnext_small_linf_2_init1.pth.tar,state_dict_ema,l1_apgd_topk,0.05,2.0,255.0,10,random_restart_3,True,3,3,320,61.56250238418579,11.816234400495887,0.036925732501549645,2.3632468800991773,1667.197864838625,254.6171417236328,255.12066650390625,7451.20654296875,7526.0,54.06250357627869,3.472541093826294,86.2500011920929,29.062500596046448
2026-03-26T13:32:26,linf/init1/convnext_small_linf_2_init1,/mnt/data/robustness_models/madry/linf/init1/convnext_small_linf_2_init1.pth.tar,state_dict_ema,l1_apgd_topk,0.1,2.0,255.0,10,deterministic,False,0,0,320,38.43750059604645,11.829375034198165,0.03696679698186926,2.365875006839633,1039.784448052086,254.94285583496094,255.39596557617188,14939.7158203125,15052.0,82.8125,2.0263288021087646,86.2500011920929,51.5625
2026-03-26T13:32:38,linf/init1/convnext_small_linf_2_init1,/mnt/data/robustness_models/madry/linf/init1/convnext_small_linf_2_init1.pth.tar,state_dict_ema,l1_apgd_topk,0.1,2.0,255.0,10,random_restart_1,True,1,1,320,38.12499940395355,11.817786114290357,0.03693058160715736,2.3635572228580712,1032.3422417090962,254.8810577392578,255.36331176757812,14934.1845703125,15052.0,80.0000011920929,2.017484426498413,86.2500011920929,51.875001192092896
2026-03-26T13:32:49,linf/init1/convnext_small_linf_2_init1,/mnt/data/robustness_models/madry/linf/init1/convnext_small_linf_2_init1.pth.tar,state_dict_ema,l1_apgd_topk,0.1,2.0,255.0,10,random_restart_2,True,2,2,320,38.12499940395355,11.832044539041817,0.03697513918450568,2.3664089078083634,1031.0981985411895,254.8643035888672,255.3653106689453,14943.3779296875,15052.0,81.5625011920929,2.016613006591797,86.2500011920929,51.875001192092896
2026-03-26T13:33:01,linf/init1/convnext_small_linf_2_init1,/mnt/data/robustness_models/madry/linf/init1/convnext_small_linf_2_init1.pth.tar,state_dict_ema,l1_apgd_topk,0.1,2.0,255.0,10,random_restart_3,True,3,3,320,38.43750059604645,11.81918440386653,0.036934951262082905,2.363836880773306,1040.6809615992656,254.89903259277344,255.3228302001953,14947.4658203125,15052.0,84.375,2.0129716396331787,86.2500011920929,51.5625
2026-03-26T13:33:13,linf/init1/convnext_small_linf_2_init1,/mnt/data/robustness_models/madry/linf/init1/convnext_small_linf_2_init1.pth.tar,state_dict_ema,fw_onehot,,2.0,255.0,10,deterministic,False,0,0,320,2.812500111758709,11.67174026928842,0.03647418834152631,2.334348053857684,77.10932688683418,1.2153912782669067,3.2612597942352295,4.318749904632568,4.0,nan,0.7246624231338501,86.2500011920929,84.0624988079071
2026-03-26T13:33:25,linf/init1/convnext_small_linf_2_init1,/mnt/data/robustness_models/madry/linf/init1/convnext_small_linf_2_init1.pth.tar,state_dict_ema,baseline_l2norm,,4.0,510.0,10,deterministic,False,0,0,320,42.81249940395355,11.78817586041987,0.03683804956381209,2.357635172083974,1162.1814919867654,165.37831115722656,303.2643737792969,436.5500183105469,427.0,0.0,2.2757084369659424,86.2500011920929,47.49999940395355
2026-03-26T13:33:37,linf/init1/convnext_small_linf_2_init1,/mnt/data/robustness_models/madry/linf/init1/convnext_small_linf_2_init1.pth.tar,state_dict_ema,baseline_l2norm,,4.0,510.0,10,random_restart_1,True,1,1,320,42.1875,11.791049086488783,0.03684702839527745,2.3582098172977566,1144.9362903144456,173.9951629638672,509.95391845703125,2773.203125,434.0,0.0,2.2190263271331787,86.2500011920929,47.81250059604645
2026-03-26T13:33:48,linf/init1/convnext_small_linf_2_init1,/mnt/data/robustness_models/madry/linf/init1/convnext_small_linf_2_init1.pth.tar,state_dict_ema,baseline_l2norm,,4.0,510.0,10,random_restart_2,True,2,2,320,41.56250059604645,11.79097109567374,0.036846784673980434,2.358194219134748,1127.9817483069573,172.75889587402344,509.9685363769531,2305.45947265625,431.0,0.0,2.262455463409424,86.2500011920929,48.4375
2026-03-26T13:34:00,linf/init1/convnext_small_linf_2_init1,/mnt/data/robustness_models/madry/linf/init1/convnext_small_linf_2_init1.pth.tar,state_dict_ema,baseline_l2norm,,4.0,510.0,10,random_restart_3,True,3,3,320,42.1875,11.789310590364039,0.03684159559488762,2.357862118072808,1145.1051269303387,176.8748321533203,509.9666748046875,3686.0625,435.0,0.0,2.267089605331421,86.2500011920929,48.12500178813934
2026-03-26T13:34:12,linf/init1/convnext_small_linf_2_init1,/mnt/data/robustness_models/madry/linf/init1/convnext_small_linf_2_init1.pth.tar,state_dict_ema,l1norm_step,,4.0,510.0,10,deterministic,False,0,0,320,73.1249988079071,11.72827860340476,0.036650870635639876,2.345655720680952,1995.1776735366068,509.11773681640625,510.0010986328125,43471.29296875,41703.0,3.125,5.315063953399658,86.2500011920929,17.499999701976776
2026-03-26T13:34:24,linf/init1/convnext_small_linf_2_init1,/mnt/data/robustness_models/madry/linf/init1/convnext_small_linf_2_init1.pth.tar,state_dict_ema,l1norm_step,,4.0,510.0,10,random_restart_1,True,1,1,320,73.7500011920929,11.79682296141982,0.03686507175443694,2.3593645922839643,2000.5386584719347,509.6651306152344,510.0010070800781,49001.6328125,47963.0,5.937499925494194,5.262330055236816,86.2500011920929,16.875000298023224
2026-03-26T13:34:36,linf/init1/convnext_small_linf_2_init1,/mnt/data/robustness_models/madry/linf/init1/convnext_small_linf_2_init1.pth.tar,state_dict_ema,l1norm_step,,4.0,510.0,10,random_restart_2,True,2,2,320,72.1875011920929,11.794229394756258,0.0368569668586133,2.3588458789512514,1958.5849662836,509.6629943847656,510.000732421875,48839.08984375,48118.0,5.937499925494194,5.245065212249756,86.2500011920929,18.125000596046448
2026-03-26T13:34:47,linf/init1/convnext_small_linf_2_init1,/mnt/data/robustness_models/madry/linf/init1/convnext_small_linf_2_init1.pth.tar,state_dict_ema,l1norm_step,,4.0,510.0,10,random_restart_3,True,3,3,320,73.1249988079071,11.798921385779977,0.03687162933056243,2.3597842771559954,1983.232098379084,509.689208984375,510.00067138671875,49154.5546875,48313.0,3.750000149011612,5.272895812988281,86.2500011920929,17.1875
2026-03-26T13:34:59,linf/init1/convnext_small_linf_2_init1,/mnt/data/robustness_models/madry/linf/init1/convnext_small_linf_2_init1.pth.tar,state_dict_ema,raw_grad_step,,4.0,510.0,10,deterministic,False,0,0,320,53.125,11.706302346661687,0.036582194833317774,2.3412604693323376,1452.2092029211879,377.15093994140625,510.0010986328125,72332.1484375,31114.0,1.2500000186264515,5.095236301422119,86.2500011920929,37.18750178813934
2026-03-26T13:35:11,linf/init1/convnext_small_linf_2_init1,/mnt/data/robustness_models/madry/linf/init1/convnext_small_linf_2_init1.pth.tar,state_dict_ema,raw_grad_step,,4.0,510.0,10,random_restart_1,True,1,1,320,53.125,11.791405839845538,0.03684814324951731,2.358281167969108,1441.7280035051945,506.96783447265625,510.0021057128906,71026.703125,33100.0,9.375,5.0619940757751465,86.2500011920929,37.5
2026-03-26T13:35:23,linf/init1/convnext_small_linf_2_init1,/mnt/data/robustness_models/madry/linf/init1/convnext_small_linf_2_init1.pth.tar,state_dict_ema,raw_grad_step,,4.0,510.0,10,random_restart_2,True,2,2,320,52.812498807907104,11.782593195326626,0.03682060373539571,2.3565186390653254,1434.31919768166,507.7644958496094,510.00213623046875,71463.4921875,34731.0,8.749999850988388,5.0466227531433105,86.2500011920929,37.812501192092896
2026-03-26T13:35:35,linf/init1/convnext_small_linf_2_init1,/mnt/data/robustness_models/madry/linf/init1/convnext_small_linf_2_init1.pth.tar,state_dict_ema,raw_grad_step,,4.0,510.0,10,random_restart_3,True,3,3,320,52.812498807907104,11.788215333595872,0.0368381729174871,2.3576430667191746,1433.6351296846478,507.4271545410156,510.00189208984375,70929.8046875,33438.0,10.000000149011612,5.0719170570373535,86.2500011920929,37.812501192092896
2026-03-26T13:35:46,linf/init1/convnext_small_linf_2_init1,/mnt/data/robustness_models/madry/linf/init1/convnext_small_linf_2_init1.pth.tar,state_dict_ema,l1_apgd_topk,0.01,4.0,510.0,10,deterministic,False,0,0,320,76.8750011920929,11.807955053634942,0.036899859542609194,2.3615910107269884,2083.341295739172,452.07891845703125,488.20953369140625,1393.050048828125,1388.0,0.0,5.202342987060547,86.2500011920929,14.687500894069672
2026-03-26T13:35:58,linf/init1/convnext_small_linf_2_init1,/mnt/data/robustness_models/madry/linf/init1/convnext_small_linf_2_init1.pth.tar,state_dict_ema,l1_apgd_topk,0.01,4.0,510.0,10,random_restart_1,True,1,1,320,77.50000357627869,11.808947421610355,0.03690296069253236,2.3617894843220713,2100.10259669928,454.17681884765625,484.0384826660156,1398.596923828125,1388.0,0.0,5.182110786437988,86.2500011920929,14.0625
2026-03-26T13:36:10,linf/init1/convnext_small_linf_2_init1,/mnt/data/robustness_models/madry/linf/init1/convnext_small_linf_2_init1.pth.tar,state_dict_ema,l1_apgd_topk,0.01,4.0,510.0,10,random_restart_2,True,2,2,320,78.125,11.806302791461349,0.03689469622331672,2.36126055829227,2117.5130302503085,454.1893005371094,484.385986328125,1398.9468994140625,1389.0,0.0,5.159091472625732,86.2500011920929,13.437500596046448
2026-03-26T13:36:22,linf/init1/convnext_small_linf_2_init1,/mnt/data/robustness_models/madry/linf/init1/convnext_small_linf_2_init1.pth.tar,state_dict_ema,l1_apgd_topk,0.01,4.0,510.0,10,random_restart_3,True,3,3,320,78.125,11.813815399073064,0.036918173122103326,2.362763079814613,2116.1664674362146,453.6086120605469,483.4731750488281,1396.734375,1382.0,0.0,5.141567230224609,86.2500011920929,13.437500596046448
2026-03-26T13:36:34,linf/init1/convnext_small_linf_2_init1,/mnt/data/robustness_models/madry/linf/init1/convnext_small_linf_2_init1.pth.tar,state_dict_ema,l1_apgd_topk,0.05,4.0,510.0,10,deterministic,False,0,0,320,87.8125011920929,11.839801001362503,0.03699937812925782,2.3679602002725004,2373.3507326884996,506.5899353027344,510.12274169921875,7098.59716796875,7184.0,1.875000074505806,7.907168865203857,86.2500011920929,2.812500111758709
2026-03-26T13:36:46,linf/init1/convnext_small_linf_2_init1,/mnt/data/robustness_models/madry/linf/init1/convnext_small_linf_2_init1.pth.tar,state_dict_ema,l1_apgd_topk,0.05,4.0,510.0,10,random_restart_1,True,1,1,320,87.8125011920929,11.819218612276018,0.03693505816336255,2.3638437224552034,2377.4837663366084,506.5185546875,510.1036376953125,7090.828125,7168.0,2.187499962747097,7.941571235656738,86.2500011920929,2.812500111758709
2026-03-26T13:36:57,linf/init1/convnext_small_linf_2_init1,/mnt/data/robustness_models/madry/linf/init1/convnext_small_linf_2_init1.pth.tar,state_dict_ema,l1_apgd_topk,0.05,4.0,510.0,10,random_restart_2,True,2,2,320,87.5,11.802716159261763,0.03688348799769301,2.3605432318523527,2372.3352847071556,506.63037109375,510.208740234375,7089.44384765625,7145.0,2.812500111758709,7.913665771484375,86.2500011920929,2.812500111758709
2026-03-26T13:37:09,linf/init1/convnext_small_linf_2_init1,/mnt/data/robustness_models/madry/linf/init1/convnext_small_linf_2_init1.pth.tar,state_dict_ema,l1_apgd_topk,0.05,4.0,510.0,10,random_restart_3,True,3,3,320,87.8125011920929,11.80960557051003,0.03690501740784384,2.361921114102006,2379.4190427188123,506.5072326660156,510.1390686035156,7086.96875,7175.0,3.125,7.924172878265381,86.2500011920929,2.812500111758709
2026-03-26T13:37:21,linf/init1/convnext_small_linf_2_init1,/mnt/data/robustness_models/madry/linf/init1/convnext_small_linf_2_init1.pth.tar,state_dict_ema,l1_apgd_topk,0.1,4.0,510.0,10,deterministic,False,0,0,320,71.875,11.811021045781672,0.03690944076806772,2.3622042091563342,1947.3337580932086,509.6374206542969,510.79156494140625,14817.587890625,15048.0,70.3125,5.241498947143555,86.2500011920929,18.75
2026-03-26T13:37:33,linf/init1/convnext_small_linf_2_init1,/mnt/data/robustness_models/madry/linf/init1/convnext_small_linf_2_init1.pth.tar,state_dict_ema,l1_apgd_topk,0.1,4.0,510.0,10,random_restart_1,True,1,1,320,71.5624988079071,11.814182946458459,0.03691932170768268,2.3628365892916916,1938.3481466566434,509.4311218261719,510.8585510253906,14813.4404296875,15048.0,68.75,5.248917579650879,86.2500011920929,19.062499701976776
2026-03-26T13:37:45,linf/init1/convnext_small_linf_2_init1,/mnt/data/robustness_models/madry/linf/init1/convnext_small_linf_2_init1.pth.tar,state_dict_ema,l1_apgd_topk,0.1,4.0,510.0,10,random_restart_2,True,2,2,320,72.1875011920929,11.808242333121598,0.03690075729100499,2.3616484666243194,1956.2606973838306,509.5538635253906,510.6684875488281,14825.5224609375,15047.0,69.37500238418579,5.273098945617676,86.2500011920929,18.437500298023224
2026-03-26T13:37:57,linf/init1/convnext_small_linf_2_init1,/mnt/data/robustness_models/madry/linf/init1/convnext_small_linf_2_init1.pth.tar,state_dict_ema,l1_apgd_topk,0.1,4.0,510.0,10,random_restart_3,True,3,3,320,72.50000238418579,11.831042162142694,0.036972006756695916,2.3662084324285386,1960.9431227601808,509.49169921875,510.76336669921875,14810.09375,15047.0,70.6250011920929,5.266529083251953,86.2500011920929,18.125000596046448
2026-03-26T13:38:08,linf/init1/convnext_small_linf_2_init1,/mnt/data/robustness_models/madry/linf/init1/convnext_small_linf_2_init1.pth.tar,state_dict_ema,fw_onehot,,4.0,510.0,10,deterministic,False,0,0,320,2.812500111758709,11.680726939812303,0.036502271686913446,2.3361453879624605,77.05000214457962,1.2153912782669067,3.2612597942352295,4.318749904632568,4.0,nan,0.7246624231338501,86.2500011920929,84.0624988079071
2026-03-26T13:38:20,linf/init1/convnext_small_linf_2_init1,/mnt/data/robustness_models/madry/linf/init1/convnext_small_linf_2_init1.pth.tar,state_dict_ema,baseline_l2norm,,8.0,1020.0,10,deterministic,False,0,0,320,41.24999940395355,11.797215790487826,0.03686629934527445,2.359443158097565,1118.9080579426534,198.44473266601562,387.3880615234375,462.5812683105469,463.0,0.0,2.1896591186523438,86.2500011920929,48.4375
2026-03-26T13:38:32,linf/init1/convnext_small_linf_2_init1,/mnt/data/robustness_models/madry/linf/init1/convnext_small_linf_2_init1.pth.tar,state_dict_ema,baseline_l2norm,,8.0,1020.0,10,random_restart_1,True,1,1,320,39.68749940395355,11.79078109562397,0.036846190923824906,2.358156219124794,1077.112678648458,226.31895446777344,1019.9744262695312,5098.42529296875,473.0,0.0,2.1620934009552,86.2500011920929,50.93750357627869
2026-03-26T13:38:44,linf/init1/convnext_small_linf_2_init1,/mnt/data/robustness_models/madry/linf/init1/convnext_small_linf_2_init1.pth.tar,state_dict_ema,baseline_l2norm,,8.0,1020.0,10,random_restart_2,True,2,2,320,42.500001192092896,11.802559901028872,0.03688299969071522,2.360511980205774,1152.292426008714,217.50559997558594,1020.0,3269.17822265625,472.0,0.0,2.2352066040039062,86.2500011920929,48.4375
2026-03-26T13:38:56,linf/init1/convnext_small_linf_2_init1,/mnt/data/robustness_models/madry/linf/init1/convnext_small_linf_2_init1.pth.tar,state_dict_ema,baseline_l2norm,,8.0,1020.0,10,random_restart_3,True,3,3,320,42.500001192092896,11.792831938713789,0.03685259980848059,2.3585663877427576,1153.2429574293621,215.68199157714844,1019.4202270507812,2338.58447265625,461.0,0.0,2.260549306869507,86.2500011920929,47.81250059604645
2026-03-26T13:39:07,linf/init1/convnext_small_linf_2_init1,/mnt/data/robustness_models/madry/linf/init1/convnext_small_linf_2_init1.pth.tar,state_dict_ema,l1norm_step,,8.0,1020.0,10,deterministic,False,0,0,320,83.43750238418579,11.7117216354236,0.03659913011069875,2.34234432708472,2279.7673641919464,1017.0225830078125,1020.0,63910.33203125,60465.0,0.0,8.210799217224121,86.2500011920929,6.875000149011612
2026-03-26T13:39:19,linf/init1/convnext_small_linf_2_init1,/mnt/data/robustness_models/madry/linf/init1/convnext_small_linf_2_init1.pth.tar,state_dict_ema,l1norm_step,,8.0,1020.0,10,random_restart_1,True,1,1,320,83.1250011920929,11.795313905924559,0.036860355956014244,2.3590627811849116,2255.1328937595345,1018.697265625,1020.0001220703125,72254.015625,70280.0,0.3125000046566129,8.068633079528809,86.2500011920929,7.187499850988388
2026-03-26T13:39:31,linf/init1/convnext_small_linf_2_init1,/mnt/data/robustness_models/madry/linf/init1/convnext_small_linf_2_init1.pth.tar,state_dict_ema,l1norm_step,,8.0,1020.0,10,random_restart_2,True,2,2,320,83.1250011920929,11.806741940788925,0.03689606856496539,2.361348388157785,2252.9500953666407,1018.66796875,1019.9922485351562,72057.6640625,70082.0,0.0,8.094562530517578,86.2500011920929,7.187499850988388
2026-03-26T13:39:43,linf/init1/convnext_small_linf_2_init1,/mnt/data/robustness_models/madry/linf/init1/convnext_small_linf_2_init1.pth.tar,state_dict_ema,l1norm_step,,8.0,1020.0,10,random_restart_3,True,3,3,320,82.18750357627869,11.797198247164488,0.03686624452238903,2.3594396494328977,2229.3429841047646,1018.8087768554688,1020.001708984375,72561.96875,70121.0,0.937500037252903,8.071734428405762,86.2500011920929,8.125000447034836
2026-03-26T13:39:55,linf/init1/convnext_small_linf_2_init1,/mnt/data/robustness_models/madry/linf/init1/convnext_small_linf_2_init1.pth.tar,state_dict_ema,raw_grad_step,,8.0,1020.0,10,deterministic,False,0,0,320,64.68750238418579,11.724837376736104,0.036640116802300324,2.3449674753472207,1765.482974118811,808.2316284179688,1019.9090576171875,75354.3203125,48048.0,0.0,7.136889934539795,86.2500011920929,26.5625
2026-03-26T13:40:06,linf/init1/convnext_small_linf_2_init1,/mnt/data/robustness_models/madry/linf/init1/convnext_small_linf_2_init1.pth.tar,state_dict_ema,raw_grad_step,,8.0,1020.0,10,random_restart_1,True,1,1,320,65.3124988079071,11.780369579792023,0.03681365493685007,2.3560739159584045,1774.1378550959905,1013.37646484375,1020.0020141601562,75739.4921875,59865.0,6.25,7.10198974609375,86.2500011920929,25.937500596046448
2026-03-26T13:40:18,linf/init1/convnext_small_linf_2_init1,/mnt/data/robustness_models/madry/linf/init1/convnext_small_linf_2_init1.pth.tar,state_dict_ema,raw_grad_step,,8.0,1020.0,10,random_restart_2,True,2,2,320,64.68750238418579,11.773482494987547,0.03679213279683609,2.3546964989975097,1758.1884350490425,1012.5510864257812,1020.002197265625,74714.7109375,57011.0,5.937499925494194,7.071707248687744,86.2500011920929,26.250001788139343
2026-03-26T13:40:30,linf/init1/convnext_small_linf_2_init1,/mnt/data/robustness_models/madry/linf/init1/convnext_small_linf_2_init1.pth.tar,state_dict_ema,raw_grad_step,,8.0,1020.0,10,random_restart_3,True,3,3,320,64.68750238418579,11.771730952896178,0.036786659227800556,2.3543461905792356,1758.450039825848,1012.40771484375,1020.0029907226562,75347.6171875,57775.0,4.6875,7.055415630340576,86.2500011920929,26.250001788139343
2026-03-26T13:40:42,linf/init1/convnext_small_linf_2_init1,/mnt/data/robustness_models/madry/linf/init1/convnext_small_linf_2_init1.pth.tar,state_dict_ema,l1_apgd_topk,0.01,8.0,1020.0,10,deterministic,False,0,0,320,65.3124988079071,11.81615411117673,0.03692548159742728,2.3632308222353458,1768.7649824033072,689.3135375976562,782.869140625,1472.8250732421875,1490.0,0.0,3.7610840797424316,86.2500011920929,27.812501788139343
2026-03-26T13:40:54,linf/init1/convnext_small_linf_2_init1,/mnt/data/robustness_models/madry/linf/init1/convnext_small_linf_2_init1.pth.tar,state_dict_ema,l1_apgd_topk,0.01,8.0,1020.0,10,random_restart_1,True,1,1,320,65.625,11.81637516990304,0.036926172405947,2.363275033980608,1777.194757110299,695.2171020507812,1019.3951416015625,2396.33447265625,1492.0,0.0,3.8341915607452393,86.2500011920929,27.187499403953552
2026-03-26T13:41:05,linf/init1/convnext_small_linf_2_init1,/mnt/data/robustness_models/madry/linf/init1/convnext_small_linf_2_init1.pth.tar,state_dict_ema,l1_apgd_topk,0.01,8.0,1020.0,10,random_restart_2,True,2,2,320,66.56250357627869,11.825489528477192,0.03695465477649122,2.365097905695438,1801.1940303288277,693.80859375,787.01513671875,1483.7938232421875,1491.0,0.0,3.792595624923706,86.2500011920929,26.250001788139343
2026-03-26T13:41:17,linf/init1/convnext_small_linf_2_init1,/mnt/data/robustness_models/madry/linf/init1/convnext_small_linf_2_init1.pth.tar,state_dict_ema,l1_apgd_topk,0.01,8.0,1020.0,10,random_restart_3,True,3,3,320,64.68750238418579,11.827131447382271,0.036959785773069596,2.365426289476454,1750.213131141029,696.875,1019.4202270507812,2864.19384765625,1492.0,0.0,3.7612578868865967,86.2500011920929,27.500000596046448
2026-03-26T13:41:29,linf/init1/convnext_small_linf_2_init1,/mnt/data/robustness_models/madry/linf/init1/convnext_small_linf_2_init1.pth.tar,state_dict_ema,l1_apgd_topk,0.05,8.0,1020.0,10,deterministic,False,0,0,320,93.4374988079071,11.838640700094402,0.03699575218779501,2.3677281400188805,2525.6277621713652,989.3857421875,1013.5376586914062,6634.69384765625,6608.0,0.0,9.201933860778809,86.2500011920929,0.3125000046566129
2026-03-26T13:41:41,linf/init1/convnext_small_linf_2_init1,/mnt/data/robustness_models/madry/linf/init1/convnext_small_linf_2_init1.pth.tar,state_dict_ema,l1_apgd_topk,0.05,8.0,1020.0,10,random_restart_1,True,1,1,320,92.5000011920929,11.81524127162993,0.03692262897384353,2.363048254325986,2505.2387590716007,988.8793334960938,1013.778076171875,6657.86279296875,6654.0,0.0,9.284274101257324,86.2500011920929,0.0
2026-03-26T13:41:53,linf/init1/convnext_small_linf_2_init1,/mnt/data/robustness_models/madry/linf/init1/convnext_small_linf_2_init1.pth.tar,state_dict_ema,l1_apgd_topk,0.05,8.0,1020.0,10,random_restart_2,True,2,2,320,93.12500357627869,11.81560047250241,0.03692375147657003,2.363120094500482,2522.0894370760557,988.9047241210938,1014.6038818359375,6666.35302734375,6656.0,0.0,9.208839416503906,86.2500011920929,0.0
2026-03-26T13:42:05,linf/init1/convnext_small_linf_2_init1,/mnt/data/robustness_models/madry/linf/init1/convnext_small_linf_2_init1.pth.tar,state_dict_ema,l1_apgd_topk,0.05,8.0,1020.0,10,random_restart_3,True,3,3,320,93.75,11.812790231779218,0.036914969474310055,2.3625580463558435,2539.6201415049986,990.2556762695312,1015.796875,6656.7783203125,6610.0,0.0,9.334673881530762,86.2500011920929,0.0
2026-03-26T13:42:17,linf/init1/convnext_small_linf_2_init1,/mnt/data/robustness_models/madry/linf/init1/convnext_small_linf_2_init1.pth.tar,state_dict_ema,l1_apgd_topk,0.1,8.0,1020.0,10,deterministic,False,0,0,320,92.1875,11.812678618356586,0.03691462068236433,2.362535723671317,2497.3167351017064,1007.4039306640625,1021.1096801757812,13390.5751953125,13386.0,0.937500037252903,9.503825187683105,86.2500011920929,0.3125000046566129
2026-03-26T13:42:28,linf/init1/convnext_small_linf_2_init1,/mnt/data/robustness_models/madry/linf/init1/convnext_small_linf_2_init1.pth.tar,state_dict_ema,l1_apgd_topk,0.1,8.0,1020.0,10,random_restart_1,True,1,1,320,91.8749988079071,11.81082733348012,0.03690883541712538,2.362165466696024,2489.24133664965,1007.5816650390625,1020.7819213867188,13433.8095703125,13336.0,0.937500037252903,9.53018856048584,86.2500011920929,0.3125000046566129
2026-03-26T13:42:40,linf/init1/convnext_small_linf_2_init1,/mnt/data/robustness_models/madry/linf/init1/convnext_small_linf_2_init1.pth.tar,state_dict_ema,l1_apgd_topk,0.1,8.0,1020.0,10,random_restart_2,True,2,2,320,92.1875,11.826138064265251,0.03695668145082891,2.36522761285305,2494.474513969985,1007.2431640625,1021.2308959960938,13394.5654296875,13290.0,0.937500037252903,9.587133407592773,86.2500011920929,0.0
2026-03-26T13:42:52,linf/init1/convnext_small_linf_2_init1,/mnt/data/robustness_models/madry/linf/init1/convnext_small_linf_2_init1.pth.tar,state_dict_ema,l1_apgd_topk,0.1,8.0,1020.0,10,random_restart_3,True,3,3,320,91.8749988079071,11.813788282684982,0.03691808838339057,2.3627576565369965,2488.6174455674586,1007.6769409179688,1020.64306640625,13471.650390625,13480.0,1.2500000186264515,9.565757751464844,86.2500011920929,0.3125000046566129
2026-03-26T13:43:04,linf/init1/convnext_small_linf_2_init1,/mnt/data/robustness_models/madry/linf/init1/convnext_small_linf_2_init1.pth.tar,state_dict_ema,fw_onehot,,8.0,1020.0,10,deterministic,False,0,0,320,2.812500111758709,11.65628707408905,0.036425897106528285,2.3312574148178102,77.21155373424283,1.2153912782669067,3.2612597942352295,4.318749904632568,4.0,nan,0.7246624231338501,86.2500011920929,84.0624988079071
2026-03-26T13:43:16,linf/init1/convnext_small_linf_2_init1,/mnt/data/robustness_models/madry/linf/init1/convnext_small_linf_2_init1.pth.tar,state_dict_ema,baseline_l2norm,,16.0,2040.0,10,deterministic,False,0,0,320,40.937501192092896,11.801801493391395,0.03688062966684811,2.360360298678279,1110.0000613300672,221.00259399414062,461.01800537109375,476.9906311035156,470.0,0.0,2.1328060626983643,86.2500011920929,49.68750178813934
2026-03-26T13:43:27,linf/init1/convnext_small_linf_2_init1,/mnt/data/robustness_models/madry/linf/init1/convnext_small_linf_2_init1.pth.tar,state_dict_ema,baseline_l2norm,,16.0,2040.0,10,random_restart_1,True,1,1,320,40.937501192092896,11.802276412025094,0.03688211378757842,2.360455282405019,1109.9553953949433,257.7223815917969,2039.7496337890625,3265.253173828125,474.0,0.0,2.18611478805542,86.2500011920929,49.68750178813934
2026-03-26T13:43:39,linf/init1/convnext_small_linf_2_init1,/mnt/data/robustness_models/madry/linf/init1/convnext_small_linf_2_init1.pth.tar,state_dict_ema,baseline_l2norm,,16.0,2040.0,10,random_restart_2,True,2,2,320,41.24999940395355,11.790335693396628,0.03684479904186446,2.3580671386793255,1119.5609821913736,263.8787536621094,2039.714599609375,3723.30322265625,486.0,0.0,2.1845357418060303,86.2500011920929,49.06249940395355
2026-03-26T13:43:51,linf/init1/convnext_small_linf_2_init1,/mnt/data/robustness_models/madry/linf/init1/convnext_small_linf_2_init1.pth.tar,state_dict_ema,baseline_l2norm,,16.0,2040.0,10,random_restart_3,True,3,3,320,40.00000059604645,11.79005679488182,0.03684392748400569,2.358011358976364,1085.6606048150225,262.78271484375,2039.60986328125,3708.55322265625,477.0,0.0,2.2192935943603516,86.2500011920929,50.62500238418579
2026-03-26T13:44:03,linf/init1/convnext_small_linf_2_init1,/mnt/data/robustness_models/madry/linf/init1/convnext_small_linf_2_init1.pth.tar,state_dict_ema,l1norm_step,,16.0,2040.0,10,deterministic,False,0,0,320,91.25000238418579,11.690660981461406,0.03653331556706689,2.338132196292281,2497.7202580113885,2004.662109375,2039.848388671875,109356.875,106872.0,0.0,11.039128303527832,86.2500011920929,0.0
2026-03-26T13:44:15,linf/init1/convnext_small_linf_2_init1,/mnt/data/robustness_models/madry/linf/init1/convnext_small_linf_2_init1.pth.tar,state_dict_ema,l1norm_step,,16.0,2040.0,10,random_restart_1,True,1,1,320,90.00000357627869,11.818146692588925,0.03693170841434039,2.363629338517785,2436.930416718338,2035.1165771484375,2039.833984375,103574.0234375,104055.0,0.0,10.914429664611816,86.2500011920929,0.3125000046566129
2026-03-26T13:44:26,linf/init1/convnext_small_linf_2_init1,/mnt/data/robustness_models/madry/linf/init1/convnext_small_linf_2_init1.pth.tar,state_dict_ema,l1norm_step,,16.0,2040.0,10,random_restart_2,True,2,2,320,90.3124988079071,11.804524482227862,0.03688913900696207,2.3609048964455726,2448.2137897244625,2035.6875,2039.837158203125,103961.734375,104948.0,0.0,10.920317649841309,86.2500011920929,0.3125000046566129
2026-03-26T13:44:38,linf/init1/convnext_small_linf_2_init1,/mnt/data/robustness_models/madry/linf/init1/convnext_small_linf_2_init1.pth.tar,state_dict_ema,l1norm_step,,16.0,2040.0,10,random_restart_3,True,3,3,320,90.3124988079071,11.798140220344067,0.03686918818857521,2.3596280440688133,2449.5385780122106,2035.7711181640625,2039.973876953125,103467.625,103708.0,0.0,10.90068531036377,86.2500011920929,0.3125000046566129
2026-03-26T13:44:50,linf/init1/convnext_small_linf_2_init1,/mnt/data/robustness_models/madry/linf/init1/convnext_small_linf_2_init1.pth.tar,state_dict_ema,raw_grad_step,,16.0,2040.0,10,deterministic,False,0,0,320,73.7500011920929,11.720363278873265,0.03662613524647895,2.344072655774653,2013.5894954732587,1705.6220703125,2039.707763671875,88432.9296875,72202.0,0.0,9.190666198730469,86.2500011920929,17.81250089406967
2026-03-26T13:45:02,linf/init1/convnext_small_linf_2_init1,/mnt/data/robustness_models/madry/linf/init1/convnext_small_linf_2_init1.pth.tar,state_dict_ema,raw_grad_step,,16.0,2040.0,10,random_restart_1,True,1,1,320,74.37500357627869,11.786228837445378,0.03683196511701681,2.3572457674890757,2019.3058757518356,2016.827392578125,2040.00146484375,84386.9296875,79313.0,1.2500000186264515,9.2014741897583,86.2500011920929,17.499999701976776
2026-03-26T13:45:14,linf/init1/convnext_small_linf_2_init1,/mnt/data/robustness_models/madry/linf/init1/convnext_small_linf_2_init1.pth.tar,state_dict_ema,raw_grad_step,,16.0,2040.0,10,random_restart_2,True,2,2,320,75.0,11.77238608058542,0.036788706501829437,2.354477216117084,2038.6691224457807,2020.0531005859375,2040.001953125,84502.15625,79079.0,1.2500000186264515,9.211018562316895,86.2500011920929,17.1875
2026-03-26T13:45:25,linf/init1/convnext_small_linf_2_init1,/mnt/data/robustness_models/madry/linf/init1/convnext_small_linf_2_init1.pth.tar,state_dict_ema,raw_grad_step,,16.0,2040.0,10,random_restart_3,True,3,3,320,74.6874988079071,11.768811301328242,0.036777535316650754,2.3537622602656483,2030.7913013978643,2025.6533203125,2040.0025634765625,84105.453125,81266.0,3.125,9.292305946350098,86.2500011920929,17.499999701976776
2026-03-26T13:45:37,linf/init1/convnext_small_linf_2_init1,/mnt/data/robustness_models/madry/linf/init1/convnext_small_linf_2_init1.pth.tar,state_dict_ema,l1_apgd_topk,0.01,16.0,2040.0,10,deterministic,False,0,0,320,64.0625,11.823908376507461,0.03694971367658582,2.3647816753014923,1733.7752752491538,742.1143798828125,846.8980712890625,1472.971923828125,1505.0,0.0,3.5453522205352783,86.2500011920929,27.812501788139343
2026-03-26T13:45:49,linf/init1/convnext_small_linf_2_init1,/mnt/data/robustness_models/madry/linf/init1/convnext_small_linf_2_init1.pth.tar,state_dict_ema,l1_apgd_topk,0.01,16.0,2040.0,10,random_restart_1,True,1,1,320,65.00000357627869,11.819296291097999,0.036935300909681244,2.3638592582195996,1759.8341417394897,764.3651123046875,2038.9608154296875,2880.85009765625,1505.0,0.0,3.655721664428711,86.2500011920929,27.500000596046448
2026-03-26T13:46:01,linf/init1/convnext_small_linf_2_init1,/mnt/data/robustness_models/madry/linf/init1/convnext_small_linf_2_init1.pth.tar,state_dict_ema,l1_apgd_topk,0.01,16.0,2040.0,10,random_restart_2,True,2,2,320,62.812501192092896,11.808706817217171,0.03690220880380366,2.3617413634434343,1702.1339163204386,763.10302734375,2039.7869873046875,2879.52197265625,1505.0,0.0,3.6401164531707764,86.2500011920929,28.749999403953552
2026-03-26T13:46:13,linf/init1/convnext_small_linf_2_init1,/mnt/data/robustness_models/madry/linf/init1/convnext_small_linf_2_init1.pth.tar,state_dict_ema,l1_apgd_topk,0.01,16.0,2040.0,10,random_restart_3,True,3,3,320,64.0625,11.809233259409666,0.036903853935655206,2.361846651881933,1735.929805913985,754.1891479492188,863.11767578125,1498.7469482421875,1505.0,0.0,3.6409523487091064,86.2500011920929,29.062500596046448
2026-03-26T13:46:25,linf/init1/convnext_small_linf_2_init1,/mnt/data/robustness_models/madry/linf/init1/convnext_small_linf_2_init1.pth.tar,state_dict_ema,l1_apgd_topk,0.05,16.0,2040.0,10,deterministic,False,0,0,320,95.3125,11.80937681067735,0.03690430253336672,2.36187536213547,2582.693438355162,1849.7994384765625,1956.3447265625,6748.0283203125,6626.0,0.0,9.079907417297363,86.2500011920929,0.0
2026-03-26T13:46:36,linf/init1/convnext_small_linf_2_init1,/mnt/data/robustness_models/madry/linf/init1/convnext_small_linf_2_init1.pth.tar,state_dict_ema,l1_apgd_topk,0.05,16.0,2040.0,10,random_restart_1,True,1,1,320,95.3125,11.841512675397098,0.037004727110615934,2.36830253507942,2575.6844447221097,1849.5384521484375,1966.47119140625,6731.9658203125,6616.0,0.0,9.164276123046875,86.2500011920929,0.0
2026-03-26T13:46:48,linf/init1/convnext_small_linf_2_init1,/mnt/data/robustness_models/madry/linf/init1/convnext_small_linf_2_init1.pth.tar,state_dict_ema,l1_apgd_topk,0.05,16.0,2040.0,10,random_restart_2,True,2,2,320,95.3125,11.838337872177362,0.03699480585055426,2.3676675744354725,2576.3751912911316,1846.07421875,1963.660400390625,6767.875,6650.0,0.0,9.092448234558105,86.2500011920929,0.0
2026-03-26T13:47:00,linf/init1/convnext_small_linf_2_init1,/mnt/data/robustness_models/madry/linf/init1/convnext_small_linf_2_init1.pth.tar,state_dict_ema,l1_apgd_topk,0.05,16.0,2040.0,10,random_restart_3,True,3,3,320,95.6250011920929,11.821012942120433,0.03694066544412635,2.3642025884240865,2588.610682629094,1849.0902099609375,1954.8148193359375,6794.30029296875,6667.0,0.0,9.146049499511719,86.2500011920929,0.0
2026-03-26T13:47:12,linf/init1/convnext_small_linf_2_init1,/mnt/data/robustness_models/madry/linf/init1/convnext_small_linf_2_init1.pth.tar,state_dict_ema,l1_apgd_topk,0.1,16.0,2040.0,10,deterministic,False,0,0,320,97.1875011920929,11.838113937526941,0.03699410605477169,2.3676227875053883,2627.1077086766677,1961.5819091796875,2021.84765625,13015.759765625,12836.0,0.0,10.479864120483398,86.2500011920929,0.0
2026-03-26T13:47:24,linf/init1/convnext_small_linf_2_init1,/mnt/data/robustness_models/madry/linf/init1/convnext_small_linf_2_init1.pth.tar,state_dict_ema,l1_apgd_topk,0.1,16.0,2040.0,10,random_restart_1,True,1,1,320,95.93750238418579,11.833391328342259,0.03697934790106956,2.366678265668452,2594.3535467647057,1960.6929931640625,2022.9033203125,12946.3193359375,12715.0,0.0,10.527359008789062,86.2500011920929,0.0
2026-03-26T13:47:36,linf/init1/convnext_small_linf_2_init1,/mnt/data/robustness_models/madry/linf/init1/convnext_small_linf_2_init1.pth.tar,state_dict_ema,l1_apgd_topk,0.1,16.0,2040.0,10,random_restart_2,True,2,2,320,95.3125,11.818348743021488,0.03693233982194215,2.3636697486042975,2580.732779442617,1961.720703125,2022.2738037109375,12905.6904296875,12685.0,0.0,10.510859489440918,86.2500011920929,0.0
2026-03-26T13:47:48,linf/init1/convnext_small_linf_2_init1,/mnt/data/robustness_models/madry/linf/init1/convnext_small_linf_2_init1.pth.tar,state_dict_ema,l1_apgd_topk,0.1,16.0,2040.0,10,random_restart_3,True,3,3,320,95.93750238418579,11.82712270040065,0.03695975843875203,2.36542454008013,2595.728609621973,1960.85546875,2026.427978515625,13025.900390625,12807.0,0.0,10.586326599121094,86.2500011920929,0.0
2026-03-26T13:47:59,linf/init1/convnext_small_linf_2_init1,/mnt/data/robustness_models/madry/linf/init1/convnext_small_linf_2_init1.pth.tar,state_dict_ema,fw_onehot,,16.0,2040.0,10,deterministic,False,0,0,320,2.812500111758709,11.672526437789202,0.036476645118091254,2.3345052875578403,77.10413341614573,1.2153912782669067,3.2612597942352295,4.318749904632568,4.0,nan,0.7246624231338501,86.2500011920929,84.0624988079071
