timestamp,model_name,checkpoint_path,category,train_norm,init,attack_norm,epsilon_input,epsilon_eval,attack_steps,attack_step,clean_top1,clean_top5,adv_top1,adv_top5,clean_loss,adv_loss,state_dict_used,_source_csv,_model_dir_name,model_dir,_parsed_train_norm,_parsed_init,train_eps,pgd_constrained_eps,model_id,model_label
2026-03-09T19:24:20,model_best,results/models/convnext_small_l1_16_init1/model_best.pth.tar,madry,l1,1,linf,0.5,0.0019607843137254,10,0.000392156862745,70.448,88.908,66.8559999975586,87.16200002441406,1.2309280372238158,1.3927460300445558,state_dict_ema,/groups/golan_neurogroup/bml_group/tomerash/advmodels/results/models/convnext_small_l1_16_init1/pgd_eval/pgd_validation_results.csv,convnext_small_l1_16_init1,convnext_small_l1_16_init1,l1,1,16.0,0.00196078431372549,convnext_small_l1_16_init1,eps=16 init 1
2026-03-09T20:14:22,model_best,results/models/convnext_small_l1_16_init1/model_best.pth.tar,madry,l1,1,linf,1.0,0.0039215686274509,10,0.0007843137254901,70.448,88.908,63.03400000244141,85.33400003173828,1.2309280372238158,1.5733237380218503,state_dict_ema,/groups/golan_neurogroup/bml_group/tomerash/advmodels/results/models/convnext_small_l1_16_init1/pgd_eval/pgd_validation_results.csv,convnext_small_l1_16_init1,convnext_small_l1_16_init1,l1,1,16.0,0.00392156862745098,convnext_small_l1_16_init1,eps=16 init 1
2026-03-09T21:04:24,model_best,results/models/convnext_small_l1_16_init1/model_best.pth.tar,madry,l1,1,linf,2.0,0.0078431372549019,10,0.0015686274509803,70.448,88.908,54.72600000732422,81.17399999023438,1.2309280372238158,1.9989006982421875,state_dict_ema,/groups/golan_neurogroup/bml_group/tomerash/advmodels/results/models/convnext_small_l1_16_init1/pgd_eval/pgd_validation_results.csv,convnext_small_l1_16_init1,convnext_small_l1_16_init1,l1,1,16.0,0.00784313725490196,convnext_small_l1_16_init1,eps=16 init 1
2026-03-09T21:54:31,model_best,results/models/convnext_small_l1_16_init1/model_best.pth.tar,madry,l1,1,linf,4.0,0.0156862745098039,10,0.0031372549019607,70.448,88.908,37.346000009765625,70.452,1.2309280372238158,3.137416036682129,state_dict_ema,/groups/golan_neurogroup/bml_group/tomerash/advmodels/results/models/convnext_small_l1_16_init1/pgd_eval/pgd_validation_results.csv,convnext_small_l1_16_init1,convnext_small_l1_16_init1,l1,1,16.0,0.01568627450980392,convnext_small_l1_16_init1,eps=16 init 1
2026-03-09T22:44:37,model_best,results/models/convnext_small_l1_16_init1/model_best.pth.tar,madry,l1,1,linf,8.0,0.0313725490196078,10,0.0062745098039215,70.448,88.908,13.243999999084473,46.59999999755859,1.2309280372238158,6.40076972579956,state_dict_ema,/groups/golan_neurogroup/bml_group/tomerash/advmodels/results/models/convnext_small_l1_16_init1/pgd_eval/pgd_validation_results.csv,convnext_small_l1_16_init1,convnext_small_l1_16_init1,l1,1,16.0,0.03137254901960784,convnext_small_l1_16_init1,eps=16 init 1
2026-03-09T23:34:45,model_best,results/models/convnext_small_l1_16_init1/model_best.pth.tar,madry,l1,1,linf,16.0,0.0627450980392156,10,0.0125490196078431,70.448,88.908,1.3920000006103517,13.594000000610352,1.2309280372238158,13.801387013244629,state_dict_ema,/groups/golan_neurogroup/bml_group/tomerash/advmodels/results/models/convnext_small_l1_16_init1/pgd_eval/pgd_validation_results.csv,convnext_small_l1_16_init1,convnext_small_l1_16_init1,l1,1,16.0,0.06274509803921569,convnext_small_l1_16_init1,eps=16 init 1
2026-03-10T00:24:51,model_best,results/models/convnext_small_l1_16_init1/model_best.pth.tar,madry,l1,1,l2,0.5,0.5,10,0.1,70.448,88.908,66.91600002197265,87.16400002441407,1.2309280372238158,1.3910172139739991,state_dict_ema,/groups/golan_neurogroup/bml_group/tomerash/advmodels/results/models/convnext_small_l1_16_init1/pgd_eval/pgd_validation_results.csv,convnext_small_l1_16_init1,convnext_small_l1_16_init1,l1,1,16.0,0.5,convnext_small_l1_16_init1,eps=16 init 1
2026-03-10T01:15:00,model_best,results/models/convnext_small_l1_16_init1/model_best.pth.tar,madry,l1,1,l2,1.0,1.0,10,0.2,70.448,88.908,63.048,85.32200003173828,1.2309280372238158,1.5697080029678343,state_dict_ema,/groups/golan_neurogroup/bml_group/tomerash/advmodels/results/models/convnext_small_l1_16_init1/pgd_eval/pgd_validation_results.csv,convnext_small_l1_16_init1,convnext_small_l1_16_init1,l1,1,16.0,1.0,convnext_small_l1_16_init1,eps=16 init 1
2026-03-10T02:05:06,model_best,results/models/convnext_small_l1_16_init1/model_best.pth.tar,madry,l1,1,l2,2.0,2.0,10,0.4,70.448,88.908,54.93800000366211,81.20000001220703,1.2309280372238158,1.9910180265045163,state_dict_ema,/groups/golan_neurogroup/bml_group/tomerash/advmodels/results/models/convnext_small_l1_16_init1/pgd_eval/pgd_validation_results.csv,convnext_small_l1_16_init1,convnext_small_l1_16_init1,l1,1,16.0,2.0,convnext_small_l1_16_init1,eps=16 init 1
2026-03-10T02:55:11,model_best,results/models/convnext_small_l1_16_init1/model_best.pth.tar,madry,l1,1,l2,4.0,4.0,10,0.8,70.448,88.908,37.40200000610351,70.47200001953125,1.2309280372238158,3.117431774902344,state_dict_ema,/groups/golan_neurogroup/bml_group/tomerash/advmodels/results/models/convnext_small_l1_16_init1/pgd_eval/pgd_validation_results.csv,convnext_small_l1_16_init1,convnext_small_l1_16_init1,l1,1,16.0,4.0,convnext_small_l1_16_init1,eps=16 init 1
2026-03-10T03:45:18,model_best,results/models/convnext_small_l1_16_init1/model_best.pth.tar,madry,l1,1,l2,8.0,8.0,10,1.6,70.448,88.908,13.21200000427246,47.05200001464844,1.2309280372238158,6.3509799099731445,state_dict_ema,/groups/golan_neurogroup/bml_group/tomerash/advmodels/results/models/convnext_small_l1_16_init1/pgd_eval/pgd_validation_results.csv,convnext_small_l1_16_init1,convnext_small_l1_16_init1,l1,1,16.0,8.0,convnext_small_l1_16_init1,eps=16 init 1
2026-03-10T04:35:24,model_best,results/models/convnext_small_l1_16_init1/model_best.pth.tar,madry,l1,1,l2,16.0,16.0,10,3.2,70.448,88.908,1.310000000228882,13.65400000152588,1.2309280372238158,13.823104797668456,state_dict_ema,/groups/golan_neurogroup/bml_group/tomerash/advmodels/results/models/convnext_small_l1_16_init1/pgd_eval/pgd_validation_results.csv,convnext_small_l1_16_init1,convnext_small_l1_16_init1,l1,1,16.0,16.0,convnext_small_l1_16_init1,eps=16 init 1
2026-03-10T05:26:17,model_best,results/models/convnext_small_l1_16_init1/model_best.pth.tar,madry,l1,1,l1,0.5,63.75,10,12.75,70.448,88.908,59.71999999023438,83.74800000976562,1.2309280372238158,1.7329854650115968,state_dict_ema,/groups/golan_neurogroup/bml_group/tomerash/advmodels/results/models/convnext_small_l1_16_init1/pgd_eval/pgd_validation_results.csv,convnext_small_l1_16_init1,convnext_small_l1_16_init1,l1,1,16.0,63.75,convnext_small_l1_16_init1,eps=16 init 1
2026-03-10T06:17:09,model_best,results/models/convnext_small_l1_16_init1/model_best.pth.tar,madry,l1,1,l1,1.0,127.5,10,25.5,70.448,88.908,53.076000004882815,80.42199999511719,1.2309280372238158,2.0926174898910523,state_dict_ema,/groups/golan_neurogroup/bml_group/tomerash/advmodels/results/models/convnext_small_l1_16_init1/pgd_eval/pgd_validation_results.csv,convnext_small_l1_16_init1,convnext_small_l1_16_init1,l1,1,16.0,127.5,convnext_small_l1_16_init1,eps=16 init 1
2026-03-10T07:07:56,model_best,results/models/convnext_small_l1_16_init1/model_best.pth.tar,madry,l1,1,l1,2.0,255.0,10,51.0,70.448,88.908,46.47200001831055,76.7920000341797,1.2309280372238158,2.4760907830047607,state_dict_ema,/groups/golan_neurogroup/bml_group/tomerash/advmodels/results/models/convnext_small_l1_16_init1/pgd_eval/pgd_validation_results.csv,convnext_small_l1_16_init1,convnext_small_l1_16_init1,l1,1,16.0,255.0,convnext_small_l1_16_init1,eps=16 init 1
2026-03-10T07:58:45,model_best,results/models/convnext_small_l1_16_init1/model_best.pth.tar,madry,l1,1,l1,4.0,510.0,10,102.0,70.448,88.908,43.056,74.71999999023437,1.2309280372238158,2.6981949713897704,state_dict_ema,/groups/golan_neurogroup/bml_group/tomerash/advmodels/results/models/convnext_small_l1_16_init1/pgd_eval/pgd_validation_results.csv,convnext_small_l1_16_init1,convnext_small_l1_16_init1,l1,1,16.0,510.0,convnext_small_l1_16_init1,eps=16 init 1
2026-03-10T08:49:36,model_best,results/models/convnext_small_l1_16_init1/model_best.pth.tar,madry,l1,1,l1,8.0,1020.0,10,204.0,70.448,88.908,42.23800000610352,74.06400001708984,1.2309280372238158,2.755328280792236,state_dict_ema,/groups/golan_neurogroup/bml_group/tomerash/advmodels/results/models/convnext_small_l1_16_init1/pgd_eval/pgd_validation_results.csv,convnext_small_l1_16_init1,convnext_small_l1_16_init1,l1,1,16.0,1020.0,convnext_small_l1_16_init1,eps=16 init 1
2026-03-10T09:40:26,model_best,results/models/convnext_small_l1_16_init1/model_best.pth.tar,madry,l1,1,l1,16.0,2040.0,10,408.0,70.448,88.908,42.14800000732422,73.94400001464844,1.2309280372238158,2.75449052482605,state_dict_ema,/groups/golan_neurogroup/bml_group/tomerash/advmodels/results/models/convnext_small_l1_16_init1/pgd_eval/pgd_validation_results.csv,convnext_small_l1_16_init1,convnext_small_l1_16_init1,l1,1,16.0,2040.0,convnext_small_l1_16_init1,eps=16 init 1
2026-03-11T00:23:18,model_best,results/models/convnext_small_l1_16_init2/model_best.pth.tar,madry,l1,2,linf,0.5,0.0019607843137254,10,0.000392156862745,70.762,89.122,67.16600001953125,87.45799999755859,1.212449245300293,1.3686668627166747,state_dict_ema,/groups/golan_neurogroup/bml_group/tomerash/advmodels/results/models/convnext_small_l1_16_init2/pgd_eval/pgd_validation_results.csv,convnext_small_l1_16_init2,convnext_small_l1_16_init2,l1,2,16.0,0.00196078431372549,convnext_small_l1_16_init2,eps=16 init 2
2026-03-11T01:13:09,model_best,results/models/convnext_small_l1_16_init2/model_best.pth.tar,madry,l1,2,linf,1.0,0.0039215686274509,10,0.0007843137254901,70.762,89.122,63.424000004882814,85.66400000488281,1.212449245300293,1.542730213279724,state_dict_ema,/groups/golan_neurogroup/bml_group/tomerash/advmodels/results/models/convnext_small_l1_16_init2/pgd_eval/pgd_validation_results.csv,convnext_small_l1_16_init2,convnext_small_l1_16_init2,l1,2,16.0,0.00392156862745098,convnext_small_l1_16_init2,eps=16 init 2
2026-03-11T02:03:02,model_best,results/models/convnext_small_l1_16_init2/model_best.pth.tar,madry,l1,2,linf,2.0,0.0078431372549019,10,0.0015686274509803,70.762,89.122,55.34200000244141,81.55199998779297,1.212449245300293,1.9522518420791624,state_dict_ema,/groups/golan_neurogroup/bml_group/tomerash/advmodels/results/models/convnext_small_l1_16_init2/pgd_eval/pgd_validation_results.csv,convnext_small_l1_16_init2,convnext_small_l1_16_init2,l1,2,16.0,0.00784313725490196,convnext_small_l1_16_init2,eps=16 init 2
2026-03-11T02:52:52,model_best,results/models/convnext_small_l1_16_init2/model_best.pth.tar,madry,l1,2,linf,4.0,0.0156862745098039,10,0.0031372549019607,70.762,89.122,38.178000009765626,71.04,1.212449245300293,3.0457335565185546,state_dict_ema,/groups/golan_neurogroup/bml_group/tomerash/advmodels/results/models/convnext_small_l1_16_init2/pgd_eval/pgd_validation_results.csv,convnext_small_l1_16_init2,convnext_small_l1_16_init2,l1,2,16.0,0.01568627450980392,convnext_small_l1_16_init2,eps=16 init 2
2026-03-11T03:42:46,model_best,results/models/convnext_small_l1_16_init2/model_best.pth.tar,madry,l1,2,linf,8.0,0.0313725490196078,10,0.0062745098039215,70.762,89.122,13.899999999389648,47.2719999975586,1.212449245300293,6.182440879364013,state_dict_ema,/groups/golan_neurogroup/bml_group/tomerash/advmodels/results/models/convnext_small_l1_16_init2/pgd_eval/pgd_validation_results.csv,convnext_small_l1_16_init2,convnext_small_l1_16_init2,l1,2,16.0,0.03137254901960784,convnext_small_l1_16_init2,eps=16 init 2
2026-03-11T04:32:33,model_best,results/models/convnext_small_l1_16_init2/model_best.pth.tar,madry,l1,2,linf,16.0,0.0627450980392156,10,0.0125490196078431,70.762,89.122,1.7279999997711182,13.85999999847412,1.212449245300293,13.30173514678955,state_dict_ema,/groups/golan_neurogroup/bml_group/tomerash/advmodels/results/models/convnext_small_l1_16_init2/pgd_eval/pgd_validation_results.csv,convnext_small_l1_16_init2,convnext_small_l1_16_init2,l1,2,16.0,0.06274509803921569,convnext_small_l1_16_init2,eps=16 init 2
2026-03-11T05:22:23,model_best,results/models/convnext_small_l1_16_init2/model_best.pth.tar,madry,l1,2,l2,0.5,0.5,10,0.1,70.762,89.122,67.21400001953126,87.4859999975586,1.212449245300293,1.3675804123687745,state_dict_ema,/groups/golan_neurogroup/bml_group/tomerash/advmodels/results/models/convnext_small_l1_16_init2/pgd_eval/pgd_validation_results.csv,convnext_small_l1_16_init2,convnext_small_l1_16_init2,l1,2,16.0,0.5,convnext_small_l1_16_init2,eps=16 init 2
2026-03-11T06:12:15,model_best,results/models/convnext_small_l1_16_init2/model_best.pth.tar,madry,l1,2,l2,1.0,1.0,10,0.2,70.762,89.122,63.46200002685547,85.66200003173829,1.212449245300293,1.5405220179748536,state_dict_ema,/groups/golan_neurogroup/bml_group/tomerash/advmodels/results/models/convnext_small_l1_16_init2/pgd_eval/pgd_validation_results.csv,convnext_small_l1_16_init2,convnext_small_l1_16_init2,l1,2,16.0,1.0,convnext_small_l1_16_init2,eps=16 init 2
2026-03-11T07:02:06,model_best,results/models/convnext_small_l1_16_init2/model_best.pth.tar,madry,l1,2,l2,2.0,2.0,10,0.4,70.762,89.122,55.46200000244141,81.57200001220703,1.212449245300293,1.9478967444992064,state_dict_ema,/groups/golan_neurogroup/bml_group/tomerash/advmodels/results/models/convnext_small_l1_16_init2/pgd_eval/pgd_validation_results.csv,convnext_small_l1_16_init2,convnext_small_l1_16_init2,l1,2,16.0,2.0,convnext_small_l1_16_init2,eps=16 init 2
2026-03-11T07:51:58,model_best,results/models/convnext_small_l1_16_init2/model_best.pth.tar,madry,l1,2,l2,4.0,4.0,10,0.8,70.762,89.122,38.115999998779294,70.81599999267578,1.212449245300293,3.0362943966674805,state_dict_ema,/groups/golan_neurogroup/bml_group/tomerash/advmodels/results/models/convnext_small_l1_16_init2/pgd_eval/pgd_validation_results.csv,convnext_small_l1_16_init2,convnext_small_l1_16_init2,l1,2,16.0,4.0,convnext_small_l1_16_init2,eps=16 init 2
2026-03-11T08:41:50,model_best,results/models/convnext_small_l1_16_init2/model_best.pth.tar,madry,l1,2,l2,8.0,8.0,10,1.6,70.762,89.122,13.721999998168943,47.44400001464844,1.212449245300293,6.156151337585449,state_dict_ema,/groups/golan_neurogroup/bml_group/tomerash/advmodels/results/models/convnext_small_l1_16_init2/pgd_eval/pgd_validation_results.csv,convnext_small_l1_16_init2,convnext_small_l1_16_init2,l1,2,16.0,8.0,convnext_small_l1_16_init2,eps=16 init 2
2026-03-11T09:31:38,model_best,results/models/convnext_small_l1_16_init2/model_best.pth.tar,madry,l1,2,l2,16.0,16.0,10,3.2,70.762,89.122,1.5399999997711182,13.864,1.212449245300293,13.33937242462158,state_dict_ema,/groups/golan_neurogroup/bml_group/tomerash/advmodels/results/models/convnext_small_l1_16_init2/pgd_eval/pgd_validation_results.csv,convnext_small_l1_16_init2,convnext_small_l1_16_init2,l1,2,16.0,16.0,convnext_small_l1_16_init2,eps=16 init 2
2026-03-11T10:22:15,model_best,results/models/convnext_small_l1_16_init2/model_best.pth.tar,madry,l1,2,l1,0.5,63.75,10,12.75,70.762,89.122,60.15800001464844,84.07200000976563,1.212449245300293,1.6998221812438965,state_dict_ema,/groups/golan_neurogroup/bml_group/tomerash/advmodels/results/models/convnext_small_l1_16_init2/pgd_eval/pgd_validation_results.csv,convnext_small_l1_16_init2,convnext_small_l1_16_init2,l1,2,16.0,63.75,convnext_small_l1_16_init2,eps=16 init 2
2026-03-11T11:12:49,model_best,results/models/convnext_small_l1_16_init2/model_best.pth.tar,madry,l1,2,l1,1.0,127.5,10,25.5,70.762,89.122,53.57000000732422,80.77799999267579,1.212449245300293,2.0456570151138305,state_dict_ema,/groups/golan_neurogroup/bml_group/tomerash/advmodels/results/models/convnext_small_l1_16_init2/pgd_eval/pgd_validation_results.csv,convnext_small_l1_16_init2,convnext_small_l1_16_init2,l1,2,16.0,127.5,convnext_small_l1_16_init2,eps=16 init 2
2026-03-11T12:03:25,model_best,results/models/convnext_small_l1_16_init2/model_best.pth.tar,madry,l1,2,l1,2.0,255.0,10,51.0,70.762,89.122,47.19400001708984,77.24800000732422,1.212449245300293,2.4160128315734863,state_dict_ema,/groups/golan_neurogroup/bml_group/tomerash/advmodels/results/models/convnext_small_l1_16_init2/pgd_eval/pgd_validation_results.csv,convnext_small_l1_16_init2,convnext_small_l1_16_init2,l1,2,16.0,255.0,convnext_small_l1_16_init2,eps=16 init 2
2026-03-11T12:53:59,model_best,results/models/convnext_small_l1_16_init2/model_best.pth.tar,madry,l1,2,l1,4.0,510.0,10,102.0,70.762,89.122,43.7139999975586,75.26799999023437,1.212449245300293,2.631385339889526,state_dict_ema,/groups/golan_neurogroup/bml_group/tomerash/advmodels/results/models/convnext_small_l1_16_init2/pgd_eval/pgd_validation_results.csv,convnext_small_l1_16_init2,convnext_small_l1_16_init2,l1,2,16.0,510.0,convnext_small_l1_16_init2,eps=16 init 2
2026-03-11T13:44:32,model_best,results/models/convnext_small_l1_16_init2/model_best.pth.tar,madry,l1,2,l1,8.0,1020.0,10,204.0,70.762,89.122,42.94200000976563,74.45800001953126,1.212449245300293,2.6868567153167726,state_dict_ema,/groups/golan_neurogroup/bml_group/tomerash/advmodels/results/models/convnext_small_l1_16_init2/pgd_eval/pgd_validation_results.csv,convnext_small_l1_16_init2,convnext_small_l1_16_init2,l1,2,16.0,1020.0,convnext_small_l1_16_init2,eps=16 init 2
2026-03-11T14:35:09,model_best,results/models/convnext_small_l1_16_init2/model_best.pth.tar,madry,l1,2,l1,16.0,2040.0,10,408.0,70.762,89.122,42.81000000488281,74.35399998779297,1.212449245300293,2.6871920690917968,state_dict_ema,/groups/golan_neurogroup/bml_group/tomerash/advmodels/results/models/convnext_small_l1_16_init2/pgd_eval/pgd_validation_results.csv,convnext_small_l1_16_init2,convnext_small_l1_16_init2,l1,2,16.0,2040.0,convnext_small_l1_16_init2,eps=16 init 2
2026-03-21T20:52:41,model_best,results/models/convnext_small_l1_16_init3/model_best.pth.tar,madry,l1,3,linf,0.5,0.0019607843137254,10,0.000392156862745,62.814,83.95,58.01800000976562,81.76200001220703,1.6933249966049195,1.9355247454833984,state_dict_ema,/groups/golan_neurogroup/bml_group/tomerash/advmodels/results/models/convnext_small_l1_16_init3/pgd_eval/pgd_validation_results.csv,convnext_small_l1_16_init3,convnext_small_l1_16_init3,l1,3,16.0,0.00196078431372549,convnext_small_l1_16_init3,eps=16 init 3
2026-03-21T21:41:49,model_best,results/models/convnext_small_l1_16_init3/model_best.pth.tar,madry,l1,3,linf,1.0,0.0039215686274509,10,0.0007843137254901,62.814,83.95,54.22999999755859,79.95199999511719,1.6933249966049195,2.125665926437378,state_dict_ema,/groups/golan_neurogroup/bml_group/tomerash/advmodels/results/models/convnext_small_l1_16_init3/pgd_eval/pgd_validation_results.csv,convnext_small_l1_16_init3,convnext_small_l1_16_init3,l1,3,16.0,0.00392156862745098,convnext_small_l1_16_init3,eps=16 init 3
2026-03-21T22:30:55,model_best,results/models/convnext_small_l1_16_init3/model_best.pth.tar,madry,l1,3,linf,2.0,0.0078431372549019,10,0.0015686274509803,62.814,83.95,46.88400001953125,75.97600003173828,1.6933249966049195,2.501245734252929,state_dict_ema,/groups/golan_neurogroup/bml_group/tomerash/advmodels/results/models/convnext_small_l1_16_init3/pgd_eval/pgd_validation_results.csv,convnext_small_l1_16_init3,convnext_small_l1_16_init3,l1,3,16.0,0.00784313725490196,convnext_small_l1_16_init3,eps=16 init 3
2026-03-21T23:20:00,model_best,results/models/convnext_small_l1_16_init3/model_best.pth.tar,madry,l1,3,linf,4.0,0.0156862745098039,10,0.0031372549019607,62.814,83.95,36.4939999975586,68.25200003173828,1.6933249966049195,2.981741046829224,state_dict_ema,/groups/golan_neurogroup/bml_group/tomerash/advmodels/results/models/convnext_small_l1_16_init3/pgd_eval/pgd_validation_results.csv,convnext_small_l1_16_init3,convnext_small_l1_16_init3,l1,3,16.0,0.01568627450980392,convnext_small_l1_16_init3,eps=16 init 3
2026-03-22T00:09:09,model_best,results/models/convnext_small_l1_16_init3/model_best.pth.tar,madry,l1,3,linf,8.0,0.0313725490196078,10,0.0062745098039215,62.814,83.95,16.228000005493165,47.82800000244141,1.6933249966049195,4.567935947418213,state_dict_ema,/groups/golan_neurogroup/bml_group/tomerash/advmodels/results/models/convnext_small_l1_16_init3/pgd_eval/pgd_validation_results.csv,convnext_small_l1_16_init3,convnext_small_l1_16_init3,l1,3,16.0,0.03137254901960784,convnext_small_l1_16_init3,eps=16 init 3
2026-03-22T00:58:18,model_best,results/models/convnext_small_l1_16_init3/model_best.pth.tar,madry,l1,3,linf,16.0,0.0627450980392156,10,0.0125490196078431,62.814,83.95,1.784000000152588,18.258000003662108,1.6933249966049195,8.912833754882813,state_dict_ema,/groups/golan_neurogroup/bml_group/tomerash/advmodels/results/models/convnext_small_l1_16_init3/pgd_eval/pgd_validation_results.csv,convnext_small_l1_16_init3,convnext_small_l1_16_init3,l1,3,16.0,0.06274509803921569,convnext_small_l1_16_init3,eps=16 init 3
2026-03-22T01:47:25,model_best,results/models/convnext_small_l1_16_init3/model_best.pth.tar,madry,l1,3,l2,0.5,0.5,10,0.1,62.814,83.95,58.12200001464844,82.17999998535156,1.6933249966049195,1.883592837142944,state_dict_ema,/groups/golan_neurogroup/bml_group/tomerash/advmodels/results/models/convnext_small_l1_16_init3/pgd_eval/pgd_validation_results.csv,convnext_small_l1_16_init3,convnext_small_l1_16_init3,l1,3,16.0,0.5,convnext_small_l1_16_init3,eps=16 init 3
2026-03-22T02:36:33,model_best,results/models/convnext_small_l1_16_init3/model_best.pth.tar,madry,l1,3,l2,1.0,1.0,10,0.2,62.814,83.95,56.95800000244141,81.55800001464844,1.6933249966049195,1.889978215293884,state_dict_ema,/groups/golan_neurogroup/bml_group/tomerash/advmodels/results/models/convnext_small_l1_16_init3/pgd_eval/pgd_validation_results.csv,convnext_small_l1_16_init3,convnext_small_l1_16_init3,l1,3,16.0,1.0,convnext_small_l1_16_init3,eps=16 init 3
2026-03-22T03:25:42,model_best,results/models/convnext_small_l1_16_init3/model_best.pth.tar,madry,l1,3,l2,2.0,2.0,10,0.4,62.814,83.95,52.02800001953125,78.19600000732422,1.6933249966049195,2.089275663909912,state_dict_ema,/groups/golan_neurogroup/bml_group/tomerash/advmodels/results/models/convnext_small_l1_16_init3/pgd_eval/pgd_validation_results.csv,convnext_small_l1_16_init3,convnext_small_l1_16_init3,l1,3,16.0,2.0,convnext_small_l1_16_init3,eps=16 init 3
2026-03-22T04:14:56,model_best,results/models/convnext_small_l1_16_init3/model_best.pth.tar,madry,l1,3,l2,4.0,4.0,10,0.8,62.814,83.95,39.32600001586914,69.4640000048828,1.6933249966049195,2.711290215835571,state_dict_ema,/groups/golan_neurogroup/bml_group/tomerash/advmodels/results/models/convnext_small_l1_16_init3/pgd_eval/pgd_validation_results.csv,convnext_small_l1_16_init3,convnext_small_l1_16_init3,l1,3,16.0,4.0,convnext_small_l1_16_init3,eps=16 init 3
2026-03-22T05:04:03,model_best,results/models/convnext_small_l1_16_init3/model_best.pth.tar,madry,l1,3,l2,8.0,8.0,10,1.6,62.814,83.95,17.451999996948242,49.21200001098633,1.6933249966049195,4.357269481964111,state_dict_ema,/groups/golan_neurogroup/bml_group/tomerash/advmodels/results/models/convnext_small_l1_16_init3/pgd_eval/pgd_validation_results.csv,convnext_small_l1_16_init3,convnext_small_l1_16_init3,l1,3,16.0,8.0,convnext_small_l1_16_init3,eps=16 init 3
2026-03-22T05:53:11,model_best,results/models/convnext_small_l1_16_init3/model_best.pth.tar,madry,l1,3,l2,16.0,16.0,10,3.2,62.814,83.95,1.909999999771118,19.313999999389647,1.6933249966049195,8.674277315368652,state_dict_ema,/groups/golan_neurogroup/bml_group/tomerash/advmodels/results/models/convnext_small_l1_16_init3/pgd_eval/pgd_validation_results.csv,convnext_small_l1_16_init3,convnext_small_l1_16_init3,l1,3,16.0,16.0,convnext_small_l1_16_init3,eps=16 init 3
2026-03-22T06:43:05,model_best,results/models/convnext_small_l1_16_init3/model_best.pth.tar,madry,l1,3,l1,0.5,63.75,10,12.75,62.814,83.95,57.83200001464844,81.22200001953125,1.6933249966049195,1.902532342262268,state_dict_ema,/groups/golan_neurogroup/bml_group/tomerash/advmodels/results/models/convnext_small_l1_16_init3/pgd_eval/pgd_validation_results.csv,convnext_small_l1_16_init3,convnext_small_l1_16_init3,l1,3,16.0,63.75,convnext_small_l1_16_init3,eps=16 init 3
2026-03-22T07:32:59,model_best,results/models/convnext_small_l1_16_init3/model_best.pth.tar,madry,l1,3,l1,1.0,127.5,10,25.5,62.814,83.95,53.91600000732422,78.85800002685546,1.6933249966049195,2.097790447769165,state_dict_ema,/groups/golan_neurogroup/bml_group/tomerash/advmodels/results/models/convnext_small_l1_16_init3/pgd_eval/pgd_validation_results.csv,convnext_small_l1_16_init3,convnext_small_l1_16_init3,l1,3,16.0,127.5,convnext_small_l1_16_init3,eps=16 init 3
2026-03-22T08:22:53,model_best,results/models/convnext_small_l1_16_init3/model_best.pth.tar,madry,l1,3,l1,2.0,255.0,10,51.0,62.814,83.95,50.2659999975586,76.47000003173828,1.6933249966049195,2.3054455645751952,state_dict_ema,/groups/golan_neurogroup/bml_group/tomerash/advmodels/results/models/convnext_small_l1_16_init3/pgd_eval/pgd_validation_results.csv,convnext_small_l1_16_init3,convnext_small_l1_16_init3,l1,3,16.0,255.0,convnext_small_l1_16_init3,eps=16 init 3
2026-03-22T09:12:48,model_best,results/models/convnext_small_l1_16_init3/model_best.pth.tar,madry,l1,3,l1,4.0,510.0,10,102.0,62.814,83.95,48.06400001586914,75.12399998535156,1.6933249966049195,2.429357343139648,state_dict_ema,/groups/golan_neurogroup/bml_group/tomerash/advmodels/results/models/convnext_small_l1_16_init3/pgd_eval/pgd_validation_results.csv,convnext_small_l1_16_init3,convnext_small_l1_16_init3,l1,3,16.0,510.0,convnext_small_l1_16_init3,eps=16 init 3
2026-03-22T10:02:45,model_best,results/models/convnext_small_l1_16_init3/model_best.pth.tar,madry,l1,3,l1,8.0,1020.0,10,204.0,62.814,83.95,46.85800001831055,74.19400001464844,1.6933249966049195,2.510192888259888,state_dict_ema,/groups/golan_neurogroup/bml_group/tomerash/advmodels/results/models/convnext_small_l1_16_init3/pgd_eval/pgd_validation_results.csv,convnext_small_l1_16_init3,convnext_small_l1_16_init3,l1,3,16.0,1020.0,convnext_small_l1_16_init3,eps=16 init 3
2026-03-22T10:52:43,model_best,results/models/convnext_small_l1_16_init3/model_best.pth.tar,madry,l1,3,l1,16.0,2040.0,10,408.0,62.814,83.95,47.113999997558594,74.08399998779296,1.6933249966049195,2.5217091217803955,state_dict_ema,/groups/golan_neurogroup/bml_group/tomerash/advmodels/results/models/convnext_small_l1_16_init3/pgd_eval/pgd_validation_results.csv,convnext_small_l1_16_init3,convnext_small_l1_16_init3,l1,3,16.0,2040.0,convnext_small_l1_16_init3,eps=16 init 3
2026-03-19T16:09:23,model_best,/home/ashtomer/projects/ares/results/models/convnext_small_l1_1_init1/model_best.pth.tar,madry,l1,1,linf,0.5,0.0019607843137254,10,0.000392156862745,75.33,91.776,70.168,89.674,1.1270080710601806,1.3605246886444091,state_dict_ema,/groups/golan_neurogroup/bml_group/tomerash/advmodels/results/models/convnext_small_l1_1_init1/pgd_eval/pgd_validation_results.csv,convnext_small_l1_1_init1,convnext_small_l1_1_init1,l1,1,1.0,0.00196078431372549,convnext_small_l1_1_init1,eps=1 init 1
2026-03-19T18:16:05,model_best,/home/ashtomer/projects/ares/results/models/convnext_small_l1_1_init1/model_best.pth.tar,madry,l1,1,linf,1.0,0.0039215686274509,10,0.0007843137254901,75.33,91.776,64.5,86.988,1.1270080710601806,1.6356740391540527,state_dict_ema,/groups/golan_neurogroup/bml_group/tomerash/advmodels/results/models/convnext_small_l1_1_init1/pgd_eval/pgd_validation_results.csv,convnext_small_l1_1_init1,convnext_small_l1_1_init1,l1,1,1.0,0.00392156862745098,convnext_small_l1_1_init1,eps=1 init 1
2026-03-19T20:22:48,model_best,/home/ashtomer/projects/ares/results/models/convnext_small_l1_1_init1/model_best.pth.tar,madry,l1,1,linf,2.0,0.0078431372549019,10,0.0015686274509803,75.33,91.776,52.242,80.12,1.1270080710601806,2.319783440551758,state_dict_ema,/groups/golan_neurogroup/bml_group/tomerash/advmodels/results/models/convnext_small_l1_1_init1/pgd_eval/pgd_validation_results.csv,convnext_small_l1_1_init1,convnext_small_l1_1_init1,l1,1,1.0,0.00784313725490196,convnext_small_l1_1_init1,eps=1 init 1
2026-03-19T22:30:02,model_best,/home/ashtomer/projects/ares/results/models/convnext_small_l1_1_init1/model_best.pth.tar,madry,l1,1,linf,4.0,0.0156862745098039,10,0.0031372549019607,75.33,91.776,32.768,62.18,1.1270080710601806,4.136456863098145,state_dict_ema,/groups/golan_neurogroup/bml_group/tomerash/advmodels/results/models/convnext_small_l1_1_init1/pgd_eval/pgd_validation_results.csv,convnext_small_l1_1_init1,convnext_small_l1_1_init1,l1,1,1.0,0.01568627450980392,convnext_small_l1_1_init1,eps=1 init 1
2026-03-20T00:37:58,model_best,/home/ashtomer/projects/ares/results/models/convnext_small_l1_1_init1/model_best.pth.tar,madry,l1,1,linf,8.0,0.0313725490196078,10,0.0062745098039215,75.33,91.776,13.502,29.458,1.1270080710601806,8.629756142578126,state_dict_ema,/groups/golan_neurogroup/bml_group/tomerash/advmodels/results/models/convnext_small_l1_1_init1/pgd_eval/pgd_validation_results.csv,convnext_small_l1_1_init1,convnext_small_l1_1_init1,l1,1,1.0,0.03137254901960784,convnext_small_l1_1_init1,eps=1 init 1
2026-03-20T02:45:08,model_best,/home/ashtomer/projects/ares/results/models/convnext_small_l1_1_init1/model_best.pth.tar,madry,l1,1,linf,16.0,0.0627450980392156,10,0.0125490196078431,75.33,91.776,1.324,2.908,1.1270080710601806,15.50423911315918,state_dict_ema,/groups/golan_neurogroup/bml_group/tomerash/advmodels/results/models/convnext_small_l1_1_init1/pgd_eval/pgd_validation_results.csv,convnext_small_l1_1_init1,convnext_small_l1_1_init1,l1,1,1.0,0.06274509803921569,convnext_small_l1_1_init1,eps=1 init 1
2026-03-20T04:51:23,model_best,/home/ashtomer/projects/ares/results/models/convnext_small_l1_1_init1/model_best.pth.tar,madry,l1,1,l2,0.5,0.5,10,0.1,75.33,91.776,70.666,89.878,1.1270080710601806,1.3364533092498778,state_dict_ema,/groups/golan_neurogroup/bml_group/tomerash/advmodels/results/models/convnext_small_l1_1_init1/pgd_eval/pgd_validation_results.csv,convnext_small_l1_1_init1,convnext_small_l1_1_init1,l1,1,1.0,0.5,convnext_small_l1_1_init1,eps=1 init 1
2026-03-20T06:57:29,model_best,/home/ashtomer/projects/ares/results/models/convnext_small_l1_1_init1/model_best.pth.tar,madry,l1,1,l2,1.0,1.0,10,0.2,75.33,91.776,65.616,87.454,1.1270080710601806,1.5800062239074708,state_dict_ema,/groups/golan_neurogroup/bml_group/tomerash/advmodels/results/models/convnext_small_l1_1_init1/pgd_eval/pgd_validation_results.csv,convnext_small_l1_1_init1,convnext_small_l1_1_init1,l1,1,1.0,1.0,convnext_small_l1_1_init1,eps=1 init 1
2026-03-20T09:04:37,model_best,/home/ashtomer/projects/ares/results/models/convnext_small_l1_1_init1/model_best.pth.tar,madry,l1,1,l2,2.0,2.0,10,0.4,75.33,91.776,54.142,81.31,1.1270080710601806,2.180542774810791,state_dict_ema,/groups/golan_neurogroup/bml_group/tomerash/advmodels/results/models/convnext_small_l1_1_init1/pgd_eval/pgd_validation_results.csv,convnext_small_l1_1_init1,convnext_small_l1_1_init1,l1,1,1.0,2.0,convnext_small_l1_1_init1,eps=1 init 1
2026-03-20T11:08:21,model_best,/home/ashtomer/projects/ares/results/models/convnext_small_l1_1_init1/model_best.pth.tar,madry,l1,1,l2,4.0,4.0,10,0.8,75.33,91.776,34.58,65.034,1.1270080710601806,3.7987919140625,state_dict_ema,/groups/golan_neurogroup/bml_group/tomerash/advmodels/results/models/convnext_small_l1_1_init1/pgd_eval/pgd_validation_results.csv,convnext_small_l1_1_init1,convnext_small_l1_1_init1,l1,1,1.0,4.0,convnext_small_l1_1_init1,eps=1 init 1
2026-03-20T13:11:03,model_best,/home/ashtomer/projects/ares/results/models/convnext_small_l1_1_init1/model_best.pth.tar,madry,l1,1,l2,8.0,8.0,10,1.6,75.33,91.776,14.814,33.05,1.1270080710601806,8.031526539916992,state_dict_ema,/groups/golan_neurogroup/bml_group/tomerash/advmodels/results/models/convnext_small_l1_1_init1/pgd_eval/pgd_validation_results.csv,convnext_small_l1_1_init1,convnext_small_l1_1_init1,l1,1,1.0,8.0,convnext_small_l1_1_init1,eps=1 init 1
2026-03-20T15:13:21,model_best,/home/ashtomer/projects/ares/results/models/convnext_small_l1_1_init1/model_best.pth.tar,madry,l1,1,l2,16.0,16.0,10,3.2,75.33,91.776,1.702,3.576,1.1270080710601806,15.806402072753906,state_dict_ema,/groups/golan_neurogroup/bml_group/tomerash/advmodels/results/models/convnext_small_l1_1_init1/pgd_eval/pgd_validation_results.csv,convnext_small_l1_1_init1,convnext_small_l1_1_init1,l1,1,1.0,16.0,convnext_small_l1_1_init1,eps=1 init 1
2026-03-20T17:16:47,model_best,/home/ashtomer/projects/ares/results/models/convnext_small_l1_1_init1/model_best.pth.tar,madry,l1,1,l1,0.5,63.75,10,12.75,75.33,91.776,63.104,86.192,1.1270080710601806,1.6941377097320556,state_dict_ema,/groups/golan_neurogroup/bml_group/tomerash/advmodels/results/models/convnext_small_l1_1_init1/pgd_eval/pgd_validation_results.csv,convnext_small_l1_1_init1,convnext_small_l1_1_init1,l1,1,1.0,63.75,convnext_small_l1_1_init1,eps=1 init 1
2026-03-20T19:22:22,model_best,/home/ashtomer/projects/ares/results/models/convnext_small_l1_1_init1/model_best.pth.tar,madry,l1,1,l1,1.0,127.5,10,25.5,75.33,91.776,53.592,81.216,1.1270080710601806,2.1846223316955564,state_dict_ema,/groups/golan_neurogroup/bml_group/tomerash/advmodels/results/models/convnext_small_l1_1_init1/pgd_eval/pgd_validation_results.csv,convnext_small_l1_1_init1,convnext_small_l1_1_init1,l1,1,1.0,127.5,convnext_small_l1_1_init1,eps=1 init 1
2026-03-20T21:28:04,model_best,/home/ashtomer/projects/ares/results/models/convnext_small_l1_1_init1/model_best.pth.tar,madry,l1,1,l1,2.0,255.0,10,51.0,75.33,91.776,44.41,75.376,1.1270080710601806,2.7600712078857423,state_dict_ema,/groups/golan_neurogroup/bml_group/tomerash/advmodels/results/models/convnext_small_l1_1_init1/pgd_eval/pgd_validation_results.csv,convnext_small_l1_1_init1,convnext_small_l1_1_init1,l1,1,1.0,255.0,convnext_small_l1_1_init1,eps=1 init 1
2026-03-20T23:32:05,model_best,/home/ashtomer/projects/ares/results/models/convnext_small_l1_1_init1/model_best.pth.tar,madry,l1,1,l1,4.0,510.0,10,102.0,75.33,91.776,39.672,72.276,1.1270080710601806,3.080030625610352,state_dict_ema,/groups/golan_neurogroup/bml_group/tomerash/advmodels/results/models/convnext_small_l1_1_init1/pgd_eval/pgd_validation_results.csv,convnext_small_l1_1_init1,convnext_small_l1_1_init1,l1,1,1.0,510.0,convnext_small_l1_1_init1,eps=1 init 1
2026-03-21T01:36:02,model_best,/home/ashtomer/projects/ares/results/models/convnext_small_l1_1_init1/model_best.pth.tar,madry,l1,1,l1,8.0,1020.0,10,204.0,75.33,91.776,38.982,71.594,1.1270080710601806,3.1183691708374024,state_dict_ema,/groups/golan_neurogroup/bml_group/tomerash/advmodels/results/models/convnext_small_l1_1_init1/pgd_eval/pgd_validation_results.csv,convnext_small_l1_1_init1,convnext_small_l1_1_init1,l1,1,1.0,1020.0,convnext_small_l1_1_init1,eps=1 init 1
2026-03-21T03:39:35,model_best,/home/ashtomer/projects/ares/results/models/convnext_small_l1_1_init1/model_best.pth.tar,madry,l1,1,l1,16.0,2040.0,10,408.0,75.33,91.776,39.082,71.246,1.1270080710601806,3.105871533660889,state_dict_ema,/groups/golan_neurogroup/bml_group/tomerash/advmodels/results/models/convnext_small_l1_1_init1/pgd_eval/pgd_validation_results.csv,convnext_small_l1_1_init1,convnext_small_l1_1_init1,l1,1,1.0,2040.0,convnext_small_l1_1_init1,eps=1 init 1
2026-03-03T15:20:04,model_best,results/models/convnext_small_l1_1_init1/model_best.pth.tar,madry,l1,1,linf,0.5,0.0019607843137254,10,0.000392156862745,75.328,91.778,73.856,91.218,1.127003062286377,1.1918342384338378,state_dict_ema,/groups/golan_neurogroup/bml_group/tomerash/advmodels/results/models/convnext_small_l1_1_init1/pgd_validation_results.csv,convnext_small_l1_1_init1,convnext_small_l1_1_init1,l1,1,1.0,0.00196078431372549,convnext_small_l1_1_init1,eps=1 init 1
2026-03-03T15:42:44,model_best,results/models/convnext_small_l1_1_init1/model_best.pth.tar,madry,l1,1,linf,1.0,0.0039215686274509,10,0.0007843137254901,75.328,91.778,72.344,90.58,1.127003062286377,1.259959343109131,state_dict_ema,/groups/golan_neurogroup/bml_group/tomerash/advmodels/results/models/convnext_small_l1_1_init1/pgd_validation_results.csv,convnext_small_l1_1_init1,convnext_small_l1_1_init1,l1,1,1.0,0.00392156862745098,convnext_small_l1_1_init1,eps=1 init 1
2026-03-03T16:05:25,model_best,results/models/convnext_small_l1_1_init1/model_best.pth.tar,madry,l1,1,linf,2.0,0.0078431372549019,10,0.0015686274509803,75.328,91.778,69.266,89.188,1.127003062286377,1.4065991890716554,state_dict_ema,/groups/golan_neurogroup/bml_group/tomerash/advmodels/results/models/convnext_small_l1_1_init1/pgd_validation_results.csv,convnext_small_l1_1_init1,convnext_small_l1_1_init1,l1,1,1.0,0.00784313725490196,convnext_small_l1_1_init1,eps=1 init 1
2026-03-03T16:28:15,model_best,results/models/convnext_small_l1_1_init1/model_best.pth.tar,madry,l1,1,linf,4.0,0.0156862745098039,10,0.0031372549019607,75.328,91.778,62.396,85.828,1.127003062286377,1.7449740906524658,state_dict_ema,/groups/golan_neurogroup/bml_group/tomerash/advmodels/results/models/convnext_small_l1_1_init1/pgd_validation_results.csv,convnext_small_l1_1_init1,convnext_small_l1_1_init1,l1,1,1.0,0.01568627450980392,convnext_small_l1_1_init1,eps=1 init 1
2026-03-03T16:50:58,model_best,results/models/convnext_small_l1_1_init1/model_best.pth.tar,madry,l1,1,linf,8.0,0.0313725490196078,10,0.0062745098039215,75.328,91.778,48.448,76.878,1.127003062286377,2.592238052368164,state_dict_ema,/groups/golan_neurogroup/bml_group/tomerash/advmodels/results/models/convnext_small_l1_1_init1/pgd_validation_results.csv,convnext_small_l1_1_init1,convnext_small_l1_1_init1,l1,1,1.0,0.03137254901960784,convnext_small_l1_1_init1,eps=1 init 1
2026-03-03T17:13:45,model_best,results/models/convnext_small_l1_1_init1/model_best.pth.tar,madry,l1,1,linf,16.0,0.0627450980392156,10,0.0125490196078431,75.328,91.778,29.898,56.026,1.127003062286377,4.645830650787354,state_dict_ema,/groups/golan_neurogroup/bml_group/tomerash/advmodels/results/models/convnext_small_l1_1_init1/pgd_validation_results.csv,convnext_small_l1_1_init1,convnext_small_l1_1_init1,l1,1,1.0,0.06274509803921569,convnext_small_l1_1_init1,eps=1 init 1
2026-03-03T17:36:34,model_best,results/models/convnext_small_l1_1_init1/model_best.pth.tar,madry,l1,1,l2,0.5,0.5,10,0.1,75.328,91.778,73.864,91.2,1.127003062286377,1.1913067626953124,state_dict_ema,/groups/golan_neurogroup/bml_group/tomerash/advmodels/results/models/convnext_small_l1_1_init1/pgd_validation_results.csv,convnext_small_l1_1_init1,convnext_small_l1_1_init1,l1,1,1.0,0.5,convnext_small_l1_1_init1,eps=1 init 1
2026-03-03T17:59:24,model_best,results/models/convnext_small_l1_1_init1/model_best.pth.tar,madry,l1,1,l2,1.0,1.0,10,0.2,75.328,91.778,72.368,90.594,1.127003062286377,1.2588207971191403,state_dict_ema,/groups/golan_neurogroup/bml_group/tomerash/advmodels/results/models/convnext_small_l1_1_init1/pgd_validation_results.csv,convnext_small_l1_1_init1,convnext_small_l1_1_init1,l1,1,1.0,1.0,convnext_small_l1_1_init1,eps=1 init 1
2026-03-03T18:22:13,model_best,results/models/convnext_small_l1_1_init1/model_best.pth.tar,madry,l1,1,l2,2.0,2.0,10,0.4,75.328,91.778,69.26,89.172,1.127003062286377,1.4039821239471435,state_dict_ema,/groups/golan_neurogroup/bml_group/tomerash/advmodels/results/models/convnext_small_l1_1_init1/pgd_validation_results.csv,convnext_small_l1_1_init1,convnext_small_l1_1_init1,l1,1,1.0,2.0,convnext_small_l1_1_init1,eps=1 init 1
2026-03-03T18:44:53,model_best,results/models/convnext_small_l1_1_init1/model_best.pth.tar,madry,l1,1,l2,4.0,4.0,10,0.8,75.328,91.778,62.422,85.776,1.127003062286377,1.7373446504974366,state_dict_ema,/groups/golan_neurogroup/bml_group/tomerash/advmodels/results/models/convnext_small_l1_1_init1/pgd_validation_results.csv,convnext_small_l1_1_init1,convnext_small_l1_1_init1,l1,1,1.0,4.0,convnext_small_l1_1_init1,eps=1 init 1
2026-03-03T19:07:40,model_best,results/models/convnext_small_l1_1_init1/model_best.pth.tar,madry,l1,1,l2,8.0,8.0,10,1.6,75.328,91.778,48.428,76.73,1.127003062286377,2.571690705871582,state_dict_ema,/groups/golan_neurogroup/bml_group/tomerash/advmodels/results/models/convnext_small_l1_1_init1/pgd_validation_results.csv,convnext_small_l1_1_init1,convnext_small_l1_1_init1,l1,1,1.0,8.0,convnext_small_l1_1_init1,eps=1 init 1
2026-03-03T19:30:28,model_best,results/models/convnext_small_l1_1_init1/model_best.pth.tar,madry,l1,1,l2,16.0,16.0,10,3.2,75.328,91.778,29.532,55.712,1.127003062286377,4.590432916412354,state_dict_ema,/groups/golan_neurogroup/bml_group/tomerash/advmodels/results/models/convnext_small_l1_1_init1/pgd_validation_results.csv,convnext_small_l1_1_init1,convnext_small_l1_1_init1,l1,1,1.0,16.0,convnext_small_l1_1_init1,eps=1 init 1
2026-03-03T19:53:33,model_best,results/models/convnext_small_l1_1_init1/model_best.pth.tar,madry,l1,1,l1,0.5,63.75,10,12.75,75.328,91.778,65.218,87.176,1.127003062286377,1.5886508067321778,state_dict_ema,/groups/golan_neurogroup/bml_group/tomerash/advmodels/results/models/convnext_small_l1_1_init1/pgd_validation_results.csv,convnext_small_l1_1_init1,convnext_small_l1_1_init1,l1,1,1.0,63.75,convnext_small_l1_1_init1,eps=1 init 1
2026-03-03T20:16:36,model_best,results/models/convnext_small_l1_1_init1/model_best.pth.tar,madry,l1,1,l1,1.0,127.5,10,25.5,75.328,91.778,54.058,81.158,1.127003062286377,2.170089877853393,state_dict_ema,/groups/golan_neurogroup/bml_group/tomerash/advmodels/results/models/convnext_small_l1_1_init1/pgd_validation_results.csv,convnext_small_l1_1_init1,convnext_small_l1_1_init1,l1,1,1.0,127.5,convnext_small_l1_1_init1,eps=1 init 1
2026-03-03T20:39:38,model_best,results/models/convnext_small_l1_1_init1/model_best.pth.tar,madry,l1,1,l1,2.0,255.0,10,51.0,75.328,91.778,36.564,67.634,1.127003062286377,3.4861845497131347,state_dict_ema,/groups/golan_neurogroup/bml_group/tomerash/advmodels/results/models/convnext_small_l1_1_init1/pgd_validation_results.csv,convnext_small_l1_1_init1,convnext_small_l1_1_init1,l1,1,1.0,255.0,convnext_small_l1_1_init1,eps=1 init 1
2026-03-03T21:02:40,model_best,results/models/convnext_small_l1_1_init1/model_best.pth.tar,madry,l1,1,l1,4.0,510.0,10,102.0,75.328,91.778,19.364,45.334,1.127003062286377,5.908101391601562,state_dict_ema,/groups/golan_neurogroup/bml_group/tomerash/advmodels/results/models/convnext_small_l1_1_init1/pgd_validation_results.csv,convnext_small_l1_1_init1,convnext_small_l1_1_init1,l1,1,1.0,510.0,convnext_small_l1_1_init1,eps=1 init 1
2026-03-03T21:25:38,model_best,results/models/convnext_small_l1_1_init1/model_best.pth.tar,madry,l1,1,l1,8.0,1020.0,10,204.0,75.328,91.778,8.626,23.234,1.127003062286377,8.36058634552002,state_dict_ema,/groups/golan_neurogroup/bml_group/tomerash/advmodels/results/models/convnext_small_l1_1_init1/pgd_validation_results.csv,convnext_small_l1_1_init1,convnext_small_l1_1_init1,l1,1,1.0,1020.0,convnext_small_l1_1_init1,eps=1 init 1
2026-03-03T21:48:42,model_best,results/models/convnext_small_l1_1_init1/model_best.pth.tar,madry,l1,1,l1,16.0,2040.0,10,408.0,75.328,91.778,5.01,15.454,1.127003062286377,9.2145285345459,state_dict_ema,/groups/golan_neurogroup/bml_group/tomerash/advmodels/results/models/convnext_small_l1_1_init1/pgd_validation_results.csv,convnext_small_l1_1_init1,convnext_small_l1_1_init1,l1,1,1.0,2040.0,convnext_small_l1_1_init1,eps=1 init 1
2026-03-19T17:23:25,model_best,/home/ashtomer/projects/ares/results/models/convnext_small_l1_1_init2/model_best.pth.tar,madry,l1,2,linf,0.5,0.0019607843137254,10,0.000392156862745,75.734,92.036,67.666,88.91,1.05657427734375,1.4232641802215575,state_dict_ema,/groups/golan_neurogroup/bml_group/tomerash/advmodels/results/models/convnext_small_l1_1_init2/pgd_eval/pgd_validation_results.csv,convnext_small_l1_1_init2,convnext_small_l1_1_init2,l1,2,1.0,0.00196078431372549,convnext_small_l1_1_init2,eps=1 init 2
2026-03-19T19:31:47,model_best,/home/ashtomer/projects/ares/results/models/convnext_small_l1_1_init2/model_best.pth.tar,madry,l1,2,linf,1.0,0.0039215686274509,10,0.0007843137254901,75.734,92.036,60.54,85.81,1.05657427734375,1.7838279479980468,state_dict_ema,/groups/golan_neurogroup/bml_group/tomerash/advmodels/results/models/convnext_small_l1_1_init2/pgd_eval/pgd_validation_results.csv,convnext_small_l1_1_init2,convnext_small_l1_1_init2,l1,2,1.0,0.00392156862745098,convnext_small_l1_1_init2,eps=1 init 2
2026-03-19T21:39:38,model_best,/home/ashtomer/projects/ares/results/models/convnext_small_l1_1_init2/model_best.pth.tar,madry,l1,2,linf,2.0,0.0078431372549019,10,0.0015686274509803,75.734,92.036,45.062,78.016,1.05657427734375,2.760023359527588,state_dict_ema,/groups/golan_neurogroup/bml_group/tomerash/advmodels/results/models/convnext_small_l1_1_init2/pgd_eval/pgd_validation_results.csv,convnext_small_l1_1_init2,convnext_small_l1_1_init2,l1,2,1.0,0.00784313725490196,convnext_small_l1_1_init2,eps=1 init 2
2026-03-19T23:46:53,model_best,/home/ashtomer/projects/ares/results/models/convnext_small_l1_1_init2/model_best.pth.tar,madry,l1,2,linf,4.0,0.0156862745098039,10,0.0031372549019607,75.734,92.036,21.184,57.926,1.05657427734375,5.620888441772461,state_dict_ema,/groups/golan_neurogroup/bml_group/tomerash/advmodels/results/models/convnext_small_l1_1_init2/pgd_eval/pgd_validation_results.csv,convnext_small_l1_1_init2,convnext_small_l1_1_init2,l1,2,1.0,0.01568627450980392,convnext_small_l1_1_init2,eps=1 init 2
2026-03-20T01:53:25,model_best,/home/ashtomer/projects/ares/results/models/convnext_small_l1_1_init2/model_best.pth.tar,madry,l1,2,linf,8.0,0.0313725490196078,10,0.0062745098039215,75.734,92.036,6.194,22.66,1.05657427734375,12.265624059448244,state_dict_ema,/groups/golan_neurogroup/bml_group/tomerash/advmodels/results/models/convnext_small_l1_1_init2/pgd_eval/pgd_validation_results.csv,convnext_small_l1_1_init2,convnext_small_l1_1_init2,l1,2,1.0,0.03137254901960784,convnext_small_l1_1_init2,eps=1 init 2
2026-03-20T03:59:21,model_best,/home/ashtomer/projects/ares/results/models/convnext_small_l1_1_init2/model_best.pth.tar,madry,l1,2,linf,16.0,0.0627450980392156,10,0.0125490196078431,75.734,92.036,0.606,2.138,1.05657427734375,19.835173842163087,state_dict_ema,/groups/golan_neurogroup/bml_group/tomerash/advmodels/results/models/convnext_small_l1_1_init2/pgd_eval/pgd_validation_results.csv,convnext_small_l1_1_init2,convnext_small_l1_1_init2,l1,2,1.0,0.06274509803921569,convnext_small_l1_1_init2,eps=1 init 2
2026-03-20T06:05:06,model_best,/home/ashtomer/projects/ares/results/models/convnext_small_l1_1_init2/model_best.pth.tar,madry,l1,2,l2,0.5,0.5,10,0.1,75.734,92.036,69.624,89.812,1.05657427734375,1.2993214302062988,state_dict_ema,/groups/golan_neurogroup/bml_group/tomerash/advmodels/results/models/convnext_small_l1_1_init2/pgd_eval/pgd_validation_results.csv,convnext_small_l1_1_init2,convnext_small_l1_1_init2,l1,2,1.0,0.5,convnext_small_l1_1_init2,eps=1 init 2
2026-03-20T08:10:25,model_best,/home/ashtomer/projects/ares/results/models/convnext_small_l1_1_init2/model_best.pth.tar,madry,l1,2,l2,1.0,1.0,10,0.2,75.734,92.036,63.37,87.316,1.05657427734375,1.5897750094604493,state_dict_ema,/groups/golan_neurogroup/bml_group/tomerash/advmodels/results/models/convnext_small_l1_1_init2/pgd_eval/pgd_validation_results.csv,convnext_small_l1_1_init2,convnext_small_l1_1_init2,l1,2,1.0,1.0,convnext_small_l1_1_init2,eps=1 init 2
2026-03-20T10:15:38,model_best,/home/ashtomer/projects/ares/results/models/convnext_small_l1_1_init2/model_best.pth.tar,madry,l1,2,l2,2.0,2.0,10,0.4,75.734,92.036,48.624,80.552,1.05657427734375,2.439178185119629,state_dict_ema,/groups/golan_neurogroup/bml_group/tomerash/advmodels/results/models/convnext_small_l1_1_init2/pgd_eval/pgd_validation_results.csv,convnext_small_l1_1_init2,convnext_small_l1_1_init2,l1,2,1.0,2.0,convnext_small_l1_1_init2,eps=1 init 2
2026-03-20T12:22:06,model_best,/home/ashtomer/projects/ares/results/models/convnext_small_l1_1_init2/model_best.pth.tar,madry,l1,2,l2,4.0,4.0,10,0.8,75.734,92.036,24.096,61.966,1.05657427734375,5.007671976470947,state_dict_ema,/groups/golan_neurogroup/bml_group/tomerash/advmodels/results/models/convnext_small_l1_1_init2/pgd_eval/pgd_validation_results.csv,convnext_small_l1_1_init2,convnext_small_l1_1_init2,l1,2,1.0,4.0,convnext_small_l1_1_init2,eps=1 init 2
2026-03-20T14:29:31,model_best,/home/ashtomer/projects/ares/results/models/convnext_small_l1_1_init2/model_best.pth.tar,madry,l1,2,l2,8.0,8.0,10,1.6,75.734,92.036,7.32,26.794,1.05657427734375,11.398913815917968,state_dict_ema,/groups/golan_neurogroup/bml_group/tomerash/advmodels/results/models/convnext_small_l1_1_init2/pgd_eval/pgd_validation_results.csv,convnext_small_l1_1_init2,convnext_small_l1_1_init2,l1,2,1.0,8.0,convnext_small_l1_1_init2,eps=1 init 2
2026-03-20T16:36:49,model_best,/home/ashtomer/projects/ares/results/models/convnext_small_l1_1_init2/model_best.pth.tar,madry,l1,2,l2,16.0,16.0,10,3.2,75.734,92.036,0.886,2.704,1.05657427734375,20.34543975585937,state_dict_ema,/groups/golan_neurogroup/bml_group/tomerash/advmodels/results/models/convnext_small_l1_1_init2/pgd_eval/pgd_validation_results.csv,convnext_small_l1_1_init2,convnext_small_l1_1_init2,l1,2,1.0,16.0,convnext_small_l1_1_init2,eps=1 init 2
2026-03-20T18:45:04,model_best,/home/ashtomer/projects/ares/results/models/convnext_small_l1_1_init2/model_best.pth.tar,madry,l1,2,l1,0.5,63.75,10,12.75,75.734,92.036,66.25,88.48,1.05657427734375,1.474368705444336,state_dict_ema,/groups/golan_neurogroup/bml_group/tomerash/advmodels/results/models/convnext_small_l1_1_init2/pgd_eval/pgd_validation_results.csv,convnext_small_l1_1_init2,convnext_small_l1_1_init2,l1,2,1.0,63.75,convnext_small_l1_1_init2,eps=1 init 2
2026-03-20T20:53:14,model_best,/home/ashtomer/projects/ares/results/models/convnext_small_l1_1_init2/model_best.pth.tar,madry,l1,2,l1,1.0,127.5,10,25.5,75.734,92.036,59.738,85.352,1.05657427734375,1.8572071450805665,state_dict_ema,/groups/golan_neurogroup/bml_group/tomerash/advmodels/results/models/convnext_small_l1_1_init2/pgd_eval/pgd_validation_results.csv,convnext_small_l1_1_init2,convnext_small_l1_1_init2,l1,2,1.0,127.5,convnext_small_l1_1_init2,eps=1 init 2
2026-03-20T23:01:56,model_best,/home/ashtomer/projects/ares/results/models/convnext_small_l1_1_init2/model_best.pth.tar,madry,l1,2,l1,2.0,255.0,10,51.0,75.734,92.036,54.41,81.894,1.05657427734375,2.2812285356140136,state_dict_ema,/groups/golan_neurogroup/bml_group/tomerash/advmodels/results/models/convnext_small_l1_1_init2/pgd_eval/pgd_validation_results.csv,convnext_small_l1_1_init2,convnext_small_l1_1_init2,l1,2,1.0,255.0,convnext_small_l1_1_init2,eps=1 init 2
2026-03-21T01:10:38,model_best,/home/ashtomer/projects/ares/results/models/convnext_small_l1_1_init2/model_best.pth.tar,madry,l1,2,l1,4.0,510.0,10,102.0,75.734,92.036,52.842,80.66,1.05657427734375,2.441883334960937,state_dict_ema,/groups/golan_neurogroup/bml_group/tomerash/advmodels/results/models/convnext_small_l1_1_init2/pgd_eval/pgd_validation_results.csv,convnext_small_l1_1_init2,convnext_small_l1_1_init2,l1,2,1.0,510.0,convnext_small_l1_1_init2,eps=1 init 2
2026-03-21T03:18:08,model_best,/home/ashtomer/projects/ares/results/models/convnext_small_l1_1_init2/model_best.pth.tar,madry,l1,2,l1,8.0,1020.0,10,204.0,75.734,92.036,52.5,80.05,1.05657427734375,2.457686586761475,state_dict_ema,/groups/golan_neurogroup/bml_group/tomerash/advmodels/results/models/convnext_small_l1_1_init2/pgd_eval/pgd_validation_results.csv,convnext_small_l1_1_init2,convnext_small_l1_1_init2,l1,2,1.0,1020.0,convnext_small_l1_1_init2,eps=1 init 2
2026-03-21T05:25:26,model_best,/home/ashtomer/projects/ares/results/models/convnext_small_l1_1_init2/model_best.pth.tar,madry,l1,2,l1,16.0,2040.0,10,408.0,75.734,92.036,50.326,79.536,1.05657427734375,2.506102118682861,state_dict_ema,/groups/golan_neurogroup/bml_group/tomerash/advmodels/results/models/convnext_small_l1_1_init2/pgd_eval/pgd_validation_results.csv,convnext_small_l1_1_init2,convnext_small_l1_1_init2,l1,2,1.0,2040.0,convnext_small_l1_1_init2,eps=1 init 2
2026-03-03T00:00:02,model_best,results/models/convnext_small_l1_1_init2/model_best.pth.tar,madry,l1,2,linf,0.5,0.0019607843137254,10,0.000392156862745,75.744,92.036,72.468,90.854,1.056567158279419,1.218233892211914,state_dict_ema,/groups/golan_neurogroup/bml_group/tomerash/advmodels/results/models/convnext_small_l1_1_init2/pgd_validation_results.csv,convnext_small_l1_1_init2,convnext_small_l1_1_init2,l1,2,1.0,0.00196078431372549,convnext_small_l1_1_init2,eps=1 init 2
2026-03-03T00:21:30,model_best,results/models/convnext_small_l1_1_init2/model_best.pth.tar,madry,l1,2,linf,1.0,0.0039215686274509,10,0.0007843137254901,75.744,92.036,70.388,90.01,1.056567158279419,1.3060458028411863,state_dict_ema,/groups/golan_neurogroup/bml_group/tomerash/advmodels/results/models/convnext_small_l1_1_init2/pgd_validation_results.csv,convnext_small_l1_1_init2,convnext_small_l1_1_init2,l1,2,1.0,0.00392156862745098,convnext_small_l1_1_init2,eps=1 init 2
2026-03-03T00:42:49,model_best,results/models/convnext_small_l1_1_init2/model_best.pth.tar,madry,l1,2,linf,2.0,0.0078431372549019,10,0.0015686274509803,75.744,92.036,66.474,88.248,1.056567158279419,1.4825020671081544,state_dict_ema,/groups/golan_neurogroup/bml_group/tomerash/advmodels/results/models/convnext_small_l1_1_init2/pgd_validation_results.csv,convnext_small_l1_1_init2,convnext_small_l1_1_init2,l1,2,1.0,0.00784313725490196,convnext_small_l1_1_init2,eps=1 init 2
2026-03-03T01:04:12,model_best,results/models/convnext_small_l1_1_init2/model_best.pth.tar,madry,l1,2,linf,4.0,0.0156862745098039,10,0.0031372549019607,75.744,92.036,57.998,84.318,1.056567158279419,1.9305184222412108,state_dict_ema,/groups/golan_neurogroup/bml_group/tomerash/advmodels/results/models/convnext_small_l1_1_init2/pgd_validation_results.csv,convnext_small_l1_1_init2,convnext_small_l1_1_init2,l1,2,1.0,0.01568627450980392,convnext_small_l1_1_init2,eps=1 init 2
2026-03-03T01:25:34,model_best,results/models/convnext_small_l1_1_init2/model_best.pth.tar,madry,l1,2,linf,8.0,0.0313725490196078,10,0.0062745098039215,75.744,92.036,40.918,74.158,1.056567158279419,3.124543914642334,state_dict_ema,/groups/golan_neurogroup/bml_group/tomerash/advmodels/results/models/convnext_small_l1_1_init2/pgd_validation_results.csv,convnext_small_l1_1_init2,convnext_small_l1_1_init2,l1,2,1.0,0.03137254901960784,convnext_small_l1_1_init2,eps=1 init 2
2026-03-03T01:46:59,model_best,results/models/convnext_small_l1_1_init2/model_best.pth.tar,madry,l1,2,linf,16.0,0.0627450980392156,10,0.0125490196078431,75.744,92.036,18.662,50.628,1.056567158279419,6.16770441192627,state_dict_ema,/groups/golan_neurogroup/bml_group/tomerash/advmodels/results/models/convnext_small_l1_1_init2/pgd_validation_results.csv,convnext_small_l1_1_init2,convnext_small_l1_1_init2,l1,2,1.0,0.06274509803921569,convnext_small_l1_1_init2,eps=1 init 2
2026-03-03T02:08:24,model_best,results/models/convnext_small_l1_1_init2/model_best.pth.tar,madry,l1,2,l2,0.5,0.5,10,0.1,75.744,92.036,73.168,91.152,1.056567158279419,1.1688572609710692,state_dict_ema,/groups/golan_neurogroup/bml_group/tomerash/advmodels/results/models/convnext_small_l1_1_init2/pgd_validation_results.csv,convnext_small_l1_1_init2,convnext_small_l1_1_init2,l1,2,1.0,0.5,convnext_small_l1_1_init2,eps=1 init 2
2026-03-03T02:29:51,model_best,results/models/convnext_small_l1_1_init2/model_best.pth.tar,madry,l1,2,l2,1.0,1.0,10,0.2,75.744,92.036,72.056,90.718,1.056567158279419,1.200121390686035,state_dict_ema,/groups/golan_neurogroup/bml_group/tomerash/advmodels/results/models/convnext_small_l1_1_init2/pgd_validation_results.csv,convnext_small_l1_1_init2,convnext_small_l1_1_init2,l1,2,1.0,1.0,convnext_small_l1_1_init2,eps=1 init 2
2026-03-03T02:51:14,model_best,results/models/convnext_small_l1_1_init2/model_best.pth.tar,madry,l1,2,l2,2.0,2.0,10,0.4,75.744,92.036,68.544,89.278,1.056567158279419,1.3475042727661133,state_dict_ema,/groups/golan_neurogroup/bml_group/tomerash/advmodels/results/models/convnext_small_l1_1_init2/pgd_validation_results.csv,convnext_small_l1_1_init2,convnext_small_l1_1_init2,l1,2,1.0,2.0,convnext_small_l1_1_init2,eps=1 init 2
2026-03-03T03:12:40,model_best,results/models/convnext_small_l1_1_init2/model_best.pth.tar,madry,l1,2,l2,4.0,4.0,10,0.8,75.744,92.036,60.184,85.718,1.056567158279419,1.7612095193481443,state_dict_ema,/groups/golan_neurogroup/bml_group/tomerash/advmodels/results/models/convnext_small_l1_1_init2/pgd_validation_results.csv,convnext_small_l1_1_init2,convnext_small_l1_1_init2,l1,2,1.0,4.0,convnext_small_l1_1_init2,eps=1 init 2
2026-03-03T03:34:05,model_best,results/models/convnext_small_l1_1_init2/model_best.pth.tar,madry,l1,2,l2,8.0,8.0,10,1.6,75.744,92.036,42.506,75.446,1.056567158279419,2.9324820965576173,state_dict_ema,/groups/golan_neurogroup/bml_group/tomerash/advmodels/results/models/convnext_small_l1_1_init2/pgd_validation_results.csv,convnext_small_l1_1_init2,convnext_small_l1_1_init2,l1,2,1.0,8.0,convnext_small_l1_1_init2,eps=1 init 2
2026-03-03T03:55:30,model_best,results/models/convnext_small_l1_1_init2/model_best.pth.tar,madry,l1,2,l2,16.0,16.0,10,3.2,75.744,92.036,19.292,51.224,1.056567158279419,5.951057106933594,state_dict_ema,/groups/golan_neurogroup/bml_group/tomerash/advmodels/results/models/convnext_small_l1_1_init2/pgd_validation_results.csv,convnext_small_l1_1_init2,convnext_small_l1_1_init2,l1,2,1.0,16.0,convnext_small_l1_1_init2,eps=1 init 2
2026-03-03T04:17:09,model_best,results/models/convnext_small_l1_1_init2/model_best.pth.tar,madry,l1,2,l1,0.5,63.75,10,12.75,75.744,92.036,66.298,88.874,1.056567158279419,1.437296112060547,state_dict_ema,/groups/golan_neurogroup/bml_group/tomerash/advmodels/results/models/convnext_small_l1_1_init2/pgd_validation_results.csv,convnext_small_l1_1_init2,convnext_small_l1_1_init2,l1,2,1.0,63.75,convnext_small_l1_1_init2,eps=1 init 2
2026-03-03T04:38:49,model_best,results/models/convnext_small_l1_1_init2/model_best.pth.tar,madry,l1,2,l1,1.0,127.5,10,25.5,75.744,92.036,55.804,83.782,1.056567158279419,2.020294804458618,state_dict_ema,/groups/golan_neurogroup/bml_group/tomerash/advmodels/results/models/convnext_small_l1_1_init2/pgd_validation_results.csv,convnext_small_l1_1_init2,convnext_small_l1_1_init2,l1,2,1.0,127.5,convnext_small_l1_1_init2,eps=1 init 2
2026-03-03T05:00:27,model_best,results/models/convnext_small_l1_1_init2/model_best.pth.tar,madry,l1,2,l1,2.0,255.0,10,51.0,75.744,92.036,38.074,73.074,1.056567158279419,3.468378991394043,state_dict_ema,/groups/golan_neurogroup/bml_group/tomerash/advmodels/results/models/convnext_small_l1_1_init2/pgd_validation_results.csv,convnext_small_l1_1_init2,convnext_small_l1_1_init2,l1,2,1.0,255.0,convnext_small_l1_1_init2,eps=1 init 2
2026-03-03T05:22:04,model_best,results/models/convnext_small_l1_1_init2/model_best.pth.tar,madry,l1,2,l1,4.0,510.0,10,102.0,75.744,92.036,20.464,53.734,1.056567158279419,6.270295959472656,state_dict_ema,/groups/golan_neurogroup/bml_group/tomerash/advmodels/results/models/convnext_small_l1_1_init2/pgd_validation_results.csv,convnext_small_l1_1_init2,convnext_small_l1_1_init2,l1,2,1.0,510.0,convnext_small_l1_1_init2,eps=1 init 2
2026-03-03T05:43:43,model_best,results/models/convnext_small_l1_1_init2/model_best.pth.tar,madry,l1,2,l1,8.0,1020.0,10,204.0,75.744,92.036,11.516,35.694,1.056567158279419,8.975509116516113,state_dict_ema,/groups/golan_neurogroup/bml_group/tomerash/advmodels/results/models/convnext_small_l1_1_init2/pgd_validation_results.csv,convnext_small_l1_1_init2,convnext_small_l1_1_init2,l1,2,1.0,1020.0,convnext_small_l1_1_init2,eps=1 init 2
2026-03-03T06:05:19,model_best,results/models/convnext_small_l1_1_init2/model_best.pth.tar,madry,l1,2,l1,16.0,2040.0,10,408.0,75.744,92.036,10.548,30.752,1.056567158279419,9.50034844696045,state_dict_ema,/groups/golan_neurogroup/bml_group/tomerash/advmodels/results/models/convnext_small_l1_1_init2/pgd_validation_results.csv,convnext_small_l1_1_init2,convnext_small_l1_1_init2,l1,2,1.0,2040.0,convnext_small_l1_1_init2,eps=1 init 2
2026-03-19T17:47:38,model_best,/home/ashtomer/projects/ares/results/models/convnext_small_l1_2_init1/model_best.pth.tar,madry,l1,1,linf,0.5,0.0019607843137254,10,0.000392156862745,73.658,90.846,68.948,88.87,1.118690660095215,1.3216947159576415,state_dict_ema,/groups/golan_neurogroup/bml_group/tomerash/advmodels/results/models/convnext_small_l1_2_init1/pgd_eval/pgd_validation_results.csv,convnext_small_l1_2_init1,convnext_small_l1_2_init1,l1,1,2.0,0.00196078431372549,convnext_small_l1_2_init1,eps=2 init 1
2026-03-19T19:53:48,model_best,/home/ashtomer/projects/ares/results/models/convnext_small_l1_2_init1/model_best.pth.tar,madry,l1,1,linf,1.0,0.0039215686274509,10,0.0007843137254901,73.658,90.846,64.296,86.55,1.118690660095215,1.5390676891326904,state_dict_ema,/groups/golan_neurogroup/bml_group/tomerash/advmodels/results/models/convnext_small_l1_2_init1/pgd_eval/pgd_validation_results.csv,convnext_small_l1_2_init1,convnext_small_l1_2_init1,l1,1,2.0,0.00392156862745098,convnext_small_l1_2_init1,eps=2 init 1
2026-03-19T21:59:55,model_best,/home/ashtomer/projects/ares/results/models/convnext_small_l1_2_init1/model_best.pth.tar,madry,l1,1,linf,2.0,0.0078431372549019,10,0.0015686274509803,73.658,90.846,54.204,81.186,1.118690660095215,2.0729626831054686,state_dict_ema,/groups/golan_neurogroup/bml_group/tomerash/advmodels/results/models/convnext_small_l1_2_init1/pgd_eval/pgd_validation_results.csv,convnext_small_l1_2_init1,convnext_small_l1_2_init1,l1,1,2.0,0.00784313725490196,convnext_small_l1_2_init1,eps=2 init 1
2026-03-20T00:06:52,model_best,/home/ashtomer/projects/ares/results/models/convnext_small_l1_2_init1/model_best.pth.tar,madry,l1,1,linf,4.0,0.0156862745098039,10,0.0031372549019607,73.658,90.846,34.208,67.266,1.118690660095215,3.566381780395508,state_dict_ema,/groups/golan_neurogroup/bml_group/tomerash/advmodels/results/models/convnext_small_l1_2_init1/pgd_eval/pgd_validation_results.csv,convnext_small_l1_2_init1,convnext_small_l1_2_init1,l1,1,2.0,0.01568627450980392,convnext_small_l1_2_init1,eps=2 init 1
2026-03-20T02:16:36,model_best,/home/ashtomer/projects/ares/results/models/convnext_small_l1_2_init1/model_best.pth.tar,madry,l1,1,linf,8.0,0.0313725490196078,10,0.0062745098039215,73.658,90.846,13.532,38.036,1.118690660095215,7.566871024780274,state_dict_ema,/groups/golan_neurogroup/bml_group/tomerash/advmodels/results/models/convnext_small_l1_2_init1/pgd_eval/pgd_validation_results.csv,convnext_small_l1_2_init1,convnext_small_l1_2_init1,l1,1,2.0,0.03137254901960784,convnext_small_l1_2_init1,eps=2 init 1
2026-03-20T04:25:45,model_best,/home/ashtomer/projects/ares/results/models/convnext_small_l1_2_init1/model_best.pth.tar,madry,l1,1,linf,16.0,0.0627450980392156,10,0.0125490196078431,73.658,90.846,2.878,7.51,1.118690660095215,14.899770092773435,state_dict_ema,/groups/golan_neurogroup/bml_group/tomerash/advmodels/results/models/convnext_small_l1_2_init1/pgd_eval/pgd_validation_results.csv,convnext_small_l1_2_init1,convnext_small_l1_2_init1,l1,1,2.0,0.06274509803921569,convnext_small_l1_2_init1,eps=2 init 1
2026-03-20T06:34:49,model_best,/home/ashtomer/projects/ares/results/models/convnext_small_l1_2_init1/model_best.pth.tar,madry,l1,1,l2,0.5,0.5,10,0.1,73.658,90.846,69.318,89.086,1.118690660095215,1.2985456047058106,state_dict_ema,/groups/golan_neurogroup/bml_group/tomerash/advmodels/results/models/convnext_small_l1_2_init1/pgd_eval/pgd_validation_results.csv,convnext_small_l1_2_init1,convnext_small_l1_2_init1,l1,1,2.0,0.5,convnext_small_l1_2_init1,eps=2 init 1
2026-03-20T08:43:36,model_best,/home/ashtomer/projects/ares/results/models/convnext_small_l1_2_init1/model_best.pth.tar,madry,l1,1,l2,1.0,1.0,10,0.2,73.658,90.846,65.13,87.026,1.118690660095215,1.4924199769592286,state_dict_ema,/groups/golan_neurogroup/bml_group/tomerash/advmodels/results/models/convnext_small_l1_2_init1/pgd_eval/pgd_validation_results.csv,convnext_small_l1_2_init1,convnext_small_l1_2_init1,l1,1,2.0,1.0,convnext_small_l1_2_init1,eps=2 init 1
2026-03-20T10:52:06,model_best,/home/ashtomer/projects/ares/results/models/convnext_small_l1_2_init1/model_best.pth.tar,madry,l1,1,l2,2.0,2.0,10,0.4,73.658,90.846,55.514,82.08,1.118690660095215,1.9809007666015623,state_dict_ema,/groups/golan_neurogroup/bml_group/tomerash/advmodels/results/models/convnext_small_l1_2_init1/pgd_eval/pgd_validation_results.csv,convnext_small_l1_2_init1,convnext_small_l1_2_init1,l1,1,2.0,2.0,convnext_small_l1_2_init1,eps=2 init 1
2026-03-20T13:01:49,model_best,/home/ashtomer/projects/ares/results/models/convnext_small_l1_2_init1/model_best.pth.tar,madry,l1,1,l2,4.0,4.0,10,0.8,73.658,90.846,36.102,68.934,1.118690660095215,3.341740762634277,state_dict_ema,/groups/golan_neurogroup/bml_group/tomerash/advmodels/results/models/convnext_small_l1_2_init1/pgd_eval/pgd_validation_results.csv,convnext_small_l1_2_init1,convnext_small_l1_2_init1,l1,1,2.0,4.0,convnext_small_l1_2_init1,eps=2 init 1
2026-03-20T15:10:45,model_best,/home/ashtomer/projects/ares/results/models/convnext_small_l1_2_init1/model_best.pth.tar,madry,l1,1,l2,8.0,8.0,10,1.6,73.658,90.846,14.158,40.922,1.118690660095215,7.087286756591797,state_dict_ema,/groups/golan_neurogroup/bml_group/tomerash/advmodels/results/models/convnext_small_l1_2_init1/pgd_eval/pgd_validation_results.csv,convnext_small_l1_2_init1,convnext_small_l1_2_init1,l1,1,2.0,8.0,convnext_small_l1_2_init1,eps=2 init 1
2026-03-20T17:19:19,model_best,/home/ashtomer/projects/ares/results/models/convnext_small_l1_2_init1/model_best.pth.tar,madry,l1,1,l2,16.0,16.0,10,3.2,73.658,90.846,3.088,8.152,1.118690660095215,14.802089238891602,state_dict_ema,/groups/golan_neurogroup/bml_group/tomerash/advmodels/results/models/convnext_small_l1_2_init1/pgd_eval/pgd_validation_results.csv,convnext_small_l1_2_init1,convnext_small_l1_2_init1,l1,1,2.0,16.0,convnext_small_l1_2_init1,eps=2 init 1
2026-03-20T19:29:10,model_best,/home/ashtomer/projects/ares/results/models/convnext_small_l1_2_init1/model_best.pth.tar,madry,l1,1,l1,0.5,63.75,10,12.75,73.658,90.846,62.716,86.01,1.118690660095215,1.605945185470581,state_dict_ema,/groups/golan_neurogroup/bml_group/tomerash/advmodels/results/models/convnext_small_l1_2_init1/pgd_eval/pgd_validation_results.csv,convnext_small_l1_2_init1,convnext_small_l1_2_init1,l1,1,2.0,63.75,convnext_small_l1_2_init1,eps=2 init 1
2026-03-20T21:39:48,model_best,/home/ashtomer/projects/ares/results/models/convnext_small_l1_2_init1/model_best.pth.tar,madry,l1,1,l1,1.0,127.5,10,25.5,73.658,90.846,54.62,81.97,1.118690660095215,2.025058283920288,state_dict_ema,/groups/golan_neurogroup/bml_group/tomerash/advmodels/results/models/convnext_small_l1_2_init1/pgd_eval/pgd_validation_results.csv,convnext_small_l1_2_init1,convnext_small_l1_2_init1,l1,1,2.0,127.5,convnext_small_l1_2_init1,eps=2 init 1
2026-03-20T23:51:33,model_best,/home/ashtomer/projects/ares/results/models/convnext_small_l1_2_init1/model_best.pth.tar,madry,l1,1,l1,2.0,255.0,10,51.0,73.658,90.846,45.638,76.784,1.118690660095215,2.556285663452148,state_dict_ema,/groups/golan_neurogroup/bml_group/tomerash/advmodels/results/models/convnext_small_l1_2_init1/pgd_eval/pgd_validation_results.csv,convnext_small_l1_2_init1,convnext_small_l1_2_init1,l1,1,2.0,255.0,convnext_small_l1_2_init1,eps=2 init 1
2026-03-21T02:03:16,model_best,/home/ashtomer/projects/ares/results/models/convnext_small_l1_2_init1/model_best.pth.tar,madry,l1,1,l1,4.0,510.0,10,102.0,73.658,90.846,40.414,73.444,1.118690660095215,2.90530441986084,state_dict_ema,/groups/golan_neurogroup/bml_group/tomerash/advmodels/results/models/convnext_small_l1_2_init1/pgd_eval/pgd_validation_results.csv,convnext_small_l1_2_init1,convnext_small_l1_2_init1,l1,1,2.0,510.0,convnext_small_l1_2_init1,eps=2 init 1
2026-03-21T04:14:04,model_best,/home/ashtomer/projects/ares/results/models/convnext_small_l1_2_init1/model_best.pth.tar,madry,l1,1,l1,8.0,1020.0,10,204.0,73.658,90.846,39.334,72.548,1.118690660095215,2.983750999450684,state_dict_ema,/groups/golan_neurogroup/bml_group/tomerash/advmodels/results/models/convnext_small_l1_2_init1/pgd_eval/pgd_validation_results.csv,convnext_small_l1_2_init1,convnext_small_l1_2_init1,l1,1,2.0,1020.0,convnext_small_l1_2_init1,eps=2 init 1
2026-03-21T06:24:03,model_best,/home/ashtomer/projects/ares/results/models/convnext_small_l1_2_init1/model_best.pth.tar,madry,l1,1,l1,16.0,2040.0,10,408.0,73.658,90.846,39.672,72.596,1.118690660095215,2.956233241882324,state_dict_ema,/groups/golan_neurogroup/bml_group/tomerash/advmodels/results/models/convnext_small_l1_2_init1/pgd_eval/pgd_validation_results.csv,convnext_small_l1_2_init1,convnext_small_l1_2_init1,l1,1,2.0,2040.0,convnext_small_l1_2_init1,eps=2 init 1
2026-03-03T00:12:57,model_best,results/models/convnext_small_l1_2_init1/model_best.pth.tar,madry,l1,1,linf,0.5,0.0019607843137254,10,0.000392156862745,73.652,90.854,72.232,90.272,1.118679073791504,1.17641284576416,state_dict_ema,/groups/golan_neurogroup/bml_group/tomerash/advmodels/results/models/convnext_small_l1_2_init1/pgd_validation_results.csv,convnext_small_l1_2_init1,convnext_small_l1_2_init1,l1,1,2.0,0.00196078431372549,convnext_small_l1_2_init1,eps=2 init 1
2026-03-03T00:34:25,model_best,results/models/convnext_small_l1_2_init1/model_best.pth.tar,madry,l1,1,linf,1.0,0.0039215686274509,10,0.0007843137254901,73.652,90.854,70.822,89.704,1.118679073791504,1.2364347245788574,state_dict_ema,/groups/golan_neurogroup/bml_group/tomerash/advmodels/results/models/convnext_small_l1_2_init1/pgd_validation_results.csv,convnext_small_l1_2_init1,convnext_small_l1_2_init1,l1,1,2.0,0.00392156862745098,convnext_small_l1_2_init1,eps=2 init 1
2026-03-03T00:55:51,model_best,results/models/convnext_small_l1_2_init1/model_best.pth.tar,madry,l1,1,linf,2.0,0.0078431372549019,10,0.0015686274509803,73.652,90.854,68.216,88.47,1.118679073791504,1.358751174697876,state_dict_ema,/groups/golan_neurogroup/bml_group/tomerash/advmodels/results/models/convnext_small_l1_2_init1/pgd_validation_results.csv,convnext_small_l1_2_init1,convnext_small_l1_2_init1,l1,1,2.0,0.00784313725490196,convnext_small_l1_2_init1,eps=2 init 1
2026-03-03T01:17:17,model_best,results/models/convnext_small_l1_2_init1/model_best.pth.tar,madry,l1,1,linf,4.0,0.0156862745098039,10,0.0031372549019607,73.652,90.854,62.652,85.594,1.118679073791504,1.6244102415466308,state_dict_ema,/groups/golan_neurogroup/bml_group/tomerash/advmodels/results/models/convnext_small_l1_2_init1/pgd_validation_results.csv,convnext_small_l1_2_init1,convnext_small_l1_2_init1,l1,1,2.0,0.01568627450980392,convnext_small_l1_2_init1,eps=2 init 1
2026-03-03T01:38:43,model_best,results/models/convnext_small_l1_2_init1/model_best.pth.tar,madry,l1,1,linf,8.0,0.0313725490196078,10,0.0062745098039215,73.652,90.854,50.706,78.766,1.118679073791504,2.292643626403809,state_dict_ema,/groups/golan_neurogroup/bml_group/tomerash/advmodels/results/models/convnext_small_l1_2_init1/pgd_validation_results.csv,convnext_small_l1_2_init1,convnext_small_l1_2_init1,l1,1,2.0,0.03137254901960784,convnext_small_l1_2_init1,eps=2 init 1
2026-03-03T02:00:07,model_best,results/models/convnext_small_l1_2_init1/model_best.pth.tar,madry,l1,1,linf,16.0,0.0627450980392156,10,0.0125490196078431,73.652,90.854,28.904,60.114,1.118679073791504,4.1425423420715335,state_dict_ema,/groups/golan_neurogroup/bml_group/tomerash/advmodels/results/models/convnext_small_l1_2_init1/pgd_validation_results.csv,convnext_small_l1_2_init1,convnext_small_l1_2_init1,l1,1,2.0,0.06274509803921569,convnext_small_l1_2_init1,eps=2 init 1
2026-03-03T02:21:37,model_best,results/models/convnext_small_l1_2_init1/model_best.pth.tar,madry,l1,1,l2,0.5,0.5,10,0.1,73.652,90.854,72.228,90.29,1.118679073791504,1.1759485676574708,state_dict_ema,/groups/golan_neurogroup/bml_group/tomerash/advmodels/results/models/convnext_small_l1_2_init1/pgd_validation_results.csv,convnext_small_l1_2_init1,convnext_small_l1_2_init1,l1,1,2.0,0.5,convnext_small_l1_2_init1,eps=2 init 1
2026-03-03T02:43:02,model_best,results/models/convnext_small_l1_2_init1/model_best.pth.tar,madry,l1,1,l2,1.0,1.0,10,0.2,73.652,90.854,70.816,89.748,1.118679073791504,1.2336144960784912,state_dict_ema,/groups/golan_neurogroup/bml_group/tomerash/advmodels/results/models/convnext_small_l1_2_init1/pgd_validation_results.csv,convnext_small_l1_2_init1,convnext_small_l1_2_init1,l1,1,2.0,1.0,convnext_small_l1_2_init1,eps=2 init 1
2026-03-03T03:04:34,model_best,results/models/convnext_small_l1_2_init1/model_best.pth.tar,madry,l1,1,l2,2.0,2.0,10,0.4,73.652,90.854,68.248,88.576,1.118679073791504,1.3518679049682618,state_dict_ema,/groups/golan_neurogroup/bml_group/tomerash/advmodels/results/models/convnext_small_l1_2_init1/pgd_validation_results.csv,convnext_small_l1_2_init1,convnext_small_l1_2_init1,l1,1,2.0,2.0,convnext_small_l1_2_init1,eps=2 init 1
2026-03-03T03:26:02,model_best,results/models/convnext_small_l1_2_init1/model_best.pth.tar,madry,l1,1,l2,4.0,4.0,10,0.8,73.652,90.854,62.666,85.748,1.118679073791504,1.6137774597167969,state_dict_ema,/groups/golan_neurogroup/bml_group/tomerash/advmodels/results/models/convnext_small_l1_2_init1/pgd_validation_results.csv,convnext_small_l1_2_init1,convnext_small_l1_2_init1,l1,1,2.0,4.0,convnext_small_l1_2_init1,eps=2 init 1
2026-03-03T03:47:32,model_best,results/models/convnext_small_l1_2_init1/model_best.pth.tar,madry,l1,1,l2,8.0,8.0,10,1.6,73.652,90.854,50.402,78.616,1.118679073791504,2.294691225280762,state_dict_ema,/groups/golan_neurogroup/bml_group/tomerash/advmodels/results/models/convnext_small_l1_2_init1/pgd_validation_results.csv,convnext_small_l1_2_init1,convnext_small_l1_2_init1,l1,1,2.0,8.0,convnext_small_l1_2_init1,eps=2 init 1
2026-03-03T04:08:59,model_best,results/models/convnext_small_l1_2_init1/model_best.pth.tar,madry,l1,1,l2,16.0,16.0,10,3.2,73.652,90.854,27.972,59.19,1.118679073791504,4.1902745246887205,state_dict_ema,/groups/golan_neurogroup/bml_group/tomerash/advmodels/results/models/convnext_small_l1_2_init1/pgd_validation_results.csv,convnext_small_l1_2_init1,convnext_small_l1_2_init1,l1,1,2.0,16.0,convnext_small_l1_2_init1,eps=2 init 1
2026-03-03T04:30:44,model_best,results/models/convnext_small_l1_2_init1/model_best.pth.tar,madry,l1,1,l1,0.5,63.75,10,12.75,73.652,90.854,64.53,86.924,1.118679073791504,1.51154450630188,state_dict_ema,/groups/golan_neurogroup/bml_group/tomerash/advmodels/results/models/convnext_small_l1_2_init1/pgd_validation_results.csv,convnext_small_l1_2_init1,convnext_small_l1_2_init1,l1,1,2.0,63.75,convnext_small_l1_2_init1,eps=2 init 1
2026-03-03T04:52:25,model_best,results/models/convnext_small_l1_2_init1/model_best.pth.tar,madry,l1,1,l1,1.0,127.5,10,25.5,73.652,90.854,54.318,81.676,1.118679073791504,2.036354662322998,state_dict_ema,/groups/golan_neurogroup/bml_group/tomerash/advmodels/results/models/convnext_small_l1_2_init1/pgd_validation_results.csv,convnext_small_l1_2_init1,convnext_small_l1_2_init1,l1,1,2.0,127.5,convnext_small_l1_2_init1,eps=2 init 1
2026-03-03T05:14:08,model_best,results/models/convnext_small_l1_2_init1/model_best.pth.tar,madry,l1,1,l1,2.0,255.0,10,51.0,73.652,90.854,36.438,69.97,1.118679073791504,3.260935121154785,state_dict_ema,/groups/golan_neurogroup/bml_group/tomerash/advmodels/results/models/convnext_small_l1_2_init1/pgd_validation_results.csv,convnext_small_l1_2_init1,convnext_small_l1_2_init1,l1,1,2.0,255.0,convnext_small_l1_2_init1,eps=2 init 1
2026-03-03T05:35:48,model_best,results/models/convnext_small_l1_2_init1/model_best.pth.tar,madry,l1,1,l1,4.0,510.0,10,102.0,73.652,90.854,18.232,50.704,1.118679073791504,5.598592492675781,state_dict_ema,/groups/golan_neurogroup/bml_group/tomerash/advmodels/results/models/convnext_small_l1_2_init1/pgd_validation_results.csv,convnext_small_l1_2_init1,convnext_small_l1_2_init1,l1,1,2.0,510.0,convnext_small_l1_2_init1,eps=2 init 1
2026-03-03T05:57:30,model_best,results/models/convnext_small_l1_2_init1/model_best.pth.tar,madry,l1,1,l1,8.0,1020.0,10,204.0,73.652,90.854,8.008,30.89,1.118679073791504,8.23347529510498,state_dict_ema,/groups/golan_neurogroup/bml_group/tomerash/advmodels/results/models/convnext_small_l1_2_init1/pgd_validation_results.csv,convnext_small_l1_2_init1,convnext_small_l1_2_init1,l1,1,2.0,1020.0,convnext_small_l1_2_init1,eps=2 init 1
2026-03-03T06:19:10,model_best,results/models/convnext_small_l1_2_init1/model_best.pth.tar,madry,l1,1,l1,16.0,2040.0,10,408.0,73.652,90.854,4.92,22.136,1.118679073791504,9.34247895690918,state_dict_ema,/groups/golan_neurogroup/bml_group/tomerash/advmodels/results/models/convnext_small_l1_2_init1/pgd_validation_results.csv,convnext_small_l1_2_init1,convnext_small_l1_2_init1,l1,1,2.0,2040.0,convnext_small_l1_2_init1,eps=2 init 1
2026-03-19T18:02:05,model_best,/home/ashtomer/projects/ares/results/models/convnext_small_l1_2_init2/model_best.pth.tar,madry,l1,2,linf,0.5,0.0019607843137254,10,0.000392156862745,73.132,90.754,69.138,88.902,1.1234475003814697,1.3136511640167237,state_dict_ema,/groups/golan_neurogroup/bml_group/tomerash/advmodels/results/models/convnext_small_l1_2_init2/pgd_eval/pgd_validation_results.csv,convnext_small_l1_2_init2,convnext_small_l1_2_init2,l1,2,2.0,0.00196078431372549,convnext_small_l1_2_init2,eps=2 init 2
2026-03-19T20:10:29,model_best,/home/ashtomer/projects/ares/results/models/convnext_small_l1_2_init2/model_best.pth.tar,madry,l1,2,linf,1.0,0.0039215686274509,10,0.0007843137254901,73.132,90.754,64.418,86.72,1.1234475003814697,1.532303828048706,state_dict_ema,/groups/golan_neurogroup/bml_group/tomerash/advmodels/results/models/convnext_small_l1_2_init2/pgd_eval/pgd_validation_results.csv,convnext_small_l1_2_init2,convnext_small_l1_2_init2,l1,2,2.0,0.00392156862745098,convnext_small_l1_2_init2,eps=2 init 2
2026-03-19T22:18:43,model_best,/home/ashtomer/projects/ares/results/models/convnext_small_l1_2_init2/model_best.pth.tar,madry,l1,2,linf,2.0,0.0078431372549019,10,0.0015686274509803,73.132,90.754,54.09,81.496,1.1234475003814697,2.0673954237365724,state_dict_ema,/groups/golan_neurogroup/bml_group/tomerash/advmodels/results/models/convnext_small_l1_2_init2/pgd_eval/pgd_validation_results.csv,convnext_small_l1_2_init2,convnext_small_l1_2_init2,l1,2,2.0,0.00784313725490196,convnext_small_l1_2_init2,eps=2 init 2
2026-03-20T00:26:42,model_best,/home/ashtomer/projects/ares/results/models/convnext_small_l1_2_init2/model_best.pth.tar,madry,l1,2,linf,4.0,0.0156862745098039,10,0.0031372549019607,73.132,90.754,34.382,67.55,1.1234475003814697,3.544287865447998,state_dict_ema,/groups/golan_neurogroup/bml_group/tomerash/advmodels/results/models/convnext_small_l1_2_init2/pgd_eval/pgd_validation_results.csv,convnext_small_l1_2_init2,convnext_small_l1_2_init2,l1,2,2.0,0.01568627450980392,convnext_small_l1_2_init2,eps=2 init 2
2026-03-20T02:34:21,model_best,/home/ashtomer/projects/ares/results/models/convnext_small_l1_2_init2/model_best.pth.tar,madry,l1,2,linf,8.0,0.0313725490196078,10,0.0062745098039215,73.132,90.754,13.344,38.876,1.1234475003814697,7.521447867736817,state_dict_ema,/groups/golan_neurogroup/bml_group/tomerash/advmodels/results/models/convnext_small_l1_2_init2/pgd_eval/pgd_validation_results.csv,convnext_small_l1_2_init2,convnext_small_l1_2_init2,l1,2,2.0,0.03137254901960784,convnext_small_l1_2_init2,eps=2 init 2
2026-03-20T04:41:46,model_best,/home/ashtomer/projects/ares/results/models/convnext_small_l1_2_init2/model_best.pth.tar,madry,l1,2,linf,16.0,0.0627450980392156,10,0.0125490196078431,73.132,90.754,2.7,7.684,1.1234475003814697,14.842570428466797,state_dict_ema,/groups/golan_neurogroup/bml_group/tomerash/advmodels/results/models/convnext_small_l1_2_init2/pgd_eval/pgd_validation_results.csv,convnext_small_l1_2_init2,convnext_small_l1_2_init2,l1,2,2.0,0.06274509803921569,convnext_small_l1_2_init2,eps=2 init 2
2026-03-20T06:49:05,model_best,/home/ashtomer/projects/ares/results/models/convnext_small_l1_2_init2/model_best.pth.tar,madry,l1,2,l2,0.5,0.5,10,0.1,73.132,90.754,69.512,89.032,1.1234475003814697,1.2990669703674316,state_dict_ema,/groups/golan_neurogroup/bml_group/tomerash/advmodels/results/models/convnext_small_l1_2_init2/pgd_eval/pgd_validation_results.csv,convnext_small_l1_2_init2,convnext_small_l1_2_init2,l1,2,2.0,0.5,convnext_small_l1_2_init2,eps=2 init 2
2026-03-20T08:56:19,model_best,/home/ashtomer/projects/ares/results/models/convnext_small_l1_2_init2/model_best.pth.tar,madry,l1,2,l2,1.0,1.0,10,0.2,73.132,90.754,65.076,86.952,1.1234475003814697,1.4992029407501222,state_dict_ema,/groups/golan_neurogroup/bml_group/tomerash/advmodels/results/models/convnext_small_l1_2_init2/pgd_eval/pgd_validation_results.csv,convnext_small_l1_2_init2,convnext_small_l1_2_init2,l1,2,2.0,1.0,convnext_small_l1_2_init2,eps=2 init 2
2026-03-20T11:03:33,model_best,/home/ashtomer/projects/ares/results/models/convnext_small_l1_2_init2/model_best.pth.tar,madry,l1,2,l2,2.0,2.0,10,0.4,73.132,90.754,55.592,82.128,1.1234475003814697,1.983774944076538,state_dict_ema,/groups/golan_neurogroup/bml_group/tomerash/advmodels/results/models/convnext_small_l1_2_init2/pgd_eval/pgd_validation_results.csv,convnext_small_l1_2_init2,convnext_small_l1_2_init2,l1,2,2.0,2.0,convnext_small_l1_2_init2,eps=2 init 2
2026-03-20T13:11:37,model_best,/home/ashtomer/projects/ares/results/models/convnext_small_l1_2_init2/model_best.pth.tar,madry,l1,2,l2,4.0,4.0,10,0.8,73.132,90.754,36.418,69.294,1.1234475003814697,3.315825096130371,state_dict_ema,/groups/golan_neurogroup/bml_group/tomerash/advmodels/results/models/convnext_small_l1_2_init2/pgd_eval/pgd_validation_results.csv,convnext_small_l1_2_init2,convnext_small_l1_2_init2,l1,2,2.0,4.0,convnext_small_l1_2_init2,eps=2 init 2
2026-03-20T15:19:35,model_best,/home/ashtomer/projects/ares/results/models/convnext_small_l1_2_init2/model_best.pth.tar,madry,l1,2,l2,8.0,8.0,10,1.6,73.132,90.754,14.236,41.82,1.1234475003814697,7.002188765869141,state_dict_ema,/groups/golan_neurogroup/bml_group/tomerash/advmodels/results/models/convnext_small_l1_2_init2/pgd_eval/pgd_validation_results.csv,convnext_small_l1_2_init2,convnext_small_l1_2_init2,l1,2,2.0,8.0,convnext_small_l1_2_init2,eps=2 init 2
2026-03-20T17:27:33,model_best,/home/ashtomer/projects/ares/results/models/convnext_small_l1_2_init2/model_best.pth.tar,madry,l1,2,l2,16.0,16.0,10,3.2,73.132,90.754,2.936,8.6,1.1234475003814697,14.691733950805665,state_dict_ema,/groups/golan_neurogroup/bml_group/tomerash/advmodels/results/models/convnext_small_l1_2_init2/pgd_eval/pgd_validation_results.csv,convnext_small_l1_2_init2,convnext_small_l1_2_init2,l1,2,2.0,16.0,convnext_small_l1_2_init2,eps=2 init 2
2026-03-20T19:36:31,model_best,/home/ashtomer/projects/ares/results/models/convnext_small_l1_2_init2/model_best.pth.tar,madry,l1,2,l1,0.5,63.75,10,12.75,73.132,90.754,62.422,85.606,1.1234475003814697,1.6277844496917724,state_dict_ema,/groups/golan_neurogroup/bml_group/tomerash/advmodels/results/models/convnext_small_l1_2_init2/pgd_eval/pgd_validation_results.csv,convnext_small_l1_2_init2,convnext_small_l1_2_init2,l1,2,2.0,63.75,convnext_small_l1_2_init2,eps=2 init 2
2026-03-20T21:45:35,model_best,/home/ashtomer/projects/ares/results/models/convnext_small_l1_2_init2/model_best.pth.tar,madry,l1,2,l1,1.0,127.5,10,25.5,73.132,90.754,54.386,81.552,1.1234475003814697,2.0455215561676026,state_dict_ema,/groups/golan_neurogroup/bml_group/tomerash/advmodels/results/models/convnext_small_l1_2_init2/pgd_eval/pgd_validation_results.csv,convnext_small_l1_2_init2,convnext_small_l1_2_init2,l1,2,2.0,127.5,convnext_small_l1_2_init2,eps=2 init 2
2026-03-20T23:54:53,model_best,/home/ashtomer/projects/ares/results/models/convnext_small_l1_2_init2/model_best.pth.tar,madry,l1,2,l1,2.0,255.0,10,51.0,73.132,90.754,45.522,76.366,1.1234475003814697,2.5731958810424804,state_dict_ema,/groups/golan_neurogroup/bml_group/tomerash/advmodels/results/models/convnext_small_l1_2_init2/pgd_eval/pgd_validation_results.csv,convnext_small_l1_2_init2,convnext_small_l1_2_init2,l1,2,2.0,255.0,convnext_small_l1_2_init2,eps=2 init 2
2026-03-21T02:03:39,model_best,/home/ashtomer/projects/ares/results/models/convnext_small_l1_2_init2/model_best.pth.tar,madry,l1,2,l1,4.0,510.0,10,102.0,73.132,90.754,40.196,73.136,1.1234475003814697,2.9222321273803717,state_dict_ema,/groups/golan_neurogroup/bml_group/tomerash/advmodels/results/models/convnext_small_l1_2_init2/pgd_eval/pgd_validation_results.csv,convnext_small_l1_2_init2,convnext_small_l1_2_init2,l1,2,2.0,510.0,convnext_small_l1_2_init2,eps=2 init 2
2026-03-21T04:11:42,model_best,/home/ashtomer/projects/ares/results/models/convnext_small_l1_2_init2/model_best.pth.tar,madry,l1,2,l1,8.0,1020.0,10,204.0,73.132,90.754,39.024,72.032,1.1234475003814697,3.003616647338867,state_dict_ema,/groups/golan_neurogroup/bml_group/tomerash/advmodels/results/models/convnext_small_l1_2_init2/pgd_eval/pgd_validation_results.csv,convnext_small_l1_2_init2,convnext_small_l1_2_init2,l1,2,2.0,1020.0,convnext_small_l1_2_init2,eps=2 init 2
2026-03-21T06:19:10,model_best,/home/ashtomer/projects/ares/results/models/convnext_small_l1_2_init2/model_best.pth.tar,madry,l1,2,l1,16.0,2040.0,10,408.0,73.132,90.754,39.414,72.072,1.1234475003814697,2.976769261779785,state_dict_ema,/groups/golan_neurogroup/bml_group/tomerash/advmodels/results/models/convnext_small_l1_2_init2/pgd_eval/pgd_validation_results.csv,convnext_small_l1_2_init2,convnext_small_l1_2_init2,l1,2,2.0,2040.0,convnext_small_l1_2_init2,eps=2 init 2
2026-03-03T04:12:46,model_best,results/models/convnext_small_l1_2_init2/model_best.pth.tar,madry,l1,2,linf,0.5,0.0019607843137254,10,0.000392156862745,73.134,90.75,72.012,90.266,1.12345689743042,1.1767667052459716,state_dict_ema,/groups/golan_neurogroup/bml_group/tomerash/advmodels/results/models/convnext_small_l1_2_init2/pgd_validation_results.csv,convnext_small_l1_2_init2,convnext_small_l1_2_init2,l1,2,2.0,0.00196078431372549,convnext_small_l1_2_init2,eps=2 init 2
2026-03-03T04:35:53,model_best,results/models/convnext_small_l1_2_init2/model_best.pth.tar,madry,l1,2,linf,1.0,0.0039215686274509,10,0.0007843137254901,73.134,90.75,70.886,89.672,1.12345689743042,1.2323152603912353,state_dict_ema,/groups/golan_neurogroup/bml_group/tomerash/advmodels/results/models/convnext_small_l1_2_init2/pgd_validation_results.csv,convnext_small_l1_2_init2,convnext_small_l1_2_init2,l1,2,2.0,0.00392156862745098,convnext_small_l1_2_init2,eps=2 init 2
2026-03-03T04:58:59,model_best,results/models/convnext_small_l1_2_init2/model_best.pth.tar,madry,l1,2,linf,2.0,0.0078431372549019,10,0.0015686274509803,73.134,90.75,68.334,88.502,1.12345689743042,1.3506557023620605,state_dict_ema,/groups/golan_neurogroup/bml_group/tomerash/advmodels/results/models/convnext_small_l1_2_init2/pgd_validation_results.csv,convnext_small_l1_2_init2,convnext_small_l1_2_init2,l1,2,2.0,0.00784313725490196,convnext_small_l1_2_init2,eps=2 init 2
2026-03-03T05:22:06,model_best,results/models/convnext_small_l1_2_init2/model_best.pth.tar,madry,l1,2,linf,4.0,0.0156862745098039,10,0.0031372549019607,73.134,90.75,62.668,85.724,1.12345689743042,1.6208249088287354,state_dict_ema,/groups/golan_neurogroup/bml_group/tomerash/advmodels/results/models/convnext_small_l1_2_init2/pgd_validation_results.csv,convnext_small_l1_2_init2,convnext_small_l1_2_init2,l1,2,2.0,0.01568627450980392,convnext_small_l1_2_init2,eps=2 init 2
2026-03-03T05:45:14,model_best,results/models/convnext_small_l1_2_init2/model_best.pth.tar,madry,l1,2,linf,8.0,0.0313725490196078,10,0.0062745098039215,73.134,90.75,50.13,78.782,1.12345689743042,2.312046311645508,state_dict_ema,/groups/golan_neurogroup/bml_group/tomerash/advmodels/results/models/convnext_small_l1_2_init2/pgd_validation_results.csv,convnext_small_l1_2_init2,convnext_small_l1_2_init2,l1,2,2.0,0.03137254901960784,convnext_small_l1_2_init2,eps=2 init 2
2026-03-03T06:08:17,model_best,results/models/convnext_small_l1_2_init2/model_best.pth.tar,madry,l1,2,linf,16.0,0.0627450980392156,10,0.0125490196078431,73.134,90.75,28.476,59.766,1.12345689743042,4.176556091918945,state_dict_ema,/groups/golan_neurogroup/bml_group/tomerash/advmodels/results/models/convnext_small_l1_2_init2/pgd_validation_results.csv,convnext_small_l1_2_init2,convnext_small_l1_2_init2,l1,2,2.0,0.06274509803921569,convnext_small_l1_2_init2,eps=2 init 2
2026-03-03T06:31:23,model_best,results/models/convnext_small_l1_2_init2/model_best.pth.tar,madry,l1,2,l2,0.5,0.5,10,0.1,73.134,90.75,71.982,90.234,1.12345689743042,1.177761234664917,state_dict_ema,/groups/golan_neurogroup/bml_group/tomerash/advmodels/results/models/convnext_small_l1_2_init2/pgd_validation_results.csv,convnext_small_l1_2_init2,convnext_small_l1_2_init2,l1,2,2.0,0.5,convnext_small_l1_2_init2,eps=2 init 2
2026-03-03T06:54:27,model_best,results/models/convnext_small_l1_2_init2/model_best.pth.tar,madry,l1,2,l2,1.0,1.0,10,0.2,73.134,90.75,70.844,89.656,1.12345689743042,1.234361870880127,state_dict_ema,/groups/golan_neurogroup/bml_group/tomerash/advmodels/results/models/convnext_small_l1_2_init2/pgd_validation_results.csv,convnext_small_l1_2_init2,convnext_small_l1_2_init2,l1,2,2.0,1.0,convnext_small_l1_2_init2,eps=2 init 2
2026-03-03T07:17:30,model_best,results/models/convnext_small_l1_2_init2/model_best.pth.tar,madry,l1,2,l2,2.0,2.0,10,0.4,73.134,90.75,68.244,88.452,1.12345689743042,1.3549355986022948,state_dict_ema,/groups/golan_neurogroup/bml_group/tomerash/advmodels/results/models/convnext_small_l1_2_init2/pgd_validation_results.csv,convnext_small_l1_2_init2,convnext_small_l1_2_init2,l1,2,2.0,2.0,convnext_small_l1_2_init2,eps=2 init 2
2026-03-03T07:40:35,model_best,results/models/convnext_small_l1_2_init2/model_best.pth.tar,madry,l1,2,l2,4.0,4.0,10,0.8,73.134,90.75,62.524,85.574,1.12345689743042,1.6288645792388916,state_dict_ema,/groups/golan_neurogroup/bml_group/tomerash/advmodels/results/models/convnext_small_l1_2_init2/pgd_validation_results.csv,convnext_small_l1_2_init2,convnext_small_l1_2_init2,l1,2,2.0,4.0,convnext_small_l1_2_init2,eps=2 init 2
2026-03-03T08:03:39,model_best,results/models/convnext_small_l1_2_init2/model_best.pth.tar,madry,l1,2,l2,8.0,8.0,10,1.6,73.134,90.75,49.808,78.356,1.12345689743042,2.3299222308349608,state_dict_ema,/groups/golan_neurogroup/bml_group/tomerash/advmodels/results/models/convnext_small_l1_2_init2/pgd_validation_results.csv,convnext_small_l1_2_init2,convnext_small_l1_2_init2,l1,2,2.0,8.0,convnext_small_l1_2_init2,eps=2 init 2
2026-03-03T08:26:43,model_best,results/models/convnext_small_l1_2_init2/model_best.pth.tar,madry,l1,2,l2,16.0,16.0,10,3.2,73.134,90.75,27.426,58.622,1.12345689743042,4.227105368652344,state_dict_ema,/groups/golan_neurogroup/bml_group/tomerash/advmodels/results/models/convnext_small_l1_2_init2/pgd_validation_results.csv,convnext_small_l1_2_init2,convnext_small_l1_2_init2,l1,2,2.0,16.0,convnext_small_l1_2_init2,eps=2 init 2
2026-03-03T08:50:02,model_best,results/models/convnext_small_l1_2_init2/model_best.pth.tar,madry,l1,2,l1,0.5,63.75,10,12.75,73.134,90.75,64.184,86.414,1.12345689743042,1.5425007905578614,state_dict_ema,/groups/golan_neurogroup/bml_group/tomerash/advmodels/results/models/convnext_small_l1_2_init2/pgd_validation_results.csv,convnext_small_l1_2_init2,convnext_small_l1_2_init2,l1,2,2.0,63.75,convnext_small_l1_2_init2,eps=2 init 2
2026-03-03T09:13:24,model_best,results/models/convnext_small_l1_2_init2/model_best.pth.tar,madry,l1,2,l1,1.0,127.5,10,25.5,73.134,90.75,54.028,81.172,1.12345689743042,2.066084317474365,state_dict_ema,/groups/golan_neurogroup/bml_group/tomerash/advmodels/results/models/convnext_small_l1_2_init2/pgd_validation_results.csv,convnext_small_l1_2_init2,convnext_small_l1_2_init2,l1,2,2.0,127.5,convnext_small_l1_2_init2,eps=2 init 2
2026-03-03T09:36:42,model_best,results/models/convnext_small_l1_2_init2/model_best.pth.tar,madry,l1,2,l1,2.0,255.0,10,51.0,73.134,90.75,36.276,69.54,1.12345689743042,3.287531201019287,state_dict_ema,/groups/golan_neurogroup/bml_group/tomerash/advmodels/results/models/convnext_small_l1_2_init2/pgd_validation_results.csv,convnext_small_l1_2_init2,convnext_small_l1_2_init2,l1,2,2.0,255.0,convnext_small_l1_2_init2,eps=2 init 2
2026-03-03T10:00:01,model_best,results/models/convnext_small_l1_2_init2/model_best.pth.tar,madry,l1,2,l1,4.0,510.0,10,102.0,73.134,90.75,17.86,50.244,1.12345689743042,5.644473838500977,state_dict_ema,/groups/golan_neurogroup/bml_group/tomerash/advmodels/results/models/convnext_small_l1_2_init2/pgd_validation_results.csv,convnext_small_l1_2_init2,convnext_small_l1_2_init2,l1,2,2.0,510.0,convnext_small_l1_2_init2,eps=2 init 2
2026-03-03T10:23:23,model_best,results/models/convnext_small_l1_2_init2/model_best.pth.tar,madry,l1,2,l1,8.0,1020.0,10,204.0,73.134,90.75,7.502,30.428,1.12345689743042,8.338851182250977,state_dict_ema,/groups/golan_neurogroup/bml_group/tomerash/advmodels/results/models/convnext_small_l1_2_init2/pgd_validation_results.csv,convnext_small_l1_2_init2,convnext_small_l1_2_init2,l1,2,2.0,1020.0,convnext_small_l1_2_init2,eps=2 init 2
2026-03-03T10:46:40,model_best,results/models/convnext_small_l1_2_init2/model_best.pth.tar,madry,l1,2,l1,16.0,2040.0,10,408.0,73.134,90.75,4.18,21.216,1.12345689743042,9.527607826538086,state_dict_ema,/groups/golan_neurogroup/bml_group/tomerash/advmodels/results/models/convnext_small_l1_2_init2/pgd_validation_results.csv,convnext_small_l1_2_init2,convnext_small_l1_2_init2,l1,2,2.0,2040.0,convnext_small_l1_2_init2,eps=2 init 2
2026-03-05T10:13:52,model_best,results/models/convnext_small_l1_4_init1/model_best.pth.tar,madry,l1,1,linf,0.5,0.0019607843137254,10,0.000392156862745,72.198,90.132,69.014,88.57,1.269070887145996,1.4073836094665528,state_dict_ema,/groups/golan_neurogroup/bml_group/tomerash/advmodels/results/models/convnext_small_l1_4_init1/pgd_eval/pgd_validation_results.csv,convnext_small_l1_4_init1,convnext_small_l1_4_init1,l1,1,4.0,0.00196078431372549,convnext_small_l1_4_init1,eps=4 init 1
2026-03-05T11:44:12,model_best,results/models/convnext_small_l1_4_init1/model_best.pth.tar,madry,l1,1,linf,1.0,0.0039215686274509,10,0.0007843137254901,72.198,90.132,65.56,86.832,1.269070887145996,1.5590940155029296,state_dict_ema,/groups/golan_neurogroup/bml_group/tomerash/advmodels/results/models/convnext_small_l1_4_init1/pgd_eval/pgd_validation_results.csv,convnext_small_l1_4_init1,convnext_small_l1_4_init1,l1,1,4.0,0.00392156862745098,convnext_small_l1_4_init1,eps=4 init 1
2026-03-05T13:14:20,model_best,results/models/convnext_small_l1_4_init1/model_best.pth.tar,madry,l1,1,linf,2.0,0.0078431372549019,10,0.0015686274509803,72.198,90.132,58.142,82.568,1.269070887145996,1.9066397816467284,state_dict_ema,/groups/golan_neurogroup/bml_group/tomerash/advmodels/results/models/convnext_small_l1_4_init1/pgd_eval/pgd_validation_results.csv,convnext_small_l1_4_init1,convnext_small_l1_4_init1,l1,1,4.0,0.00784313725490196,convnext_small_l1_4_init1,eps=4 init 1
2026-03-05T14:44:06,model_best,results/models/convnext_small_l1_4_init1/model_best.pth.tar,madry,l1,1,linf,4.0,0.0156862745098039,10,0.0031372549019607,72.198,90.132,43.024,71.822,1.269070887145996,2.7845131246948243,state_dict_ema,/groups/golan_neurogroup/bml_group/tomerash/advmodels/results/models/convnext_small_l1_4_init1/pgd_eval/pgd_validation_results.csv,convnext_small_l1_4_init1,convnext_small_l1_4_init1,l1,1,4.0,0.01568627450980392,convnext_small_l1_4_init1,eps=4 init 1
2026-03-05T16:14:18,model_best,results/models/convnext_small_l1_4_init1/model_best.pth.tar,madry,l1,1,linf,8.0,0.0313725490196078,10,0.0062745098039215,72.198,90.132,22.384,47.54,1.269070887145996,5.08975462173462,state_dict_ema,/groups/golan_neurogroup/bml_group/tomerash/advmodels/results/models/convnext_small_l1_4_init1/pgd_eval/pgd_validation_results.csv,convnext_small_l1_4_init1,convnext_small_l1_4_init1,l1,1,4.0,0.03137254901960784,convnext_small_l1_4_init1,eps=4 init 1
2026-03-05T17:44:40,model_best,results/models/convnext_small_l1_4_init1/model_best.pth.tar,madry,l1,1,linf,16.0,0.0627450980392156,10,0.0125490196078431,72.198,90.132,6.008,14.146,1.269070887145996,10.311257534484865,state_dict_ema,/groups/golan_neurogroup/bml_group/tomerash/advmodels/results/models/convnext_small_l1_4_init1/pgd_eval/pgd_validation_results.csv,convnext_small_l1_4_init1,convnext_small_l1_4_init1,l1,1,4.0,0.06274509803921569,convnext_small_l1_4_init1,eps=4 init 1
2026-03-05T19:14:58,model_best,results/models/convnext_small_l1_4_init1/model_best.pth.tar,madry,l1,1,l2,0.5,0.5,10,0.1,72.198,90.132,69.016,88.57,1.269070887145996,1.4062422158050538,state_dict_ema,/groups/golan_neurogroup/bml_group/tomerash/advmodels/results/models/convnext_small_l1_4_init1/pgd_eval/pgd_validation_results.csv,convnext_small_l1_4_init1,convnext_small_l1_4_init1,l1,1,4.0,0.5,convnext_small_l1_4_init1,eps=4 init 1
2026-03-05T20:45:16,model_best,results/models/convnext_small_l1_4_init1/model_best.pth.tar,madry,l1,1,l2,1.0,1.0,10,0.2,72.198,90.132,65.498,86.832,1.269070887145996,1.5566874312591552,state_dict_ema,/groups/golan_neurogroup/bml_group/tomerash/advmodels/results/models/convnext_small_l1_4_init1/pgd_eval/pgd_validation_results.csv,convnext_small_l1_4_init1,convnext_small_l1_4_init1,l1,1,4.0,1.0,convnext_small_l1_4_init1,eps=4 init 1
2026-03-05T22:15:27,model_best,results/models/convnext_small_l1_4_init1/model_best.pth.tar,madry,l1,1,l2,2.0,2.0,10,0.4,72.198,90.132,58.096,82.566,1.269070887145996,1.9016428523254396,state_dict_ema,/groups/golan_neurogroup/bml_group/tomerash/advmodels/results/models/convnext_small_l1_4_init1/pgd_eval/pgd_validation_results.csv,convnext_small_l1_4_init1,convnext_small_l1_4_init1,l1,1,4.0,2.0,convnext_small_l1_4_init1,eps=4 init 1
2026-03-05T23:45:37,model_best,results/models/convnext_small_l1_4_init1/model_best.pth.tar,madry,l1,1,l2,4.0,4.0,10,0.8,72.198,90.132,42.368,71.552,1.269070887145996,2.774335972137451,state_dict_ema,/groups/golan_neurogroup/bml_group/tomerash/advmodels/results/models/convnext_small_l1_4_init1/pgd_eval/pgd_validation_results.csv,convnext_small_l1_4_init1,convnext_small_l1_4_init1,l1,1,4.0,4.0,convnext_small_l1_4_init1,eps=4 init 1
2026-03-06T01:15:46,model_best,results/models/convnext_small_l1_4_init1/model_best.pth.tar,madry,l1,1,l2,8.0,8.0,10,1.6,72.198,90.132,21.244,47.178,1.269070887145996,5.069568468322754,state_dict_ema,/groups/golan_neurogroup/bml_group/tomerash/advmodels/results/models/convnext_small_l1_4_init1/pgd_eval/pgd_validation_results.csv,convnext_small_l1_4_init1,convnext_small_l1_4_init1,l1,1,4.0,8.0,convnext_small_l1_4_init1,eps=4 init 1
2026-03-06T02:45:43,model_best,results/models/convnext_small_l1_4_init1/model_best.pth.tar,madry,l1,1,l2,16.0,16.0,10,3.2,72.198,90.132,5.58,13.444,1.269070887145996,10.44484759338379,state_dict_ema,/groups/golan_neurogroup/bml_group/tomerash/advmodels/results/models/convnext_small_l1_4_init1/pgd_eval/pgd_validation_results.csv,convnext_small_l1_4_init1,convnext_small_l1_4_init1,l1,1,4.0,16.0,convnext_small_l1_4_init1,eps=4 init 1
2026-03-06T04:16:40,model_best,results/models/convnext_small_l1_4_init1/model_best.pth.tar,madry,l1,1,l1,0.5,63.75,10,12.75,72.198,90.132,62.366,85.166,1.269070887145996,1.695234358215332,state_dict_ema,/groups/golan_neurogroup/bml_group/tomerash/advmodels/results/models/convnext_small_l1_4_init1/pgd_eval/pgd_validation_results.csv,convnext_small_l1_4_init1,convnext_small_l1_4_init1,l1,1,4.0,63.75,convnext_small_l1_4_init1,eps=4 init 1
2026-03-06T05:47:42,model_best,results/models/convnext_small_l1_4_init1/model_best.pth.tar,madry,l1,1,l1,1.0,127.5,10,25.5,72.198,90.132,56.128,81.584,1.269070887145996,1.992009936676025,state_dict_ema,/groups/golan_neurogroup/bml_group/tomerash/advmodels/results/models/convnext_small_l1_4_init1/pgd_eval/pgd_validation_results.csv,convnext_small_l1_4_init1,convnext_small_l1_4_init1,l1,1,4.0,127.5,convnext_small_l1_4_init1,eps=4 init 1
2026-03-06T07:18:41,model_best,results/models/convnext_small_l1_4_init1/model_best.pth.tar,madry,l1,1,l1,2.0,255.0,10,51.0,72.198,90.132,50.006,77.85,1.269070887145996,2.312380774002075,state_dict_ema,/groups/golan_neurogroup/bml_group/tomerash/advmodels/results/models/convnext_small_l1_4_init1/pgd_eval/pgd_validation_results.csv,convnext_small_l1_4_init1,convnext_small_l1_4_init1,l1,1,4.0,255.0,convnext_small_l1_4_init1,eps=4 init 1
2026-03-06T08:49:19,model_best,results/models/convnext_small_l1_4_init1/model_best.pth.tar,madry,l1,1,l1,4.0,510.0,10,102.0,72.198,90.132,47.018,75.666,1.269070887145996,2.4888619467163084,state_dict_ema,/groups/golan_neurogroup/bml_group/tomerash/advmodels/results/models/convnext_small_l1_4_init1/pgd_eval/pgd_validation_results.csv,convnext_small_l1_4_init1,convnext_small_l1_4_init1,l1,1,4.0,510.0,convnext_small_l1_4_init1,eps=4 init 1
2026-03-06T10:19:41,model_best,results/models/convnext_small_l1_4_init1/model_best.pth.tar,madry,l1,1,l1,8.0,1020.0,10,204.0,72.198,90.132,46.598,75.252,1.269070887145996,2.512394772033691,state_dict_ema,/groups/golan_neurogroup/bml_group/tomerash/advmodels/results/models/convnext_small_l1_4_init1/pgd_eval/pgd_validation_results.csv,convnext_small_l1_4_init1,convnext_small_l1_4_init1,l1,1,4.0,1020.0,convnext_small_l1_4_init1,eps=4 init 1
2026-03-06T11:50:02,model_best,results/models/convnext_small_l1_4_init1/model_best.pth.tar,madry,l1,1,l1,16.0,2040.0,10,408.0,72.198,90.132,46.998,75.628,1.269070887145996,2.487485721130371,state_dict_ema,/groups/golan_neurogroup/bml_group/tomerash/advmodels/results/models/convnext_small_l1_4_init1/pgd_eval/pgd_validation_results.csv,convnext_small_l1_4_init1,convnext_small_l1_4_init1,l1,1,4.0,2040.0,convnext_small_l1_4_init1,eps=4 init 1
2026-03-05T01:40:43,model_best,results/models/convnext_small_l1_4_init1/model_best.pth.tar,madry,l1,1,linf,0.5,0.0019607843137254,10,0.000392156862745,72.2,90.132,71.326,89.696,1.2690710760498047,1.308472036819458,state_dict_ema,/groups/golan_neurogroup/bml_group/tomerash/advmodels/results/models/convnext_small_l1_4_init1/pgd_validation_results.csv,convnext_small_l1_4_init1,convnext_small_l1_4_init1,l1,1,4.0,0.00196078431372549,convnext_small_l1_4_init1,eps=4 init 1
2026-03-05T02:05:14,model_best,results/models/convnext_small_l1_4_init1/model_best.pth.tar,madry,l1,1,linf,1.0,0.0039215686274509,10,0.0007843137254901,72.2,90.132,70.344,89.248,1.2690710760498047,1.3489587613677978,state_dict_ema,/groups/golan_neurogroup/bml_group/tomerash/advmodels/results/models/convnext_small_l1_4_init1/pgd_validation_results.csv,convnext_small_l1_4_init1,convnext_small_l1_4_init1,l1,1,4.0,0.00392156862745098,convnext_small_l1_4_init1,eps=4 init 1
2026-03-05T02:29:46,model_best,results/models/convnext_small_l1_4_init1/model_best.pth.tar,madry,l1,1,linf,2.0,0.0078431372549019,10,0.0015686274509803,72.2,90.132,68.362,88.288,1.2690710760498047,1.4333920084381104,state_dict_ema,/groups/golan_neurogroup/bml_group/tomerash/advmodels/results/models/convnext_small_l1_4_init1/pgd_validation_results.csv,convnext_small_l1_4_init1,convnext_small_l1_4_init1,l1,1,4.0,0.00784313725490196,convnext_small_l1_4_init1,eps=4 init 1
2026-03-05T02:54:19,model_best,results/models/convnext_small_l1_4_init1/model_best.pth.tar,madry,l1,1,linf,4.0,0.0156862745098039,10,0.0031372549019607,72.2,90.132,64.268,86.126,1.2690710760498047,1.6182087001800538,state_dict_ema,/groups/golan_neurogroup/bml_group/tomerash/advmodels/results/models/convnext_small_l1_4_init1/pgd_validation_results.csv,convnext_small_l1_4_init1,convnext_small_l1_4_init1,l1,1,4.0,0.01568627450980392,convnext_small_l1_4_init1,eps=4 init 1
2026-03-05T03:18:50,model_best,results/models/convnext_small_l1_4_init1/model_best.pth.tar,madry,l1,1,linf,8.0,0.0313725490196078,10,0.0062745098039215,72.2,90.132,55.354,80.606,1.2690710760498047,2.064494766693115,state_dict_ema,/groups/golan_neurogroup/bml_group/tomerash/advmodels/results/models/convnext_small_l1_4_init1/pgd_validation_results.csv,convnext_small_l1_4_init1,convnext_small_l1_4_init1,l1,1,4.0,0.03137254901960784,convnext_small_l1_4_init1,eps=4 init 1
2026-03-05T03:43:22,model_best,results/models/convnext_small_l1_4_init1/model_best.pth.tar,madry,l1,1,linf,16.0,0.0627450980392156,10,0.0125490196078431,72.2,90.132,37.942,65.834,1.2690710760498047,3.2273060296630858,state_dict_ema,/groups/golan_neurogroup/bml_group/tomerash/advmodels/results/models/convnext_small_l1_4_init1/pgd_validation_results.csv,convnext_small_l1_4_init1,convnext_small_l1_4_init1,l1,1,4.0,0.06274509803921569,convnext_small_l1_4_init1,eps=4 init 1
2026-03-05T04:07:56,model_best,results/models/convnext_small_l1_4_init1/model_best.pth.tar,madry,l1,1,l2,0.5,0.5,10,0.1,72.2,90.132,71.22,89.63,1.2690710760498047,1.3120363314819337,state_dict_ema,/groups/golan_neurogroup/bml_group/tomerash/advmodels/results/models/convnext_small_l1_4_init1/pgd_validation_results.csv,convnext_small_l1_4_init1,convnext_small_l1_4_init1,l1,1,4.0,0.5,convnext_small_l1_4_init1,eps=4 init 1
2026-03-05T04:32:29,model_best,results/models/convnext_small_l1_4_init1/model_best.pth.tar,madry,l1,1,l2,1.0,1.0,10,0.2,72.2,90.132,70.156,89.142,1.2690710760498047,1.356282608795166,state_dict_ema,/groups/golan_neurogroup/bml_group/tomerash/advmodels/results/models/convnext_small_l1_4_init1/pgd_validation_results.csv,convnext_small_l1_4_init1,convnext_small_l1_4_init1,l1,1,4.0,1.0,convnext_small_l1_4_init1,eps=4 init 1
2026-03-05T04:57:02,model_best,results/models/convnext_small_l1_4_init1/model_best.pth.tar,madry,l1,1,l2,2.0,2.0,10,0.4,72.2,90.132,67.984,88.066,1.2690710760498047,1.4488141093444824,state_dict_ema,/groups/golan_neurogroup/bml_group/tomerash/advmodels/results/models/convnext_small_l1_4_init1/pgd_validation_results.csv,convnext_small_l1_4_init1,convnext_small_l1_4_init1,l1,1,4.0,2.0,convnext_small_l1_4_init1,eps=4 init 1
2026-03-05T05:21:36,model_best,results/models/convnext_small_l1_4_init1/model_best.pth.tar,madry,l1,1,l2,4.0,4.0,10,0.8,72.2,90.132,63.412,85.698,1.2690710760498047,1.6511040935516357,state_dict_ema,/groups/golan_neurogroup/bml_group/tomerash/advmodels/results/models/convnext_small_l1_4_init1/pgd_validation_results.csv,convnext_small_l1_4_init1,convnext_small_l1_4_init1,l1,1,4.0,4.0,convnext_small_l1_4_init1,eps=4 init 1
2026-03-05T05:46:09,model_best,results/models/convnext_small_l1_4_init1/model_best.pth.tar,madry,l1,1,l2,8.0,8.0,10,1.6,72.2,90.132,53.806,79.468,1.2690710760498047,2.1362292739868165,state_dict_ema,/groups/golan_neurogroup/bml_group/tomerash/advmodels/results/models/convnext_small_l1_4_init1/pgd_validation_results.csv,convnext_small_l1_4_init1,convnext_small_l1_4_init1,l1,1,4.0,8.0,convnext_small_l1_4_init1,eps=4 init 1
2026-03-05T06:10:42,model_best,results/models/convnext_small_l1_4_init1/model_best.pth.tar,madry,l1,1,l2,16.0,16.0,10,3.2,72.2,90.132,35.174,62.94,1.2690710760498047,3.397192630004883,state_dict_ema,/groups/golan_neurogroup/bml_group/tomerash/advmodels/results/models/convnext_small_l1_4_init1/pgd_validation_results.csv,convnext_small_l1_4_init1,convnext_small_l1_4_init1,l1,1,4.0,16.0,convnext_small_l1_4_init1,eps=4 init 1
2026-03-05T06:35:33,model_best,results/models/convnext_small_l1_4_init1/model_best.pth.tar,madry,l1,1,l1,0.5,63.75,10,12.75,72.2,90.132,63.472,85.734,1.2690710760498047,1.6402052537536622,state_dict_ema,/groups/golan_neurogroup/bml_group/tomerash/advmodels/results/models/convnext_small_l1_4_init1/pgd_validation_results.csv,convnext_small_l1_4_init1,convnext_small_l1_4_init1,l1,1,4.0,63.75,convnext_small_l1_4_init1,eps=4 init 1
2026-03-05T07:00:27,model_best,results/models/convnext_small_l1_4_init1/model_best.pth.tar,madry,l1,1,l1,1.0,127.5,10,25.5,72.2,90.132,54.598,80.432,1.2690710760498047,2.0661457982635496,state_dict_ema,/groups/golan_neurogroup/bml_group/tomerash/advmodels/results/models/convnext_small_l1_4_init1/pgd_validation_results.csv,convnext_small_l1_4_init1,convnext_small_l1_4_init1,l1,1,4.0,127.5,convnext_small_l1_4_init1,eps=4 init 1
2026-03-05T07:25:16,model_best,results/models/convnext_small_l1_4_init1/model_best.pth.tar,madry,l1,1,l1,2.0,255.0,10,51.0,72.2,90.132,39.132,69.172,1.2690710760498047,2.970265779571533,state_dict_ema,/groups/golan_neurogroup/bml_group/tomerash/advmodels/results/models/convnext_small_l1_4_init1/pgd_validation_results.csv,convnext_small_l1_4_init1,convnext_small_l1_4_init1,l1,1,4.0,255.0,convnext_small_l1_4_init1,eps=4 init 1
2026-03-05T07:50:02,model_best,results/models/convnext_small_l1_4_init1/model_best.pth.tar,madry,l1,1,l1,4.0,510.0,10,102.0,72.2,90.132,22.458,51.374,1.2690710760498047,4.599082834777832,state_dict_ema,/groups/golan_neurogroup/bml_group/tomerash/advmodels/results/models/convnext_small_l1_4_init1/pgd_validation_results.csv,convnext_small_l1_4_init1,convnext_small_l1_4_init1,l1,1,4.0,510.0,convnext_small_l1_4_init1,eps=4 init 1
2026-03-05T08:14:47,model_best,results/models/convnext_small_l1_4_init1/model_best.pth.tar,madry,l1,1,l1,8.0,1020.0,10,204.0,72.2,90.132,11.61,32.496,1.2690710760498047,6.506181345214844,state_dict_ema,/groups/golan_neurogroup/bml_group/tomerash/advmodels/results/models/convnext_small_l1_4_init1/pgd_validation_results.csv,convnext_small_l1_4_init1,convnext_small_l1_4_init1,l1,1,4.0,1020.0,convnext_small_l1_4_init1,eps=4 init 1
2026-03-05T08:39:34,model_best,results/models/convnext_small_l1_4_init1/model_best.pth.tar,madry,l1,1,l1,16.0,2040.0,10,408.0,72.2,90.132,7.63,23.998,1.2690710760498047,7.410639091491699,state_dict_ema,/groups/golan_neurogroup/bml_group/tomerash/advmodels/results/models/convnext_small_l1_4_init1/pgd_validation_results.csv,convnext_small_l1_4_init1,convnext_small_l1_4_init1,l1,1,4.0,2040.0,convnext_small_l1_4_init1,eps=4 init 1
2026-03-11T08:54:17,model_best,results/models/convnext_small_l1_4_init2/model_best.pth.tar,madry,l1,2,linf,0.5,0.0019607843137254,10,0.000392156862745,71.156,89.348,67.30400000732422,87.57399999755859,1.2112416788864135,1.384611611366272,state_dict_ema,/groups/golan_neurogroup/bml_group/tomerash/advmodels/results/models/convnext_small_l1_4_init2/pgd_eval/pgd_validation_results.csv,convnext_small_l1_4_init2,convnext_small_l1_4_init2,l1,2,4.0,0.00196078431372549,convnext_small_l1_4_init2,eps=4 init 2
2026-03-11T09:45:15,model_best,results/models/convnext_small_l1_4_init2/model_best.pth.tar,madry,l1,2,linf,1.0,0.0039215686274509,10,0.0007843137254901,71.156,89.348,63.16600001953125,85.71800002685546,1.2112416788864135,1.580083745803833,state_dict_ema,/groups/golan_neurogroup/bml_group/tomerash/advmodels/results/models/convnext_small_l1_4_init2/pgd_eval/pgd_validation_results.csv,convnext_small_l1_4_init2,convnext_small_l1_4_init2,l1,2,4.0,0.00392156862745098,convnext_small_l1_4_init2,eps=4 init 2
2026-03-11T10:36:15,model_best,results/models/convnext_small_l1_4_init2/model_best.pth.tar,madry,l1,2,linf,2.0,0.0078431372549019,10,0.0015686274509803,71.156,89.348,54.34200000244141,81.30200002685547,1.2112416788864135,2.0473309962081907,state_dict_ema,/groups/golan_neurogroup/bml_group/tomerash/advmodels/results/models/convnext_small_l1_4_init2/pgd_eval/pgd_validation_results.csv,convnext_small_l1_4_init2,convnext_small_l1_4_init2,l1,2,4.0,0.00784313725490196,convnext_small_l1_4_init2,eps=4 init 2
2026-03-11T11:27:13,model_best,results/models/convnext_small_l1_4_init2/model_best.pth.tar,madry,l1,2,linf,4.0,0.0156862745098039,10,0.0031372549019607,71.156,89.348,36.258,70.1580000341797,1.2112416788864135,3.3211852007293703,state_dict_ema,/groups/golan_neurogroup/bml_group/tomerash/advmodels/results/models/convnext_small_l1_4_init2/pgd_eval/pgd_validation_results.csv,convnext_small_l1_4_init2,convnext_small_l1_4_init2,l1,2,4.0,0.01568627450980392,convnext_small_l1_4_init2,eps=4 init 2
2026-03-11T12:18:14,model_best,results/models/convnext_small_l1_4_init2/model_best.pth.tar,madry,l1,2,linf,8.0,0.0313725490196078,10,0.0062745098039215,71.156,89.348,12.500000000305176,45.40000000854492,1.2112416788864135,6.952695258178711,state_dict_ema,/groups/golan_neurogroup/bml_group/tomerash/advmodels/results/models/convnext_small_l1_4_init2/pgd_eval/pgd_validation_results.csv,convnext_small_l1_4_init2,convnext_small_l1_4_init2,l1,2,4.0,0.03137254901960784,convnext_small_l1_4_init2,eps=4 init 2
2026-03-11T13:09:13,model_best,results/models/convnext_small_l1_4_init2/model_best.pth.tar,madry,l1,2,linf,16.0,0.0627450980392156,10,0.0125490196078431,71.156,89.348,1.257999999885559,12.270000001831054,1.2112416788864135,14.67197533416748,state_dict_ema,/groups/golan_neurogroup/bml_group/tomerash/advmodels/results/models/convnext_small_l1_4_init2/pgd_eval/pgd_validation_results.csv,convnext_small_l1_4_init2,convnext_small_l1_4_init2,l1,2,4.0,0.06274509803921569,convnext_small_l1_4_init2,eps=4 init 2
2026-03-11T14:00:15,model_best,results/models/convnext_small_l1_4_init2/model_best.pth.tar,madry,l1,2,l2,0.5,0.5,10,0.1,71.156,89.348,67.44600003173828,87.60599999511719,1.2112416788864135,1.3782472745132446,state_dict_ema,/groups/golan_neurogroup/bml_group/tomerash/advmodels/results/models/convnext_small_l1_4_init2/pgd_eval/pgd_validation_results.csv,convnext_small_l1_4_init2,convnext_small_l1_4_init2,l1,2,4.0,0.5,convnext_small_l1_4_init2,eps=4 init 2
2026-03-11T14:51:23,model_best,results/models/convnext_small_l1_4_init2/model_best.pth.tar,madry,l1,2,l2,1.0,1.0,10,0.2,71.156,89.348,63.47400001464844,85.80600000244141,1.2112416788864135,1.5659484732818605,state_dict_ema,/groups/golan_neurogroup/bml_group/tomerash/advmodels/results/models/convnext_small_l1_4_init2/pgd_eval/pgd_validation_results.csv,convnext_small_l1_4_init2,convnext_small_l1_4_init2,l1,2,4.0,1.0,convnext_small_l1_4_init2,eps=4 init 2
2026-03-11T15:42:37,model_best,results/models/convnext_small_l1_4_init2/model_best.pth.tar,madry,l1,2,l2,2.0,2.0,10,0.4,71.156,89.348,54.8539999975586,81.5959999975586,1.2112416788864135,2.012989641952515,state_dict_ema,/groups/golan_neurogroup/bml_group/tomerash/advmodels/results/models/convnext_small_l1_4_init2/pgd_eval/pgd_validation_results.csv,convnext_small_l1_4_init2,convnext_small_l1_4_init2,l1,2,4.0,2.0,convnext_small_l1_4_init2,eps=4 init 2
2026-03-11T16:33:42,model_best,results/models/convnext_small_l1_4_init2/model_best.pth.tar,madry,l1,2,l2,4.0,4.0,10,0.8,71.156,89.348,37.09600001586914,70.67800003173828,1.2112416788864135,3.223745248260498,state_dict_ema,/groups/golan_neurogroup/bml_group/tomerash/advmodels/results/models/convnext_small_l1_4_init2/pgd_eval/pgd_validation_results.csv,convnext_small_l1_4_init2,convnext_small_l1_4_init2,l1,2,4.0,4.0,convnext_small_l1_4_init2,eps=4 init 2
2026-03-11T17:24:49,model_best,results/models/convnext_small_l1_4_init2/model_best.pth.tar,madry,l1,2,l2,8.0,8.0,10,1.6,71.156,89.348,13.254000003051758,46.72400001586914,1.2112416788864135,6.695618510437011,state_dict_ema,/groups/golan_neurogroup/bml_group/tomerash/advmodels/results/models/convnext_small_l1_4_init2/pgd_eval/pgd_validation_results.csv,convnext_small_l1_4_init2,convnext_small_l1_4_init2,l1,2,4.0,8.0,convnext_small_l1_4_init2,eps=4 init 2
2026-03-11T18:15:51,model_best,results/models/convnext_small_l1_4_init2/model_best.pth.tar,madry,l1,2,l2,16.0,16.0,10,3.2,71.156,89.348,1.242000000305176,13.073999998474122,1.2112416788864135,14.468090175476076,state_dict_ema,/groups/golan_neurogroup/bml_group/tomerash/advmodels/results/models/convnext_small_l1_4_init2/pgd_eval/pgd_validation_results.csv,convnext_small_l1_4_init2,convnext_small_l1_4_init2,l1,2,4.0,16.0,convnext_small_l1_4_init2,eps=4 init 2
2026-03-11T19:07:45,model_best,results/models/convnext_small_l1_4_init2/model_best.pth.tar,madry,l1,2,l1,0.5,63.75,10,12.75,71.156,89.348,60.4279999987793,84.34000000976563,1.2112416788864135,1.719667000427246,state_dict_ema,/groups/golan_neurogroup/bml_group/tomerash/advmodels/results/models/convnext_small_l1_4_init2/pgd_eval/pgd_validation_results.csv,convnext_small_l1_4_init2,convnext_small_l1_4_init2,l1,2,4.0,63.75,convnext_small_l1_4_init2,eps=4 init 2
2026-03-11T19:59:27,model_best,results/models/convnext_small_l1_4_init2/model_best.pth.tar,madry,l1,2,l1,1.0,127.5,10,25.5,71.156,89.348,53.33399999755859,80.78400002197266,1.2112416788864135,2.100071299781799,state_dict_ema,/groups/golan_neurogroup/bml_group/tomerash/advmodels/results/models/convnext_small_l1_4_init2/pgd_eval/pgd_validation_results.csv,convnext_small_l1_4_init2,convnext_small_l1_4_init2,l1,2,4.0,127.5,convnext_small_l1_4_init2,eps=4 init 2
2026-03-11T20:51:14,model_best,results/models/convnext_small_l1_4_init2/model_best.pth.tar,madry,l1,2,l1,2.0,255.0,10,51.0,71.156,89.348,46.6,77.02200001220703,1.2112416788864135,2.5196785245513915,state_dict_ema,/groups/golan_neurogroup/bml_group/tomerash/advmodels/results/models/convnext_small_l1_4_init2/pgd_eval/pgd_validation_results.csv,convnext_small_l1_4_init2,convnext_small_l1_4_init2,l1,2,4.0,255.0,convnext_small_l1_4_init2,eps=4 init 2
2026-03-11T21:43:06,model_best,results/models/convnext_small_l1_4_init2/model_best.pth.tar,madry,l1,2,l1,4.0,510.0,10,102.0,71.156,89.348,43.32200000610352,75.10399999511719,1.2112416788864135,2.743807992477417,state_dict_ema,/groups/golan_neurogroup/bml_group/tomerash/advmodels/results/models/convnext_small_l1_4_init2/pgd_eval/pgd_validation_results.csv,convnext_small_l1_4_init2,convnext_small_l1_4_init2,l1,2,4.0,510.0,convnext_small_l1_4_init2,eps=4 init 2
2026-03-11T22:34:56,model_best,results/models/convnext_small_l1_4_init2/model_best.pth.tar,madry,l1,2,l1,8.0,1020.0,10,204.0,71.156,89.348,43.01599999267578,74.80400002685546,1.2112416788864135,2.7640043286132814,state_dict_ema,/groups/golan_neurogroup/bml_group/tomerash/advmodels/results/models/convnext_small_l1_4_init2/pgd_eval/pgd_validation_results.csv,convnext_small_l1_4_init2,convnext_small_l1_4_init2,l1,2,4.0,1020.0,convnext_small_l1_4_init2,eps=4 init 2
2026-03-11T23:26:44,model_best,results/models/convnext_small_l1_4_init2/model_best.pth.tar,madry,l1,2,l1,16.0,2040.0,10,408.0,71.156,89.348,43.45999999267578,74.94200003173827,1.2112416788864135,2.7297585649108886,state_dict_ema,/groups/golan_neurogroup/bml_group/tomerash/advmodels/results/models/convnext_small_l1_4_init2/pgd_eval/pgd_validation_results.csv,convnext_small_l1_4_init2,convnext_small_l1_4_init2,l1,2,4.0,2040.0,convnext_small_l1_4_init2,eps=4 init 2
2026-03-12T10:58:43,model_best,results/models/convnext_small_l1_8_init1/model_best.pth.tar,madry,l1,1,linf,0.5,0.0019607843137254,10,0.000392156862745,70.82,89.012,67.546,87.53,1.212283120880127,1.361273701095581,state_dict_ema,/groups/golan_neurogroup/bml_group/tomerash/advmodels/results/models/convnext_small_l1_8_init1/pgd_eval/pgd_validation_results.csv,convnext_small_l1_8_init1,convnext_small_l1_8_init1,l1,1,8.0,0.00196078431372549,convnext_small_l1_8_init1,eps=8 init 1
2026-03-12T12:15:07,model_best,results/models/convnext_small_l1_8_init1/model_best.pth.tar,madry,l1,1,linf,1.0,0.0039215686274509,10,0.0007843137254901,70.82,89.012,63.996,85.734,1.212283120880127,1.526592918395996,state_dict_ema,/groups/golan_neurogroup/bml_group/tomerash/advmodels/results/models/convnext_small_l1_8_init1/pgd_eval/pgd_validation_results.csv,convnext_small_l1_8_init1,convnext_small_l1_8_init1,l1,1,8.0,0.00392156862745098,convnext_small_l1_8_init1,eps=8 init 1
2026-03-12T13:31:28,model_best,results/models/convnext_small_l1_8_init1/model_best.pth.tar,madry,l1,1,linf,2.0,0.0078431372549019,10,0.0015686274509803,70.82,89.012,56.088,81.768,1.212283120880127,1.912982782058716,state_dict_ema,/groups/golan_neurogroup/bml_group/tomerash/advmodels/results/models/convnext_small_l1_8_init1/pgd_eval/pgd_validation_results.csv,convnext_small_l1_8_init1,convnext_small_l1_8_init1,l1,1,8.0,0.00784313725490196,convnext_small_l1_8_init1,eps=8 init 1
2026-03-12T14:47:47,model_best,results/models/convnext_small_l1_8_init1/model_best.pth.tar,madry,l1,1,linf,4.0,0.0156862745098039,10,0.0031372549019607,70.82,89.012,39.872,71.586,1.212283120880127,2.9383496881103515,state_dict_ema,/groups/golan_neurogroup/bml_group/tomerash/advmodels/results/models/convnext_small_l1_8_init1/pgd_eval/pgd_validation_results.csv,convnext_small_l1_8_init1,convnext_small_l1_8_init1,l1,1,8.0,0.01568627450980392,convnext_small_l1_8_init1,eps=8 init 1
2026-03-12T16:04:05,model_best,results/models/convnext_small_l1_8_init1/model_best.pth.tar,madry,l1,1,linf,8.0,0.0313725490196078,10,0.0062745098039215,70.82,89.012,15.748,48.556,1.212283120880127,5.870154859619141,state_dict_ema,/groups/golan_neurogroup/bml_group/tomerash/advmodels/results/models/convnext_small_l1_8_init1/pgd_eval/pgd_validation_results.csv,convnext_small_l1_8_init1,convnext_small_l1_8_init1,l1,1,8.0,0.03137254901960784,convnext_small_l1_8_init1,eps=8 init 1
2026-03-12T17:20:21,model_best,results/models/convnext_small_l1_8_init1/model_best.pth.tar,madry,l1,1,linf,16.0,0.0627450980392156,10,0.0125490196078431,70.82,89.012,1.964,15.088,1.212283120880127,12.58865433166504,state_dict_ema,/groups/golan_neurogroup/bml_group/tomerash/advmodels/results/models/convnext_small_l1_8_init1/pgd_eval/pgd_validation_results.csv,convnext_small_l1_8_init1,convnext_small_l1_8_init1,l1,1,8.0,0.06274509803921569,convnext_small_l1_8_init1,eps=8 init 1
2026-03-12T18:36:45,model_best,results/models/convnext_small_l1_8_init1/model_best.pth.tar,madry,l1,1,l2,0.5,0.5,10,0.1,70.82,89.012,67.524,87.494,1.212283120880127,1.361053452911377,state_dict_ema,/groups/golan_neurogroup/bml_group/tomerash/advmodels/results/models/convnext_small_l1_8_init1/pgd_eval/pgd_validation_results.csv,convnext_small_l1_8_init1,convnext_small_l1_8_init1,l1,1,8.0,0.5,convnext_small_l1_8_init1,eps=8 init 1
2026-03-12T19:53:01,model_best,results/models/convnext_small_l1_8_init1/model_best.pth.tar,madry,l1,1,l2,1.0,1.0,10,0.2,70.82,89.012,64.048,85.702,1.212283120880127,1.5263816674804689,state_dict_ema,/groups/golan_neurogroup/bml_group/tomerash/advmodels/results/models/convnext_small_l1_8_init1/pgd_eval/pgd_validation_results.csv,convnext_small_l1_8_init1,convnext_small_l1_8_init1,l1,1,8.0,1.0,convnext_small_l1_8_init1,eps=8 init 1
2026-03-12T21:09:18,model_best,results/models/convnext_small_l1_8_init1/model_best.pth.tar,madry,l1,1,l2,2.0,2.0,10,0.4,70.82,89.012,56.0,81.686,1.212283120880127,1.9135927558898929,state_dict_ema,/groups/golan_neurogroup/bml_group/tomerash/advmodels/results/models/convnext_small_l1_8_init1/pgd_eval/pgd_validation_results.csv,convnext_small_l1_8_init1,convnext_small_l1_8_init1,l1,1,8.0,2.0,convnext_small_l1_8_init1,eps=8 init 1
2026-03-12T22:25:31,model_best,results/models/convnext_small_l1_8_init1/model_best.pth.tar,madry,l1,1,l2,4.0,4.0,10,0.8,70.82,89.012,39.656,71.38,1.212283120880127,2.941448857727051,state_dict_ema,/groups/golan_neurogroup/bml_group/tomerash/advmodels/results/models/convnext_small_l1_8_init1/pgd_eval/pgd_validation_results.csv,convnext_small_l1_8_init1,convnext_small_l1_8_init1,l1,1,8.0,4.0,convnext_small_l1_8_init1,eps=8 init 1
2026-03-12T23:42:06,model_best,results/models/convnext_small_l1_8_init1/model_best.pth.tar,madry,l1,1,l2,8.0,8.0,10,1.6,70.82,89.012,15.338,48.304,1.212283120880127,5.875568535003662,state_dict_ema,/groups/golan_neurogroup/bml_group/tomerash/advmodels/results/models/convnext_small_l1_8_init1/pgd_eval/pgd_validation_results.csv,convnext_small_l1_8_init1,convnext_small_l1_8_init1,l1,1,8.0,8.0,convnext_small_l1_8_init1,eps=8 init 1
2026-03-13T00:58:41,model_best,results/models/convnext_small_l1_8_init1/model_best.pth.tar,madry,l1,1,l2,16.0,16.0,10,3.2,70.82,89.012,1.836,14.932,1.212283120880127,12.679629338378906,state_dict_ema,/groups/golan_neurogroup/bml_group/tomerash/advmodels/results/models/convnext_small_l1_8_init1/pgd_eval/pgd_validation_results.csv,convnext_small_l1_8_init1,convnext_small_l1_8_init1,l1,1,8.0,16.0,convnext_small_l1_8_init1,eps=8 init 1
2026-03-13T02:16:23,model_best,results/models/convnext_small_l1_8_init1/model_best.pth.tar,madry,l1,1,l1,0.5,63.75,10,12.75,70.82,89.012,60.626,84.076,1.212283120880127,1.6815529033660888,state_dict_ema,/groups/golan_neurogroup/bml_group/tomerash/advmodels/results/models/convnext_small_l1_8_init1/pgd_eval/pgd_validation_results.csv,convnext_small_l1_8_init1,convnext_small_l1_8_init1,l1,1,8.0,63.75,convnext_small_l1_8_init1,eps=8 init 1
2026-03-13T03:34:03,model_best,results/models/convnext_small_l1_8_init1/model_best.pth.tar,madry,l1,1,l1,1.0,127.5,10,25.5,70.82,89.012,54.35,80.786,1.212283120880127,2.0108031858062745,state_dict_ema,/groups/golan_neurogroup/bml_group/tomerash/advmodels/results/models/convnext_small_l1_8_init1/pgd_eval/pgd_validation_results.csv,convnext_small_l1_8_init1,convnext_small_l1_8_init1,l1,1,8.0,127.5,convnext_small_l1_8_init1,eps=8 init 1
2026-03-13T04:51:44,model_best,results/models/convnext_small_l1_8_init1/model_best.pth.tar,madry,l1,1,l1,2.0,255.0,10,51.0,70.82,89.012,48.4,77.536,1.212283120880127,2.349048588409424,state_dict_ema,/groups/golan_neurogroup/bml_group/tomerash/advmodels/results/models/convnext_small_l1_8_init1/pgd_eval/pgd_validation_results.csv,convnext_small_l1_8_init1,convnext_small_l1_8_init1,l1,1,8.0,255.0,convnext_small_l1_8_init1,eps=8 init 1
2026-03-13T06:09:24,model_best,results/models/convnext_small_l1_8_init1/model_best.pth.tar,madry,l1,1,l1,4.0,510.0,10,102.0,70.82,89.012,45.806,75.984,1.212283120880127,2.5133218760681157,state_dict_ema,/groups/golan_neurogroup/bml_group/tomerash/advmodels/results/models/convnext_small_l1_8_init1/pgd_eval/pgd_validation_results.csv,convnext_small_l1_8_init1,convnext_small_l1_8_init1,l1,1,8.0,510.0,convnext_small_l1_8_init1,eps=8 init 1
2026-03-13T07:27:03,model_best,results/models/convnext_small_l1_8_init1/model_best.pth.tar,madry,l1,1,l1,8.0,1020.0,10,204.0,70.82,89.012,45.49,75.746,1.212283120880127,2.530389213104248,state_dict_ema,/groups/golan_neurogroup/bml_group/tomerash/advmodels/results/models/convnext_small_l1_8_init1/pgd_eval/pgd_validation_results.csv,convnext_small_l1_8_init1,convnext_small_l1_8_init1,l1,1,8.0,1020.0,convnext_small_l1_8_init1,eps=8 init 1
2026-03-13T08:44:43,model_best,results/models/convnext_small_l1_8_init1/model_best.pth.tar,madry,l1,1,l1,16.0,2040.0,10,408.0,70.82,89.012,45.586,75.68,1.212283120880127,2.526076485595703,state_dict_ema,/groups/golan_neurogroup/bml_group/tomerash/advmodels/results/models/convnext_small_l1_8_init1/pgd_eval/pgd_validation_results.csv,convnext_small_l1_8_init1,convnext_small_l1_8_init1,l1,1,8.0,2040.0,convnext_small_l1_8_init1,eps=8 init 1
2026-03-11T18:56:01,model_best,results/models/convnext_small_l1_8_init2/model_best.pth.tar,madry,l1,2,linf,0.5,0.0019607843137254,10,0.000392156862745,70.598,89.22,67.096,87.554,1.2177673292541504,1.3747582187652587,state_dict_ema,/groups/golan_neurogroup/bml_group/tomerash/advmodels/results/models/convnext_small_l1_8_init2/pgd_eval/pgd_validation_results.csv,convnext_small_l1_8_init2,convnext_small_l1_8_init2,l1,2,8.0,0.00196078431372549,convnext_small_l1_8_init2,eps=8 init 2
2026-03-11T20:17:22,model_best,results/models/convnext_small_l1_8_init2/model_best.pth.tar,madry,l1,2,linf,1.0,0.0039215686274509,10,0.0007843137254901,70.598,89.22,63.344,85.666,1.2177673292541504,1.5497377945709228,state_dict_ema,/groups/golan_neurogroup/bml_group/tomerash/advmodels/results/models/convnext_small_l1_8_init2/pgd_eval/pgd_validation_results.csv,convnext_small_l1_8_init2,convnext_small_l1_8_init2,l1,2,8.0,0.00392156862745098,convnext_small_l1_8_init2,eps=8 init 2
2026-03-11T21:38:41,model_best,results/models/convnext_small_l1_8_init2/model_best.pth.tar,madry,l1,2,linf,2.0,0.0078431372549019,10,0.0015686274509803,70.598,89.22,55.18,81.584,1.2177673292541504,1.9609380262756348,state_dict_ema,/groups/golan_neurogroup/bml_group/tomerash/advmodels/results/models/convnext_small_l1_8_init2/pgd_eval/pgd_validation_results.csv,convnext_small_l1_8_init2,convnext_small_l1_8_init2,l1,2,8.0,0.00784313725490196,convnext_small_l1_8_init2,eps=8 init 2
2026-03-11T23:00:05,model_best,results/models/convnext_small_l1_8_init2/model_best.pth.tar,madry,l1,2,linf,4.0,0.0156862745098039,10,0.0031372549019607,70.598,89.22,38.204,71.164,1.2177673292541504,3.0578139295959472,state_dict_ema,/groups/golan_neurogroup/bml_group/tomerash/advmodels/results/models/convnext_small_l1_8_init2/pgd_eval/pgd_validation_results.csv,convnext_small_l1_8_init2,convnext_small_l1_8_init2,l1,2,8.0,0.01568627450980392,convnext_small_l1_8_init2,eps=8 init 2
2026-03-12T00:21:29,model_best,results/models/convnext_small_l1_8_init2/model_best.pth.tar,madry,l1,2,linf,8.0,0.0313725490196078,10,0.0062745098039215,70.598,89.22,14.22,47.654,1.2177673292541504,6.198962013244629,state_dict_ema,/groups/golan_neurogroup/bml_group/tomerash/advmodels/results/models/convnext_small_l1_8_init2/pgd_eval/pgd_validation_results.csv,convnext_small_l1_8_init2,convnext_small_l1_8_init2,l1,2,8.0,0.03137254901960784,convnext_small_l1_8_init2,eps=8 init 2
2026-03-12T01:42:52,model_best,results/models/convnext_small_l1_8_init2/model_best.pth.tar,madry,l1,2,linf,16.0,0.0627450980392156,10,0.0125490196078431,70.598,89.22,1.634,14.1,1.2177673292541504,13.296262040710449,state_dict_ema,/groups/golan_neurogroup/bml_group/tomerash/advmodels/results/models/convnext_small_l1_8_init2/pgd_eval/pgd_validation_results.csv,convnext_small_l1_8_init2,convnext_small_l1_8_init2,l1,2,8.0,0.06274509803921569,convnext_small_l1_8_init2,eps=8 init 2
2026-03-12T03:04:11,model_best,results/models/convnext_small_l1_8_init2/model_best.pth.tar,madry,l1,2,l2,0.5,0.5,10,0.1,70.598,89.22,67.174,87.544,1.2177673292541504,1.3737334614562988,state_dict_ema,/groups/golan_neurogroup/bml_group/tomerash/advmodels/results/models/convnext_small_l1_8_init2/pgd_eval/pgd_validation_results.csv,convnext_small_l1_8_init2,convnext_small_l1_8_init2,l1,2,8.0,0.5,convnext_small_l1_8_init2,eps=8 init 2
2026-03-12T04:25:33,model_best,results/models/convnext_small_l1_8_init2/model_best.pth.tar,madry,l1,2,l2,1.0,1.0,10,0.2,70.598,89.22,63.384,85.692,1.2177673292541504,1.5476724983215333,state_dict_ema,/groups/golan_neurogroup/bml_group/tomerash/advmodels/results/models/convnext_small_l1_8_init2/pgd_eval/pgd_validation_results.csv,convnext_small_l1_8_init2,convnext_small_l1_8_init2,l1,2,8.0,1.0,convnext_small_l1_8_init2,eps=8 init 2
2026-03-12T05:46:54,model_best,results/models/convnext_small_l1_8_init2/model_best.pth.tar,madry,l1,2,l2,2.0,2.0,10,0.4,70.598,89.22,55.218,81.532,1.2177673292541504,1.9572742296600345,state_dict_ema,/groups/golan_neurogroup/bml_group/tomerash/advmodels/results/models/convnext_small_l1_8_init2/pgd_eval/pgd_validation_results.csv,convnext_small_l1_8_init2,convnext_small_l1_8_init2,l1,2,8.0,2.0,convnext_small_l1_8_init2,eps=8 init 2
2026-03-12T07:08:07,model_best,results/models/convnext_small_l1_8_init2/model_best.pth.tar,madry,l1,2,l2,4.0,4.0,10,0.8,70.598,89.22,38.056,71.144,1.2177673292541504,3.051659729309082,state_dict_ema,/groups/golan_neurogroup/bml_group/tomerash/advmodels/results/models/convnext_small_l1_8_init2/pgd_eval/pgd_validation_results.csv,convnext_small_l1_8_init2,convnext_small_l1_8_init2,l1,2,8.0,4.0,convnext_small_l1_8_init2,eps=8 init 2
2026-03-12T08:29:10,model_best,results/models/convnext_small_l1_8_init2/model_best.pth.tar,madry,l1,2,l2,8.0,8.0,10,1.6,70.598,89.22,14.024,47.78,1.2177673292541504,6.180570809936524,state_dict_ema,/groups/golan_neurogroup/bml_group/tomerash/advmodels/results/models/convnext_small_l1_8_init2/pgd_eval/pgd_validation_results.csv,convnext_small_l1_8_init2,convnext_small_l1_8_init2,l1,2,8.0,8.0,convnext_small_l1_8_init2,eps=8 init 2
2026-03-12T09:50:10,model_best,results/models/convnext_small_l1_8_init2/model_best.pth.tar,madry,l1,2,l2,16.0,16.0,10,3.2,70.598,89.22,1.492,14.152,1.2177673292541504,13.359299555664062,state_dict_ema,/groups/golan_neurogroup/bml_group/tomerash/advmodels/results/models/convnext_small_l1_8_init2/pgd_eval/pgd_validation_results.csv,convnext_small_l1_8_init2,convnext_small_l1_8_init2,l1,2,8.0,16.0,convnext_small_l1_8_init2,eps=8 init 2
2026-03-12T11:12:04,model_best,results/models/convnext_small_l1_8_init2/model_best.pth.tar,madry,l1,2,l1,0.5,63.75,10,12.75,70.598,89.22,60.092,84.116,1.2177673292541504,1.708305937347412,state_dict_ema,/groups/golan_neurogroup/bml_group/tomerash/advmodels/results/models/convnext_small_l1_8_init2/pgd_eval/pgd_validation_results.csv,convnext_small_l1_8_init2,convnext_small_l1_8_init2,l1,2,8.0,63.75,convnext_small_l1_8_init2,eps=8 init 2
2026-03-12T12:33:55,model_best,results/models/convnext_small_l1_8_init2/model_best.pth.tar,madry,l1,2,l1,1.0,127.5,10,25.5,70.598,89.22,53.304,80.702,1.2177673292541504,2.057782233200073,state_dict_ema,/groups/golan_neurogroup/bml_group/tomerash/advmodels/results/models/convnext_small_l1_8_init2/pgd_eval/pgd_validation_results.csv,convnext_small_l1_8_init2,convnext_small_l1_8_init2,l1,2,8.0,127.5,convnext_small_l1_8_init2,eps=8 init 2
2026-03-12T13:55:51,model_best,results/models/convnext_small_l1_8_init2/model_best.pth.tar,madry,l1,2,l1,2.0,255.0,10,51.0,70.598,89.22,46.816,77.228,1.2177673292541504,2.438819064941406,state_dict_ema,/groups/golan_neurogroup/bml_group/tomerash/advmodels/results/models/convnext_small_l1_8_init2/pgd_eval/pgd_validation_results.csv,convnext_small_l1_8_init2,convnext_small_l1_8_init2,l1,2,8.0,255.0,convnext_small_l1_8_init2,eps=8 init 2
2026-03-12T15:17:51,model_best,results/models/convnext_small_l1_8_init2/model_best.pth.tar,madry,l1,2,l1,4.0,510.0,10,102.0,70.598,89.22,43.202,75.072,1.2177673292541504,2.676779093170166,state_dict_ema,/groups/golan_neurogroup/bml_group/tomerash/advmodels/results/models/convnext_small_l1_8_init2/pgd_eval/pgd_validation_results.csv,convnext_small_l1_8_init2,convnext_small_l1_8_init2,l1,2,8.0,510.0,convnext_small_l1_8_init2,eps=8 init 2
2026-03-12T16:39:55,model_best,results/models/convnext_small_l1_8_init2/model_best.pth.tar,madry,l1,2,l1,8.0,1020.0,10,204.0,70.598,89.22,42.206,74.196,1.2177673292541504,2.753212131958008,state_dict_ema,/groups/golan_neurogroup/bml_group/tomerash/advmodels/results/models/convnext_small_l1_8_init2/pgd_eval/pgd_validation_results.csv,convnext_small_l1_8_init2,convnext_small_l1_8_init2,l1,2,8.0,1020.0,convnext_small_l1_8_init2,eps=8 init 2
2026-03-12T18:02:07,model_best,results/models/convnext_small_l1_8_init2/model_best.pth.tar,madry,l1,2,l1,16.0,2040.0,10,408.0,70.598,89.22,41.78,73.89,1.2177673292541504,2.771476891326904,state_dict_ema,/groups/golan_neurogroup/bml_group/tomerash/advmodels/results/models/convnext_small_l1_8_init2/pgd_eval/pgd_validation_results.csv,convnext_small_l1_8_init2,convnext_small_l1_8_init2,l1,2,8.0,2040.0,convnext_small_l1_8_init2,eps=8 init 2
2026-03-19T15:00:46,model_best,/home/ashtomer/projects/ares/results/models/convnext_small_l2_16_init1/model_best.pth.tar,madry,l2,1,linf,0.5,0.0019607843137254,10,0.000392156862745,71.704,89.902,61.396,87.154,1.3397311219787598,1.812211602172852,state_dict_ema,/groups/golan_neurogroup/bml_group/tomerash/advmodels/results/models/convnext_small_l2_16_init1/pgd_eval/pgd_validation_results.csv,convnext_small_l2_16_init1,convnext_small_l2_16_init1,l2,1,16.0,0.00196078431372549,convnext_small_l2_16_init1,eps=16 init 1
2026-03-19T17:01:27,model_best,/home/ashtomer/projects/ares/results/models/convnext_small_l2_16_init1/model_best.pth.tar,madry,l2,1,linf,1.0,0.0039215686274509,10,0.0007843137254901,71.704,89.902,54.91,84.836,1.3397311219787598,2.1450171327209477,state_dict_ema,/groups/golan_neurogroup/bml_group/tomerash/advmodels/results/models/convnext_small_l2_16_init1/pgd_eval/pgd_validation_results.csv,convnext_small_l2_16_init1,convnext_small_l2_16_init1,l2,1,16.0,0.00392156862745098,convnext_small_l2_16_init1,eps=16 init 1
2026-03-19T19:02:00,model_best,/home/ashtomer/projects/ares/results/models/convnext_small_l2_16_init1/model_best.pth.tar,madry,l2,1,linf,2.0,0.0078431372549019,10,0.0015686274509803,71.704,89.902,43.956,79.78,1.3397311219787598,2.771996740875244,state_dict_ema,/groups/golan_neurogroup/bml_group/tomerash/advmodels/results/models/convnext_small_l2_16_init1/pgd_eval/pgd_validation_results.csv,convnext_small_l2_16_init1,convnext_small_l2_16_init1,l2,1,16.0,0.00784313725490196,convnext_small_l2_16_init1,eps=16 init 1
2026-03-19T21:02:33,model_best,/home/ashtomer/projects/ares/results/models/convnext_small_l2_16_init1/model_best.pth.tar,madry,l2,1,linf,4.0,0.0156862745098039,10,0.0031372549019607,71.704,89.902,24.294,66.424,1.3397311219787598,4.334575009918213,state_dict_ema,/groups/golan_neurogroup/bml_group/tomerash/advmodels/results/models/convnext_small_l2_16_init1/pgd_eval/pgd_validation_results.csv,convnext_small_l2_16_init1,convnext_small_l2_16_init1,l2,1,16.0,0.01568627450980392,convnext_small_l2_16_init1,eps=16 init 1
2026-03-19T23:03:34,model_best,/home/ashtomer/projects/ares/results/models/convnext_small_l2_16_init1/model_best.pth.tar,madry,l2,1,linf,8.0,0.0313725490196078,10,0.0062745098039215,71.704,89.902,4.792,38.482,1.3397311219787598,8.745378678894044,state_dict_ema,/groups/golan_neurogroup/bml_group/tomerash/advmodels/results/models/convnext_small_l2_16_init1/pgd_eval/pgd_validation_results.csv,convnext_small_l2_16_init1,convnext_small_l2_16_init1,l2,1,16.0,0.03137254901960784,convnext_small_l2_16_init1,eps=16 init 1
2026-03-20T01:04:01,model_best,/home/ashtomer/projects/ares/results/models/convnext_small_l2_16_init1/model_best.pth.tar,madry,l2,1,linf,16.0,0.0627450980392156,10,0.0125490196078431,71.704,89.902,0.206,7.694,1.3397311219787598,17.157813360595704,state_dict_ema,/groups/golan_neurogroup/bml_group/tomerash/advmodels/results/models/convnext_small_l2_16_init1/pgd_eval/pgd_validation_results.csv,convnext_small_l2_16_init1,convnext_small_l2_16_init1,l2,1,16.0,0.06274509803921569,convnext_small_l2_16_init1,eps=16 init 1
2026-03-20T03:03:40,model_best,/home/ashtomer/projects/ares/results/models/convnext_small_l2_16_init1/model_best.pth.tar,madry,l2,1,l2,0.5,0.5,10,0.1,71.704,89.902,62.742,87.498,1.3397311219787598,1.6360930307769774,state_dict_ema,/groups/golan_neurogroup/bml_group/tomerash/advmodels/results/models/convnext_small_l2_16_init1/pgd_eval/pgd_validation_results.csv,convnext_small_l2_16_init1,convnext_small_l2_16_init1,l2,1,16.0,0.5,convnext_small_l2_16_init1,eps=16 init 1
2026-03-20T05:02:46,model_best,/home/ashtomer/projects/ares/results/models/convnext_small_l2_16_init1/model_best.pth.tar,madry,l2,1,l2,1.0,1.0,10,0.2,71.704,89.902,58.6,85.46,1.3397311219787598,1.7767643850708008,state_dict_ema,/groups/golan_neurogroup/bml_group/tomerash/advmodels/results/models/convnext_small_l2_16_init1/pgd_eval/pgd_validation_results.csv,convnext_small_l2_16_init1,convnext_small_l2_16_init1,l2,1,16.0,1.0,convnext_small_l2_16_init1,eps=16 init 1
2026-03-20T07:01:29,model_best,/home/ashtomer/projects/ares/results/models/convnext_small_l2_16_init1/model_best.pth.tar,madry,l2,1,l2,2.0,2.0,10,0.4,71.704,89.902,47.306,80.006,1.3397311219787598,2.341820602722168,state_dict_ema,/groups/golan_neurogroup/bml_group/tomerash/advmodels/results/models/convnext_small_l2_16_init1/pgd_eval/pgd_validation_results.csv,convnext_small_l2_16_init1,convnext_small_l2_16_init1,l2,1,16.0,2.0,convnext_small_l2_16_init1,eps=16 init 1
2026-03-20T09:00:04,model_best,/home/ashtomer/projects/ares/results/models/convnext_small_l2_16_init1/model_best.pth.tar,madry,l2,1,l2,4.0,4.0,10,0.8,71.704,89.902,26.708,67.13,1.3397311219787598,3.9031335841369623,state_dict_ema,/groups/golan_neurogroup/bml_group/tomerash/advmodels/results/models/convnext_small_l2_16_init1/pgd_eval/pgd_validation_results.csv,convnext_small_l2_16_init1,convnext_small_l2_16_init1,l2,1,16.0,4.0,convnext_small_l2_16_init1,eps=16 init 1
2026-03-20T10:58:53,model_best,/home/ashtomer/projects/ares/results/models/convnext_small_l2_16_init1/model_best.pth.tar,madry,l2,1,l2,8.0,8.0,10,1.6,71.704,89.902,5.736,40.116,1.3397311219787598,8.287531855163575,state_dict_ema,/groups/golan_neurogroup/bml_group/tomerash/advmodels/results/models/convnext_small_l2_16_init1/pgd_eval/pgd_validation_results.csv,convnext_small_l2_16_init1,convnext_small_l2_16_init1,l2,1,16.0,8.0,convnext_small_l2_16_init1,eps=16 init 1
2026-03-20T12:58:55,model_best,/home/ashtomer/projects/ares/results/models/convnext_small_l2_16_init1/model_best.pth.tar,madry,l2,1,l2,16.0,16.0,10,3.2,71.704,89.902,0.242,8.16,1.3397311219787598,17.148325193481444,state_dict_ema,/groups/golan_neurogroup/bml_group/tomerash/advmodels/results/models/convnext_small_l2_16_init1/pgd_eval/pgd_validation_results.csv,convnext_small_l2_16_init1,convnext_small_l2_16_init1,l2,1,16.0,16.0,convnext_small_l2_16_init1,eps=16 init 1
2026-03-20T14:59:44,model_best,/home/ashtomer/projects/ares/results/models/convnext_small_l2_16_init1/model_best.pth.tar,madry,l2,1,l1,0.5,63.75,10,12.75,71.704,89.902,61.802,85.834,1.3397311219787598,1.724345596160889,state_dict_ema,/groups/golan_neurogroup/bml_group/tomerash/advmodels/results/models/convnext_small_l2_16_init1/pgd_eval/pgd_validation_results.csv,convnext_small_l2_16_init1,convnext_small_l2_16_init1,l2,1,16.0,63.75,convnext_small_l2_16_init1,eps=16 init 1
2026-03-20T17:00:39,model_best,/home/ashtomer/projects/ares/results/models/convnext_small_l2_16_init1/model_best.pth.tar,madry,l2,1,l1,1.0,127.5,10,25.5,71.704,89.902,56.97,83.194,1.3397311219787598,2.013921042251587,state_dict_ema,/groups/golan_neurogroup/bml_group/tomerash/advmodels/results/models/convnext_small_l2_16_init1/pgd_eval/pgd_validation_results.csv,convnext_small_l2_16_init1,convnext_small_l2_16_init1,l2,1,16.0,127.5,convnext_small_l2_16_init1,eps=16 init 1
2026-03-20T19:01:36,model_best,/home/ashtomer/projects/ares/results/models/convnext_small_l2_16_init1/model_best.pth.tar,madry,l2,1,l1,2.0,255.0,10,51.0,71.704,89.902,54.534,81.456,1.3397311219787598,2.237199382019043,state_dict_ema,/groups/golan_neurogroup/bml_group/tomerash/advmodels/results/models/convnext_small_l2_16_init1/pgd_eval/pgd_validation_results.csv,convnext_small_l2_16_init1,convnext_small_l2_16_init1,l2,1,16.0,255.0,convnext_small_l2_16_init1,eps=16 init 1
2026-03-20T21:02:36,model_best,/home/ashtomer/projects/ares/results/models/convnext_small_l2_16_init1/model_best.pth.tar,madry,l2,1,l1,4.0,510.0,10,102.0,71.704,89.902,52.408,80.472,1.3397311219787598,2.356813609161377,state_dict_ema,/groups/golan_neurogroup/bml_group/tomerash/advmodels/results/models/convnext_small_l2_16_init1/pgd_eval/pgd_validation_results.csv,convnext_small_l2_16_init1,convnext_small_l2_16_init1,l2,1,16.0,510.0,convnext_small_l2_16_init1,eps=16 init 1
2026-03-20T23:03:46,model_best,/home/ashtomer/projects/ares/results/models/convnext_small_l2_16_init1/model_best.pth.tar,madry,l2,1,l1,8.0,1020.0,10,204.0,71.704,89.902,51.3,79.676,1.3397311219787598,2.4651365643310545,state_dict_ema,/groups/golan_neurogroup/bml_group/tomerash/advmodels/results/models/convnext_small_l2_16_init1/pgd_eval/pgd_validation_results.csv,convnext_small_l2_16_init1,convnext_small_l2_16_init1,l2,1,16.0,1020.0,convnext_small_l2_16_init1,eps=16 init 1
2026-03-21T01:04:52,model_best,/home/ashtomer/projects/ares/results/models/convnext_small_l2_16_init1/model_best.pth.tar,madry,l2,1,l1,16.0,2040.0,10,408.0,71.704,89.902,52.034,79.836,1.3397311219787598,2.449288796386719,state_dict_ema,/groups/golan_neurogroup/bml_group/tomerash/advmodels/results/models/convnext_small_l2_16_init1/pgd_eval/pgd_validation_results.csv,convnext_small_l2_16_init1,convnext_small_l2_16_init1,l2,1,16.0,2040.0,convnext_small_l2_16_init1,eps=16 init 1
2026-03-19T15:04:35,model_best,/home/ashtomer/projects/ares/results/models/convnext_small_l2_16_init2/model_best.pth.tar,madry,l2,2,linf,0.5,0.0019607843137254,10,0.000392156862745,71.814,89.94,61.734,87.114,1.320327103729248,1.779903544769287,state_dict_ema,/groups/golan_neurogroup/bml_group/tomerash/advmodels/results/models/convnext_small_l2_16_init2/pgd_eval/pgd_validation_results.csv,convnext_small_l2_16_init2,convnext_small_l2_16_init2,l2,2,16.0,0.00196078431372549,convnext_small_l2_16_init2,eps=16 init 2
2026-03-19T17:05:33,model_best,/home/ashtomer/projects/ares/results/models/convnext_small_l2_16_init2/model_best.pth.tar,madry,l2,2,linf,1.0,0.0039215686274509,10,0.0007843137254901,71.814,89.94,55.1,84.938,1.320327103729248,2.117104357147217,state_dict_ema,/groups/golan_neurogroup/bml_group/tomerash/advmodels/results/models/convnext_small_l2_16_init2/pgd_eval/pgd_validation_results.csv,convnext_small_l2_16_init2,convnext_small_l2_16_init2,l2,2,16.0,0.00392156862745098,convnext_small_l2_16_init2,eps=16 init 2
2026-03-19T19:06:50,model_best,/home/ashtomer/projects/ares/results/models/convnext_small_l2_16_init2/model_best.pth.tar,madry,l2,2,linf,2.0,0.0078431372549019,10,0.0015686274509803,71.814,89.94,44.036,79.776,1.320327103729248,2.7608209420776366,state_dict_ema,/groups/golan_neurogroup/bml_group/tomerash/advmodels/results/models/convnext_small_l2_16_init2/pgd_eval/pgd_validation_results.csv,convnext_small_l2_16_init2,convnext_small_l2_16_init2,l2,2,16.0,0.00784313725490196,convnext_small_l2_16_init2,eps=16 init 2
2026-03-19T21:08:02,model_best,/home/ashtomer/projects/ares/results/models/convnext_small_l2_16_init2/model_best.pth.tar,madry,l2,2,linf,4.0,0.0156862745098039,10,0.0031372549019607,71.814,89.94,24.268,66.448,1.320327103729248,4.341673889465332,state_dict_ema,/groups/golan_neurogroup/bml_group/tomerash/advmodels/results/models/convnext_small_l2_16_init2/pgd_eval/pgd_validation_results.csv,convnext_small_l2_16_init2,convnext_small_l2_16_init2,l2,2,16.0,0.01568627450980392,convnext_small_l2_16_init2,eps=16 init 2
2026-03-19T23:09:14,model_best,/home/ashtomer/projects/ares/results/models/convnext_small_l2_16_init2/model_best.pth.tar,madry,l2,2,linf,8.0,0.0313725490196078,10,0.0062745098039215,71.814,89.94,4.818,38.514,1.320327103729248,8.747968248291016,state_dict_ema,/groups/golan_neurogroup/bml_group/tomerash/advmodels/results/models/convnext_small_l2_16_init2/pgd_eval/pgd_validation_results.csv,convnext_small_l2_16_init2,convnext_small_l2_16_init2,l2,2,16.0,0.03137254901960784,convnext_small_l2_16_init2,eps=16 init 2
2026-03-20T01:09:58,model_best,/home/ashtomer/projects/ares/results/models/convnext_small_l2_16_init2/model_best.pth.tar,madry,l2,2,linf,16.0,0.0627450980392156,10,0.0125490196078431,71.814,89.94,0.2,7.576,1.320327103729248,17.138692303466797,state_dict_ema,/groups/golan_neurogroup/bml_group/tomerash/advmodels/results/models/convnext_small_l2_16_init2/pgd_eval/pgd_validation_results.csv,convnext_small_l2_16_init2,convnext_small_l2_16_init2,l2,2,16.0,0.06274509803921569,convnext_small_l2_16_init2,eps=16 init 2
2026-03-20T03:10:33,model_best,/home/ashtomer/projects/ares/results/models/convnext_small_l2_16_init2/model_best.pth.tar,madry,l2,2,l2,0.5,0.5,10,0.1,71.814,89.94,62.638,87.43,1.320327103729248,1.634424193572998,state_dict_ema,/groups/golan_neurogroup/bml_group/tomerash/advmodels/results/models/convnext_small_l2_16_init2/pgd_eval/pgd_validation_results.csv,convnext_small_l2_16_init2,convnext_small_l2_16_init2,l2,2,16.0,0.5,convnext_small_l2_16_init2,eps=16 init 2
2026-03-20T05:11:04,model_best,/home/ashtomer/projects/ares/results/models/convnext_small_l2_16_init2/model_best.pth.tar,madry,l2,2,l2,1.0,1.0,10,0.2,71.814,89.94,58.598,85.436,1.320327103729248,1.7735401850128174,state_dict_ema,/groups/golan_neurogroup/bml_group/tomerash/advmodels/results/models/convnext_small_l2_16_init2/pgd_eval/pgd_validation_results.csv,convnext_small_l2_16_init2,convnext_small_l2_16_init2,l2,2,16.0,1.0,convnext_small_l2_16_init2,eps=16 init 2
2026-03-20T07:11:10,model_best,/home/ashtomer/projects/ares/results/models/convnext_small_l2_16_init2/model_best.pth.tar,madry,l2,2,l2,2.0,2.0,10,0.4,71.814,89.94,47.03,79.814,1.320327103729248,2.3436411576843263,state_dict_ema,/groups/golan_neurogroup/bml_group/tomerash/advmodels/results/models/convnext_small_l2_16_init2/pgd_eval/pgd_validation_results.csv,convnext_small_l2_16_init2,convnext_small_l2_16_init2,l2,2,16.0,2.0,convnext_small_l2_16_init2,eps=16 init 2
2026-03-20T09:11:13,model_best,/home/ashtomer/projects/ares/results/models/convnext_small_l2_16_init2/model_best.pth.tar,madry,l2,2,l2,4.0,4.0,10,0.8,71.814,89.94,26.604,67.178,1.320327103729248,3.898198099060058,state_dict_ema,/groups/golan_neurogroup/bml_group/tomerash/advmodels/results/models/convnext_small_l2_16_init2/pgd_eval/pgd_validation_results.csv,convnext_small_l2_16_init2,convnext_small_l2_16_init2,l2,2,16.0,4.0,convnext_small_l2_16_init2,eps=16 init 2
2026-03-20T11:11:26,model_best,/home/ashtomer/projects/ares/results/models/convnext_small_l2_16_init2/model_best.pth.tar,madry,l2,2,l2,8.0,8.0,10,1.6,71.814,89.94,5.712,40.208,1.320327103729248,8.277328759155273,state_dict_ema,/groups/golan_neurogroup/bml_group/tomerash/advmodels/results/models/convnext_small_l2_16_init2/pgd_eval/pgd_validation_results.csv,convnext_small_l2_16_init2,convnext_small_l2_16_init2,l2,2,16.0,8.0,convnext_small_l2_16_init2,eps=16 init 2
2026-03-20T13:12:23,model_best,/home/ashtomer/projects/ares/results/models/convnext_small_l2_16_init2/model_best.pth.tar,madry,l2,2,l2,16.0,16.0,10,3.2,71.814,89.94,0.23,8.19,1.320327103729248,17.117652904052733,state_dict_ema,/groups/golan_neurogroup/bml_group/tomerash/advmodels/results/models/convnext_small_l2_16_init2/pgd_eval/pgd_validation_results.csv,convnext_small_l2_16_init2,convnext_small_l2_16_init2,l2,2,16.0,16.0,convnext_small_l2_16_init2,eps=16 init 2
2026-03-20T15:14:03,model_best,/home/ashtomer/projects/ares/results/models/convnext_small_l2_16_init2/model_best.pth.tar,madry,l2,2,l1,0.5,63.75,10,12.75,71.814,89.94,61.732,85.696,1.320327103729248,1.716367557678223,state_dict_ema,/groups/golan_neurogroup/bml_group/tomerash/advmodels/results/models/convnext_small_l2_16_init2/pgd_eval/pgd_validation_results.csv,convnext_small_l2_16_init2,convnext_small_l2_16_init2,l2,2,16.0,63.75,convnext_small_l2_16_init2,eps=16 init 2
2026-03-20T17:15:50,model_best,/home/ashtomer/projects/ares/results/models/convnext_small_l2_16_init2/model_best.pth.tar,madry,l2,2,l1,1.0,127.5,10,25.5,71.814,89.94,56.966,82.978,1.320327103729248,2.0091103760528566,state_dict_ema,/groups/golan_neurogroup/bml_group/tomerash/advmodels/results/models/convnext_small_l2_16_init2/pgd_eval/pgd_validation_results.csv,convnext_small_l2_16_init2,convnext_small_l2_16_init2,l2,2,16.0,127.5,convnext_small_l2_16_init2,eps=16 init 2
2026-03-20T19:17:37,model_best,/home/ashtomer/projects/ares/results/models/convnext_small_l2_16_init2/model_best.pth.tar,madry,l2,2,l1,2.0,255.0,10,51.0,71.814,89.94,54.364,81.37,1.320327103729248,2.231168960266113,state_dict_ema,/groups/golan_neurogroup/bml_group/tomerash/advmodels/results/models/convnext_small_l2_16_init2/pgd_eval/pgd_validation_results.csv,convnext_small_l2_16_init2,convnext_small_l2_16_init2,l2,2,16.0,255.0,convnext_small_l2_16_init2,eps=16 init 2
2026-03-20T21:19:18,model_best,/home/ashtomer/projects/ares/results/models/convnext_small_l2_16_init2/model_best.pth.tar,madry,l2,2,l1,4.0,510.0,10,102.0,71.814,89.94,52.258,80.35,1.320327103729248,2.355347670135498,state_dict_ema,/groups/golan_neurogroup/bml_group/tomerash/advmodels/results/models/convnext_small_l2_16_init2/pgd_eval/pgd_validation_results.csv,convnext_small_l2_16_init2,convnext_small_l2_16_init2,l2,2,16.0,510.0,convnext_small_l2_16_init2,eps=16 init 2
2026-03-20T23:21:11,model_best,/home/ashtomer/projects/ares/results/models/convnext_small_l2_16_init2/model_best.pth.tar,madry,l2,2,l1,8.0,1020.0,10,204.0,71.814,89.94,51.258,79.512,1.320327103729248,2.460140787963867,state_dict_ema,/groups/golan_neurogroup/bml_group/tomerash/advmodels/results/models/convnext_small_l2_16_init2/pgd_eval/pgd_validation_results.csv,convnext_small_l2_16_init2,convnext_small_l2_16_init2,l2,2,16.0,1020.0,convnext_small_l2_16_init2,eps=16 init 2
2026-03-21T01:23:03,model_best,/home/ashtomer/projects/ares/results/models/convnext_small_l2_16_init2/model_best.pth.tar,madry,l2,2,l1,16.0,2040.0,10,408.0,71.814,89.94,51.96,79.57,1.320327103729248,2.4507888111877443,state_dict_ema,/groups/golan_neurogroup/bml_group/tomerash/advmodels/results/models/convnext_small_l2_16_init2/pgd_eval/pgd_validation_results.csv,convnext_small_l2_16_init2,convnext_small_l2_16_init2,l2,2,16.0,2040.0,convnext_small_l2_16_init2,eps=16 init 2
2026-03-10T18:31:05,model_best,results/models/convnext_small_l2_16_init3/model_best.pth.tar,madry,l2,3,linf,0.5,0.0019607843137254,10,0.000392156862745,63.724,84.044,60.09400001708985,82.27399998779296,1.6044869889450073,1.766316642150879,state_dict_ema,/groups/golan_neurogroup/bml_group/tomerash/advmodels/results/models/convnext_small_l2_16_init3/pgd_eval/pgd_validation_results.csv,convnext_small_l2_16_init3,convnext_small_l2_16_init3,l2,3,16.0,0.00196078431372549,convnext_small_l2_16_init3,eps=16 init 3
2026-03-10T19:20:49,model_best,results/models/convnext_small_l2_16_init3/model_best.pth.tar,madry,l2,3,linf,1.0,0.0039215686274509,10,0.0007843137254901,63.724,84.044,57.11600000610352,80.62400001953125,1.6044869889450073,1.9007763410186769,state_dict_ema,/groups/golan_neurogroup/bml_group/tomerash/advmodels/results/models/convnext_small_l2_16_init3/pgd_eval/pgd_validation_results.csv,convnext_small_l2_16_init3,convnext_small_l2_16_init3,l2,3,16.0,0.00392156862745098,convnext_small_l2_16_init3,eps=16 init 3
2026-03-10T20:10:36,model_best,results/models/convnext_small_l2_16_init3/model_best.pth.tar,madry,l2,3,linf,2.0,0.0078431372549019,10,0.0015686274509803,63.724,84.044,51.72199999633789,77.31400000488281,1.6044869889450073,2.1477938968658448,state_dict_ema,/groups/golan_neurogroup/bml_group/tomerash/advmodels/results/models/convnext_small_l2_16_init3/pgd_eval/pgd_validation_results.csv,convnext_small_l2_16_init3,convnext_small_l2_16_init3,l2,3,16.0,0.00784313725490196,convnext_small_l2_16_init3,eps=16 init 3
2026-03-10T21:00:25,model_best,results/models/convnext_small_l2_16_init3/model_best.pth.tar,madry,l2,3,linf,4.0,0.0156862745098039,10,0.0031372549019607,63.724,84.044,40.30800001586914,68.94799998535156,1.6044869889450073,2.7308462670135496,state_dict_ema,/groups/golan_neurogroup/bml_group/tomerash/advmodels/results/models/convnext_small_l2_16_init3/pgd_eval/pgd_validation_results.csv,convnext_small_l2_16_init3,convnext_small_l2_16_init3,l2,3,16.0,0.01568627450980392,convnext_small_l2_16_init3,eps=16 init 3
2026-03-10T21:50:18,model_best,results/models/convnext_small_l2_16_init3/model_best.pth.tar,madry,l2,3,linf,8.0,0.0313725490196078,10,0.0062745098039215,63.724,84.044,19.432000001831053,49.0480000012207,1.6044869889450073,4.371435839691162,state_dict_ema,/groups/golan_neurogroup/bml_group/tomerash/advmodels/results/models/convnext_small_l2_16_init3/pgd_eval/pgd_validation_results.csv,convnext_small_l2_16_init3,convnext_small_l2_16_init3,l2,3,16.0,0.03137254901960784,convnext_small_l2_16_init3,eps=16 init 3
2026-03-10T22:40:10,model_best,results/models/convnext_small_l2_16_init3/model_best.pth.tar,madry,l2,3,linf,16.0,0.0627450980392156,10,0.0125490196078431,63.724,84.044,2.544000000610352,19.68199999633789,1.6044869889450073,8.662910068359375,state_dict_ema,/groups/golan_neurogroup/bml_group/tomerash/advmodels/results/models/convnext_small_l2_16_init3/pgd_eval/pgd_validation_results.csv,convnext_small_l2_16_init3,convnext_small_l2_16_init3,l2,3,16.0,0.06274509803921569,convnext_small_l2_16_init3,eps=16 init 3
2026-03-10T23:30:04,model_best,results/models/convnext_small_l2_16_init3/model_best.pth.tar,madry,l2,3,l2,0.5,0.5,10,0.1,63.724,84.044,60.30799999267578,82.46399998779297,1.6044869889450073,1.7489210944747924,state_dict_ema,/groups/golan_neurogroup/bml_group/tomerash/advmodels/results/models/convnext_small_l2_16_init3/pgd_eval/pgd_validation_results.csv,convnext_small_l2_16_init3,convnext_small_l2_16_init3,l2,3,16.0,0.5,convnext_small_l2_16_init3,eps=16 init 3
2026-03-11T00:19:56,model_best,results/models/convnext_small_l2_16_init3/model_best.pth.tar,madry,l2,3,l2,1.0,1.0,10,0.2,63.724,84.044,58.08400000488281,81.05800001953125,1.6044869889450073,1.839367779083252,state_dict_ema,/groups/golan_neurogroup/bml_group/tomerash/advmodels/results/models/convnext_small_l2_16_init3/pgd_eval/pgd_validation_results.csv,convnext_small_l2_16_init3,convnext_small_l2_16_init3,l2,3,16.0,1.0,convnext_small_l2_16_init3,eps=16 init 3
2026-03-11T01:09:49,model_best,results/models/convnext_small_l2_16_init3/model_best.pth.tar,madry,l2,3,l2,2.0,2.0,10,0.4,63.724,84.044,52.73600001953125,77.72600002929687,1.6044869889450073,2.0831689906692503,state_dict_ema,/groups/golan_neurogroup/bml_group/tomerash/advmodels/results/models/convnext_small_l2_16_init3/pgd_eval/pgd_validation_results.csv,convnext_small_l2_16_init3,convnext_small_l2_16_init3,l2,3,16.0,2.0,convnext_small_l2_16_init3,eps=16 init 3
2026-03-11T01:59:42,model_best,results/models/convnext_small_l2_16_init3/model_best.pth.tar,madry,l2,3,l2,4.0,4.0,10,0.8,63.724,84.044,40.95000001098633,69.38200000976562,1.6044869889450073,2.685480034637451,state_dict_ema,/groups/golan_neurogroup/bml_group/tomerash/advmodels/results/models/convnext_small_l2_16_init3/pgd_eval/pgd_validation_results.csv,convnext_small_l2_16_init3,convnext_small_l2_16_init3,l2,3,16.0,4.0,convnext_small_l2_16_init3,eps=16 init 3
2026-03-11T02:49:35,model_best,results/models/convnext_small_l2_16_init3/model_best.pth.tar,madry,l2,3,l2,8.0,8.0,10,1.6,63.724,84.044,19.988000004882814,49.80400001220704,1.6044869889450073,4.268502279510498,state_dict_ema,/groups/golan_neurogroup/bml_group/tomerash/advmodels/results/models/convnext_small_l2_16_init3/pgd_eval/pgd_validation_results.csv,convnext_small_l2_16_init3,convnext_small_l2_16_init3,l2,3,16.0,8.0,convnext_small_l2_16_init3,eps=16 init 3
2026-03-11T03:39:31,model_best,results/models/convnext_small_l2_16_init3/model_best.pth.tar,madry,l2,3,l2,16.0,16.0,10,3.2,63.724,84.044,2.546000000610352,20.37800000305176,1.6044869889450073,8.479770183105469,state_dict_ema,/groups/golan_neurogroup/bml_group/tomerash/advmodels/results/models/convnext_small_l2_16_init3/pgd_eval/pgd_validation_results.csv,convnext_small_l2_16_init3,convnext_small_l2_16_init3,l2,3,16.0,16.0,convnext_small_l2_16_init3,eps=16 init 3
2026-03-11T04:30:11,model_best,results/models/convnext_small_l2_16_init3/model_best.pth.tar,madry,l2,3,l1,0.5,63.75,10,12.75,63.724,84.044,56.7760000012207,80.13599999511719,1.6044869889450073,1.904857477798462,state_dict_ema,/groups/golan_neurogroup/bml_group/tomerash/advmodels/results/models/convnext_small_l2_16_init3/pgd_eval/pgd_validation_results.csv,convnext_small_l2_16_init3,convnext_small_l2_16_init3,l2,3,16.0,63.75,convnext_small_l2_16_init3,eps=16 init 3
2026-03-11T05:20:51,model_best,results/models/convnext_small_l2_16_init3/model_best.pth.tar,madry,l2,3,l1,1.0,127.5,10,25.5,63.724,84.044,52.494000018310544,77.55200000488281,1.6044869889450073,2.1130455788040163,state_dict_ema,/groups/golan_neurogroup/bml_group/tomerash/advmodels/results/models/convnext_small_l2_16_init3/pgd_eval/pgd_validation_results.csv,convnext_small_l2_16_init3,convnext_small_l2_16_init3,l2,3,16.0,127.5,convnext_small_l2_16_init3,eps=16 init 3
2026-03-11T06:11:33,model_best,results/models/convnext_small_l2_16_init3/model_best.pth.tar,madry,l2,3,l1,2.0,255.0,10,51.0,63.724,84.044,48.40400000244141,74.87599999511718,1.6044869889450073,2.323517646255493,state_dict_ema,/groups/golan_neurogroup/bml_group/tomerash/advmodels/results/models/convnext_small_l2_16_init3/pgd_eval/pgd_validation_results.csv,convnext_small_l2_16_init3,convnext_small_l2_16_init3,l2,3,16.0,255.0,convnext_small_l2_16_init3,eps=16 init 3
2026-03-11T07:02:15,model_best,results/models/convnext_small_l2_16_init3/model_best.pth.tar,madry,l2,3,l1,4.0,510.0,10,102.0,63.724,84.044,45.951999995117184,73.14800002441406,1.6044869889450073,2.45470047996521,state_dict_ema,/groups/golan_neurogroup/bml_group/tomerash/advmodels/results/models/convnext_small_l2_16_init3/pgd_eval/pgd_validation_results.csv,convnext_small_l2_16_init3,convnext_small_l2_16_init3,l2,3,16.0,510.0,convnext_small_l2_16_init3,eps=16 init 3
2026-03-11T07:52:55,model_best,results/models/convnext_small_l2_16_init3/model_best.pth.tar,madry,l2,3,l1,8.0,1020.0,10,204.0,63.724,84.044,45.3080000024414,72.83200002685547,1.6044869889450073,2.490828705749512,state_dict_ema,/groups/golan_neurogroup/bml_group/tomerash/advmodels/results/models/convnext_small_l2_16_init3/pgd_eval/pgd_validation_results.csv,convnext_small_l2_16_init3,convnext_small_l2_16_init3,l2,3,16.0,1020.0,convnext_small_l2_16_init3,eps=16 init 3
2026-03-11T08:43:35,model_best,results/models/convnext_small_l2_16_init3/model_best.pth.tar,madry,l2,3,l1,16.0,2040.0,10,408.0,63.724,84.044,45.016,72.63800002441407,1.6044869889450073,2.5082140826416017,state_dict_ema,/groups/golan_neurogroup/bml_group/tomerash/advmodels/results/models/convnext_small_l2_16_init3/pgd_eval/pgd_validation_results.csv,convnext_small_l2_16_init3,convnext_small_l2_16_init3,l2,3,16.0,2040.0,convnext_small_l2_16_init3,eps=16 init 3
2026-03-11T19:41:48,model_best,/home/ashtomer/projects/ares/results/models/convnext_small_l2_1_init1/model_best.pth.tar,madry,l2,1,linf,0.5,0.0019607843137254,10,0.000392156862745,63.614,87.07,55.374,83.706,1.9381948698711395,2.399039528722763,state_dict_ema,/groups/golan_neurogroup/bml_group/tomerash/advmodels/results/models/convnext_small_l2_1_init1/pgd_eval/pgd_validation_results.csv,convnext_small_l2_1_init1,convnext_small_l2_1_init1,l2,1,1.0,0.00196078431372549,convnext_small_l2_1_init1,eps=1 init 1
2026-03-11T22:36:26,model_best,/home/ashtomer/projects/ares/results/models/convnext_small_l2_1_init1/model_best.pth.tar,madry,l2,1,linf,1.0,0.0039215686274509,10,0.0007843137254901,63.614,87.07,50.476,81.66,1.9381948698711395,2.659748977804184,state_dict_ema,/groups/golan_neurogroup/bml_group/tomerash/advmodels/results/models/convnext_small_l2_1_init1/pgd_eval/pgd_validation_results.csv,convnext_small_l2_1_init1,convnext_small_l2_1_init1,l2,1,1.0,0.00392156862745098,convnext_small_l2_1_init1,eps=1 init 1
2026-03-12T01:30:56,model_best,/home/ashtomer/projects/ares/results/models/convnext_small_l2_1_init1/model_best.pth.tar,madry,l2,1,linf,2.0,0.0078431372549019,10,0.0015686274509803,63.614,87.07,44.42,78.714,1.9381948698711395,2.918872879867554,state_dict_ema,/groups/golan_neurogroup/bml_group/tomerash/advmodels/results/models/convnext_small_l2_1_init1/pgd_eval/pgd_validation_results.csv,convnext_small_l2_1_init1,convnext_small_l2_1_init1,l2,1,1.0,0.00784313725490196,convnext_small_l2_1_init1,eps=1 init 1
2026-03-12T04:25:27,model_best,/home/ashtomer/projects/ares/results/models/convnext_small_l2_1_init1/model_best.pth.tar,madry,l2,1,linf,4.0,0.0156862745098039,10,0.0031372549019607,63.614,87.07,30.07,67.794,1.9381948698711395,3.826759119110108,state_dict_ema,/groups/golan_neurogroup/bml_group/tomerash/advmodels/results/models/convnext_small_l2_1_init1/pgd_eval/pgd_validation_results.csv,convnext_small_l2_1_init1,convnext_small_l2_1_init1,l2,1,1.0,0.01568627450980392,convnext_small_l2_1_init1,eps=1 init 1
2026-03-12T07:19:53,model_best,/home/ashtomer/projects/ares/results/models/convnext_small_l2_1_init1/model_best.pth.tar,madry,l2,1,linf,8.0,0.0313725490196078,10,0.0062745098039215,63.614,87.07,12.008,39.724,1.9381948698711395,6.8225705494689945,state_dict_ema,/groups/golan_neurogroup/bml_group/tomerash/advmodels/results/models/convnext_small_l2_1_init1/pgd_eval/pgd_validation_results.csv,convnext_small_l2_1_init1,convnext_small_l2_1_init1,l2,1,1.0,0.03137254901960784,convnext_small_l2_1_init1,eps=1 init 1
2026-03-12T10:14:20,model_best,/home/ashtomer/projects/ares/results/models/convnext_small_l2_1_init1/model_best.pth.tar,madry,l2,1,linf,16.0,0.0627450980392156,10,0.0125490196078431,63.614,87.07,1.372,6.356,1.9381948698711395,12.00576430999756,state_dict_ema,/groups/golan_neurogroup/bml_group/tomerash/advmodels/results/models/convnext_small_l2_1_init1/pgd_eval/pgd_validation_results.csv,convnext_small_l2_1_init1,convnext_small_l2_1_init1,l2,1,1.0,0.06274509803921569,convnext_small_l2_1_init1,eps=1 init 1
2026-03-12T13:08:46,model_best,/home/ashtomer/projects/ares/results/models/convnext_small_l2_1_init1/model_best.pth.tar,madry,l2,1,l2,0.5,0.5,10,0.1,63.614,87.07,60.182,86.59,1.9381948698711395,2.030014643468857,state_dict_ema,/groups/golan_neurogroup/bml_group/tomerash/advmodels/results/models/convnext_small_l2_1_init1/pgd_eval/pgd_validation_results.csv,convnext_small_l2_1_init1,convnext_small_l2_1_init1,l2,1,1.0,0.5,convnext_small_l2_1_init1,eps=1 init 1
2026-03-12T16:03:11,model_best,/home/ashtomer/projects/ares/results/models/convnext_small_l2_1_init1/model_best.pth.tar,madry,l2,1,l2,1.0,1.0,10,0.2,63.614,87.07,58.036,86.028,1.9381948698711395,2.0907829160404203,state_dict_ema,/groups/golan_neurogroup/bml_group/tomerash/advmodels/results/models/convnext_small_l2_1_init1/pgd_eval/pgd_validation_results.csv,convnext_small_l2_1_init1,convnext_small_l2_1_init1,l2,1,1.0,1.0,convnext_small_l2_1_init1,eps=1 init 1
2026-03-12T18:57:41,model_best,/home/ashtomer/projects/ares/results/models/convnext_small_l2_1_init1/model_best.pth.tar,madry,l2,1,l2,2.0,2.0,10,0.4,63.614,87.07,50.034,83.11,1.9381948698711395,2.319786713523865,state_dict_ema,/groups/golan_neurogroup/bml_group/tomerash/advmodels/results/models/convnext_small_l2_1_init1/pgd_eval/pgd_validation_results.csv,convnext_small_l2_1_init1,convnext_small_l2_1_init1,l2,1,1.0,2.0,convnext_small_l2_1_init1,eps=1 init 1
2026-03-12T21:52:13,model_best,/home/ashtomer/projects/ares/results/models/convnext_small_l2_1_init1/model_best.pth.tar,madry,l2,1,l2,4.0,4.0,10,0.8,63.614,87.07,30.386,69.008,1.9381948698711395,3.4834322428512574,state_dict_ema,/groups/golan_neurogroup/bml_group/tomerash/advmodels/results/models/convnext_small_l2_1_init1/pgd_eval/pgd_validation_results.csv,convnext_small_l2_1_init1,convnext_small_l2_1_init1,l2,1,1.0,4.0,convnext_small_l2_1_init1,eps=1 init 1
2026-03-13T00:46:31,model_best,/home/ashtomer/projects/ares/results/models/convnext_small_l2_1_init1/model_best.pth.tar,madry,l2,1,l2,8.0,8.0,10,1.6,63.614,87.07,11.012,39.426,1.9381948698711395,6.759479223022461,state_dict_ema,/groups/golan_neurogroup/bml_group/tomerash/advmodels/results/models/convnext_small_l2_1_init1/pgd_eval/pgd_validation_results.csv,convnext_small_l2_1_init1,convnext_small_l2_1_init1,l2,1,1.0,8.0,convnext_small_l2_1_init1,eps=1 init 1
2026-03-13T03:41:01,model_best,/home/ashtomer/projects/ares/results/models/convnext_small_l2_1_init1/model_best.pth.tar,madry,l2,1,l2,16.0,16.0,10,3.2,63.614,87.07,1.33,6.386,1.9381948698711395,12.046983579711917,state_dict_ema,/groups/golan_neurogroup/bml_group/tomerash/advmodels/results/models/convnext_small_l2_1_init1/pgd_eval/pgd_validation_results.csv,convnext_small_l2_1_init1,convnext_small_l2_1_init1,l2,1,1.0,16.0,convnext_small_l2_1_init1,eps=1 init 1
2026-03-13T06:36:55,model_best,/home/ashtomer/projects/ares/results/models/convnext_small_l2_1_init1/model_best.pth.tar,madry,l2,1,l1,0.5,63.75,10,12.75,63.614,87.07,59.892,86.25,1.9381948698711395,2.0613733404922487,state_dict_ema,/groups/golan_neurogroup/bml_group/tomerash/advmodels/results/models/convnext_small_l2_1_init1/pgd_eval/pgd_validation_results.csv,convnext_small_l2_1_init1,convnext_small_l2_1_init1,l2,1,1.0,63.75,convnext_small_l2_1_init1,eps=1 init 1
2026-03-13T09:32:41,model_best,/home/ashtomer/projects/ares/results/models/convnext_small_l2_1_init1/model_best.pth.tar,madry,l2,1,l1,1.0,127.5,10,25.5,63.614,87.07,59.256,85.732,1.9381948698711395,2.1034018377113344,state_dict_ema,/groups/golan_neurogroup/bml_group/tomerash/advmodels/results/models/convnext_small_l2_1_init1/pgd_eval/pgd_validation_results.csv,convnext_small_l2_1_init1,convnext_small_l2_1_init1,l2,1,1.0,127.5,convnext_small_l2_1_init1,eps=1 init 1
2026-03-13T12:28:31,model_best,/home/ashtomer/projects/ares/results/models/convnext_small_l2_1_init1/model_best.pth.tar,madry,l2,1,l1,2.0,255.0,10,51.0,63.614,87.07,58.432,85.406,1.9381948698711395,2.141595818662644,state_dict_ema,/groups/golan_neurogroup/bml_group/tomerash/advmodels/results/models/convnext_small_l2_1_init1/pgd_eval/pgd_validation_results.csv,convnext_small_l2_1_init1,convnext_small_l2_1_init1,l2,1,1.0,255.0,convnext_small_l2_1_init1,eps=1 init 1
2026-03-13T15:24:29,model_best,/home/ashtomer/projects/ares/results/models/convnext_small_l2_1_init1/model_best.pth.tar,madry,l2,1,l1,4.0,510.0,10,102.0,63.614,87.07,58.038,85.104,1.9381948698711395,2.1639067198944093,state_dict_ema,/groups/golan_neurogroup/bml_group/tomerash/advmodels/results/models/convnext_small_l2_1_init1/pgd_eval/pgd_validation_results.csv,convnext_small_l2_1_init1,convnext_small_l2_1_init1,l2,1,1.0,510.0,convnext_small_l2_1_init1,eps=1 init 1
2026-03-13T18:20:35,model_best,/home/ashtomer/projects/ares/results/models/convnext_small_l2_1_init1/model_best.pth.tar,madry,l2,1,l1,8.0,1020.0,10,204.0,63.614,87.07,57.626,84.232,1.9381948698711395,2.169964435224533,state_dict_ema,/groups/golan_neurogroup/bml_group/tomerash/advmodels/results/models/convnext_small_l2_1_init1/pgd_eval/pgd_validation_results.csv,convnext_small_l2_1_init1,convnext_small_l2_1_init1,l2,1,1.0,1020.0,convnext_small_l2_1_init1,eps=1 init 1
2026-03-13T21:16:22,model_best,/home/ashtomer/projects/ares/results/models/convnext_small_l2_1_init1/model_best.pth.tar,madry,l2,1,l1,16.0,2040.0,10,408.0,63.614,87.07,59.622,85.322,1.9381948698711395,2.044925373010636,state_dict_ema,/groups/golan_neurogroup/bml_group/tomerash/advmodels/results/models/convnext_small_l2_1_init1/pgd_eval/pgd_validation_results.csv,convnext_small_l2_1_init1,convnext_small_l2_1_init1,l2,1,1.0,2040.0,convnext_small_l2_1_init1,eps=1 init 1
2026-03-18T02:42:06,model_best,/home/ashtomer/projects/ares/results/models/convnext_small_l2_1_init2/model_best.pth.tar,madry,l2,2,linf,0.5,0.0019607843137254,10,0.000392156862745,75.616,92.01,70.732,90.194,1.0163920069885255,1.2495521073150635,state_dict_ema,/groups/golan_neurogroup/bml_group/tomerash/advmodels/results/models/convnext_small_l2_1_init2/pgd_eval/pgd_validation_results.csv,convnext_small_l2_1_init2,convnext_small_l2_1_init2,l2,2,1.0,0.00196078431372549,convnext_small_l2_1_init2,eps=1 init 2
2026-03-18T04:42:26,model_best,/home/ashtomer/projects/ares/results/models/convnext_small_l2_1_init2/model_best.pth.tar,madry,l2,2,linf,1.0,0.0039215686274509,10,0.0007843137254901,75.616,92.01,65.268,87.992,1.0163920069885255,1.5320806633758546,state_dict_ema,/groups/golan_neurogroup/bml_group/tomerash/advmodels/results/models/convnext_small_l2_1_init2/pgd_eval/pgd_validation_results.csv,convnext_small_l2_1_init2,convnext_small_l2_1_init2,l2,2,1.0,0.00392156862745098,convnext_small_l2_1_init2,eps=1 init 2
2026-03-18T06:42:12,model_best,/home/ashtomer/projects/ares/results/models/convnext_small_l2_1_init2/model_best.pth.tar,madry,l2,2,linf,2.0,0.0078431372549019,10,0.0015686274509803,75.616,92.01,53.148,82.738,1.0163920069885255,2.274903702392578,state_dict_ema,/groups/golan_neurogroup/bml_group/tomerash/advmodels/results/models/convnext_small_l2_1_init2/pgd_eval/pgd_validation_results.csv,convnext_small_l2_1_init2,convnext_small_l2_1_init2,l2,2,1.0,0.00784313725490196,convnext_small_l2_1_init2,eps=1 init 2
2026-03-18T08:41:55,model_best,/home/ashtomer/projects/ares/results/models/convnext_small_l2_1_init2/model_best.pth.tar,madry,l2,2,linf,4.0,0.0156862745098039,10,0.0031372549019607,75.616,92.01,29.768,69.064,1.0163920069885255,4.533738936767578,state_dict_ema,/groups/golan_neurogroup/bml_group/tomerash/advmodels/results/models/convnext_small_l2_1_init2/pgd_eval/pgd_validation_results.csv,convnext_small_l2_1_init2,convnext_small_l2_1_init2,l2,2,1.0,0.01568627450980392,convnext_small_l2_1_init2,eps=1 init 2
2026-03-18T10:41:42,model_best,/home/ashtomer/projects/ares/results/models/convnext_small_l2_1_init2/model_best.pth.tar,madry,l2,2,linf,8.0,0.0313725490196078,10,0.0062745098039215,75.616,92.01,6.152,37.798,1.0163920069885255,11.040791984558105,state_dict_ema,/groups/golan_neurogroup/bml_group/tomerash/advmodels/results/models/convnext_small_l2_1_init2/pgd_eval/pgd_validation_results.csv,convnext_small_l2_1_init2,convnext_small_l2_1_init2,l2,2,1.0,0.03137254901960784,convnext_small_l2_1_init2,eps=1 init 2
2026-03-18T12:41:23,model_best,/home/ashtomer/projects/ares/results/models/convnext_small_l2_1_init2/model_best.pth.tar,madry,l2,2,linf,16.0,0.0627450980392156,10,0.0125490196078431,75.616,92.01,0.104,4.742,1.0163920069885255,22.367125723876956,state_dict_ema,/groups/golan_neurogroup/bml_group/tomerash/advmodels/results/models/convnext_small_l2_1_init2/pgd_eval/pgd_validation_results.csv,convnext_small_l2_1_init2,convnext_small_l2_1_init2,l2,2,1.0,0.06274509803921569,convnext_small_l2_1_init2,eps=1 init 2
2026-03-18T14:41:24,model_best,/home/ashtomer/projects/ares/results/models/convnext_small_l2_1_init2/model_best.pth.tar,madry,l2,2,l2,0.5,0.5,10,0.1,75.616,92.01,70.652,90.142,1.0163920069885255,1.253519186706543,state_dict_ema,/groups/golan_neurogroup/bml_group/tomerash/advmodels/results/models/convnext_small_l2_1_init2/pgd_eval/pgd_validation_results.csv,convnext_small_l2_1_init2,convnext_small_l2_1_init2,l2,2,1.0,0.5,convnext_small_l2_1_init2,eps=1 init 2
2026-03-18T16:41:37,model_best,/home/ashtomer/projects/ares/results/models/convnext_small_l2_1_init2/model_best.pth.tar,madry,l2,2,l2,1.0,1.0,10,0.2,75.616,92.01,65.004,87.89,1.0163920069885255,1.543167910079956,state_dict_ema,/groups/golan_neurogroup/bml_group/tomerash/advmodels/results/models/convnext_small_l2_1_init2/pgd_eval/pgd_validation_results.csv,convnext_small_l2_1_init2,convnext_small_l2_1_init2,l2,2,1.0,1.0,convnext_small_l2_1_init2,eps=1 init 2
2026-03-18T18:42:25,model_best,/home/ashtomer/projects/ares/results/models/convnext_small_l2_1_init2/model_best.pth.tar,madry,l2,2,l2,2.0,2.0,10,0.4,75.616,92.01,52.42,82.342,1.0163920069885255,2.3148757553100587,state_dict_ema,/groups/golan_neurogroup/bml_group/tomerash/advmodels/results/models/convnext_small_l2_1_init2/pgd_eval/pgd_validation_results.csv,convnext_small_l2_1_init2,convnext_small_l2_1_init2,l2,2,1.0,2.0,convnext_small_l2_1_init2,eps=1 init 2
2026-03-18T20:43:48,model_best,/home/ashtomer/projects/ares/results/models/convnext_small_l2_1_init2/model_best.pth.tar,madry,l2,2,l2,4.0,4.0,10,0.8,75.616,92.01,28.572,68.29,1.0163920069885255,4.680681653900146,state_dict_ema,/groups/golan_neurogroup/bml_group/tomerash/advmodels/results/models/convnext_small_l2_1_init2/pgd_eval/pgd_validation_results.csv,convnext_small_l2_1_init2,convnext_small_l2_1_init2,l2,2,1.0,4.0,convnext_small_l2_1_init2,eps=1 init 2
2026-03-18T22:44:41,model_best,/home/ashtomer/projects/ares/results/models/convnext_small_l2_1_init2/model_best.pth.tar,madry,l2,2,l2,8.0,8.0,10,1.6,75.616,92.01,5.732,36.918,1.0163920069885255,11.332934448242188,state_dict_ema,/groups/golan_neurogroup/bml_group/tomerash/advmodels/results/models/convnext_small_l2_1_init2/pgd_eval/pgd_validation_results.csv,convnext_small_l2_1_init2,convnext_small_l2_1_init2,l2,2,1.0,8.0,convnext_small_l2_1_init2,eps=1 init 2
2026-03-19T00:45:06,model_best,/home/ashtomer/projects/ares/results/models/convnext_small_l2_1_init2/model_best.pth.tar,madry,l2,2,l2,16.0,16.0,10,3.2,75.616,92.01,0.104,4.146,1.0163920069885255,23.09658832946777,state_dict_ema,/groups/golan_neurogroup/bml_group/tomerash/advmodels/results/models/convnext_small_l2_1_init2/pgd_eval/pgd_validation_results.csv,convnext_small_l2_1_init2,convnext_small_l2_1_init2,l2,2,1.0,16.0,convnext_small_l2_1_init2,eps=1 init 2
2026-03-19T02:46:18,model_best,/home/ashtomer/projects/ares/results/models/convnext_small_l2_1_init2/model_best.pth.tar,madry,l2,2,l1,0.5,63.75,10,12.75,75.616,92.01,57.874,84.952,1.0163920069885255,1.959671343536377,state_dict_ema,/groups/golan_neurogroup/bml_group/tomerash/advmodels/results/models/convnext_small_l2_1_init2/pgd_eval/pgd_validation_results.csv,convnext_small_l2_1_init2,convnext_small_l2_1_init2,l2,2,1.0,63.75,convnext_small_l2_1_init2,eps=1 init 2
2026-03-19T04:47:24,model_best,/home/ashtomer/projects/ares/results/models/convnext_small_l2_1_init2/model_best.pth.tar,madry,l2,2,l1,1.0,127.5,10,25.5,75.616,92.01,46.824,80.096,1.0163920069885255,2.710204192810058,state_dict_ema,/groups/golan_neurogroup/bml_group/tomerash/advmodels/results/models/convnext_small_l2_1_init2/pgd_eval/pgd_validation_results.csv,convnext_small_l2_1_init2,convnext_small_l2_1_init2,l2,2,1.0,127.5,convnext_small_l2_1_init2,eps=1 init 2
2026-03-19T06:48:42,model_best,/home/ashtomer/projects/ares/results/models/convnext_small_l2_1_init2/model_best.pth.tar,madry,l2,2,l1,2.0,255.0,10,51.0,75.616,92.01,38.948,76.102,1.0163920069885255,3.373842992858887,state_dict_ema,/groups/golan_neurogroup/bml_group/tomerash/advmodels/results/models/convnext_small_l2_1_init2/pgd_eval/pgd_validation_results.csv,convnext_small_l2_1_init2,convnext_small_l2_1_init2,l2,2,1.0,255.0,convnext_small_l2_1_init2,eps=1 init 2
2026-03-19T08:49:55,model_best,/home/ashtomer/projects/ares/results/models/convnext_small_l2_1_init2/model_best.pth.tar,madry,l2,2,l1,4.0,510.0,10,102.0,75.616,92.01,35.828,74.084,1.0163920069885255,3.6339405503845215,state_dict_ema,/groups/golan_neurogroup/bml_group/tomerash/advmodels/results/models/convnext_small_l2_1_init2/pgd_eval/pgd_validation_results.csv,convnext_small_l2_1_init2,convnext_small_l2_1_init2,l2,2,1.0,510.0,convnext_small_l2_1_init2,eps=1 init 2
2026-03-19T10:51:16,model_best,/home/ashtomer/projects/ares/results/models/convnext_small_l2_1_init2/model_best.pth.tar,madry,l2,2,l1,8.0,1020.0,10,204.0,75.616,92.01,35.456,73.58,1.0163920069885255,3.636541613311768,state_dict_ema,/groups/golan_neurogroup/bml_group/tomerash/advmodels/results/models/convnext_small_l2_1_init2/pgd_eval/pgd_validation_results.csv,convnext_small_l2_1_init2,convnext_small_l2_1_init2,l2,2,1.0,1020.0,convnext_small_l2_1_init2,eps=1 init 2
2026-03-19T12:52:49,model_best,/home/ashtomer/projects/ares/results/models/convnext_small_l2_1_init2/model_best.pth.tar,madry,l2,2,l1,16.0,2040.0,10,408.0,75.616,92.01,35.676,73.31,1.0163920069885255,3.6156561071777342,state_dict_ema,/groups/golan_neurogroup/bml_group/tomerash/advmodels/results/models/convnext_small_l2_1_init2/pgd_eval/pgd_validation_results.csv,convnext_small_l2_1_init2,convnext_small_l2_1_init2,l2,2,1.0,2040.0,convnext_small_l2_1_init2,eps=1 init 2
2026-03-18T03:31:32,model_best,/home/ashtomer/projects/ares/results/models/convnext_small_l2_2_init1/model_best.pth.tar,madry,l2,1,linf,0.5,0.0019607843137254,10,0.000392156862745,74.5,91.458,71.142,90.082,1.14413276802063,1.2828640404510498,state_dict_ema,/groups/golan_neurogroup/bml_group/tomerash/advmodels/results/models/convnext_small_l2_2_init1/pgd_eval/pgd_validation_results.csv,convnext_small_l2_2_init1,convnext_small_l2_2_init1,l2,1,2.0,0.00196078431372549,convnext_small_l2_2_init1,eps=2 init 1
2026-03-18T05:39:25,model_best,/home/ashtomer/projects/ares/results/models/convnext_small_l2_2_init1/model_best.pth.tar,madry,l2,1,linf,1.0,0.0039215686274509,10,0.0007843137254901,74.5,91.458,67.656,88.49,1.14413276802063,1.4375284384918212,state_dict_ema,/groups/golan_neurogroup/bml_group/tomerash/advmodels/results/models/convnext_small_l2_2_init1/pgd_eval/pgd_validation_results.csv,convnext_small_l2_2_init1,convnext_small_l2_2_init1,l2,1,2.0,0.00392156862745098,convnext_small_l2_2_init1,eps=2 init 1
2026-03-18T07:46:46,model_best,/home/ashtomer/projects/ares/results/models/convnext_small_l2_2_init1/model_best.pth.tar,madry,l2,1,linf,2.0,0.0078431372549019,10,0.0015686274509803,74.5,91.458,59.686,84.534,1.14413276802063,1.7999387365722657,state_dict_ema,/groups/golan_neurogroup/bml_group/tomerash/advmodels/results/models/convnext_small_l2_2_init1/pgd_eval/pgd_validation_results.csv,convnext_small_l2_2_init1,convnext_small_l2_2_init1,l2,1,2.0,0.00784313725490196,convnext_small_l2_2_init1,eps=2 init 1
2026-03-18T09:54:16,model_best,/home/ashtomer/projects/ares/results/models/convnext_small_l2_2_init1/model_best.pth.tar,madry,l2,1,linf,4.0,0.0156862745098039,10,0.0031372549019607,74.5,91.458,43.43,74.112,1.14413276802063,2.7366604165649413,state_dict_ema,/groups/golan_neurogroup/bml_group/tomerash/advmodels/results/models/convnext_small_l2_2_init1/pgd_eval/pgd_validation_results.csv,convnext_small_l2_2_init1,convnext_small_l2_2_init1,l2,1,2.0,0.01568627450980392,convnext_small_l2_2_init1,eps=2 init 1
2026-03-18T12:01:45,model_best,/home/ashtomer/projects/ares/results/models/convnext_small_l2_2_init1/model_best.pth.tar,madry,l2,1,linf,8.0,0.0313725490196078,10,0.0062745098039215,74.5,91.458,23.11,50.118,1.14413276802063,5.092990891113281,state_dict_ema,/groups/golan_neurogroup/bml_group/tomerash/advmodels/results/models/convnext_small_l2_2_init1/pgd_eval/pgd_validation_results.csv,convnext_small_l2_2_init1,convnext_small_l2_2_init1,l2,1,2.0,0.03137254901960784,convnext_small_l2_2_init1,eps=2 init 1
2026-03-18T14:09:39,model_best,/home/ashtomer/projects/ares/results/models/convnext_small_l2_2_init1/model_best.pth.tar,madry,l2,1,linf,16.0,0.0627450980392156,10,0.0125490196078431,74.5,91.458,7.424,16.804,1.14413276802063,9.943783382263184,state_dict_ema,/groups/golan_neurogroup/bml_group/tomerash/advmodels/results/models/convnext_small_l2_2_init1/pgd_eval/pgd_validation_results.csv,convnext_small_l2_2_init1,convnext_small_l2_2_init1,l2,1,2.0,0.06274509803921569,convnext_small_l2_2_init1,eps=2 init 1
2026-03-18T16:17:44,model_best,/home/ashtomer/projects/ares/results/models/convnext_small_l2_2_init1/model_best.pth.tar,madry,l2,1,l2,0.5,0.5,10,0.1,74.5,91.458,71.032,89.95,1.14413276802063,1.2875742922210691,state_dict_ema,/groups/golan_neurogroup/bml_group/tomerash/advmodels/results/models/convnext_small_l2_2_init1/pgd_eval/pgd_validation_results.csv,convnext_small_l2_2_init1,convnext_small_l2_2_init1,l2,1,2.0,0.5,convnext_small_l2_2_init1,eps=2 init 1
2026-03-18T18:26:03,model_best,/home/ashtomer/projects/ares/results/models/convnext_small_l2_2_init1/model_best.pth.tar,madry,l2,1,l2,1.0,1.0,10,0.2,74.5,91.458,67.294,88.324,1.14413276802063,1.4484014360046389,state_dict_ema,/groups/golan_neurogroup/bml_group/tomerash/advmodels/results/models/convnext_small_l2_2_init1/pgd_eval/pgd_validation_results.csv,convnext_small_l2_2_init1,convnext_small_l2_2_init1,l2,1,2.0,1.0,convnext_small_l2_2_init1,eps=2 init 1
2026-03-18T20:34:55,model_best,/home/ashtomer/projects/ares/results/models/convnext_small_l2_2_init1/model_best.pth.tar,madry,l2,1,l2,2.0,2.0,10,0.4,74.5,91.458,58.834,84.152,1.14413276802063,1.8288665213775637,state_dict_ema,/groups/golan_neurogroup/bml_group/tomerash/advmodels/results/models/convnext_small_l2_2_init1/pgd_eval/pgd_validation_results.csv,convnext_small_l2_2_init1,convnext_small_l2_2_init1,l2,1,2.0,2.0,convnext_small_l2_2_init1,eps=2 init 1
2026-03-18T22:43:18,model_best,/home/ashtomer/projects/ares/results/models/convnext_small_l2_2_init1/model_best.pth.tar,madry,l2,1,l2,4.0,4.0,10,0.8,74.5,91.458,41.354,72.87,1.14413276802063,2.820249274597168,state_dict_ema,/groups/golan_neurogroup/bml_group/tomerash/advmodels/results/models/convnext_small_l2_2_init1/pgd_eval/pgd_validation_results.csv,convnext_small_l2_2_init1,convnext_small_l2_2_init1,l2,1,2.0,4.0,convnext_small_l2_2_init1,eps=2 init 1
2026-03-19T00:51:21,model_best,/home/ashtomer/projects/ares/results/models/convnext_small_l2_2_init1/model_best.pth.tar,madry,l2,1,l2,8.0,8.0,10,1.6,74.5,91.458,21.076,48.142,1.14413276802063,5.2911928074646,state_dict_ema,/groups/golan_neurogroup/bml_group/tomerash/advmodels/results/models/convnext_small_l2_2_init1/pgd_eval/pgd_validation_results.csv,convnext_small_l2_2_init1,convnext_small_l2_2_init1,l2,1,2.0,8.0,convnext_small_l2_2_init1,eps=2 init 1
2026-03-19T02:59:15,model_best,/home/ashtomer/projects/ares/results/models/convnext_small_l2_2_init1/model_best.pth.tar,madry,l2,1,l2,16.0,16.0,10,3.2,74.5,91.458,6.176,14.464,1.14413276802063,10.427346215515136,state_dict_ema,/groups/golan_neurogroup/bml_group/tomerash/advmodels/results/models/convnext_small_l2_2_init1/pgd_eval/pgd_validation_results.csv,convnext_small_l2_2_init1,convnext_small_l2_2_init1,l2,1,2.0,16.0,convnext_small_l2_2_init1,eps=2 init 1
2026-03-19T05:07:56,model_best,/home/ashtomer/projects/ares/results/models/convnext_small_l2_2_init1/model_best.pth.tar,madry,l2,1,l1,0.5,63.75,10,12.75,74.5,91.458,63.02,86.43,1.14413276802063,1.6297614548492432,state_dict_ema,/groups/golan_neurogroup/bml_group/tomerash/advmodels/results/models/convnext_small_l2_2_init1/pgd_eval/pgd_validation_results.csv,convnext_small_l2_2_init1,convnext_small_l2_2_init1,l2,1,2.0,63.75,convnext_small_l2_2_init1,eps=2 init 1
2026-03-19T07:16:42,model_best,/home/ashtomer/projects/ares/results/models/convnext_small_l2_2_init1/model_best.pth.tar,madry,l2,1,l1,1.0,127.5,10,25.5,74.5,91.458,56.056,82.976,1.14413276802063,1.9536837171936037,state_dict_ema,/groups/golan_neurogroup/bml_group/tomerash/advmodels/results/models/convnext_small_l2_2_init1/pgd_eval/pgd_validation_results.csv,convnext_small_l2_2_init1,convnext_small_l2_2_init1,l2,1,2.0,127.5,convnext_small_l2_2_init1,eps=2 init 1
2026-03-19T09:25:19,model_best,/home/ashtomer/projects/ares/results/models/convnext_small_l2_2_init1/model_best.pth.tar,madry,l2,1,l1,2.0,255.0,10,51.0,74.5,91.458,50.236,79.772,1.14413276802063,2.2591007679748536,state_dict_ema,/groups/golan_neurogroup/bml_group/tomerash/advmodels/results/models/convnext_small_l2_2_init1/pgd_eval/pgd_validation_results.csv,convnext_small_l2_2_init1,convnext_small_l2_2_init1,l2,1,2.0,255.0,convnext_small_l2_2_init1,eps=2 init 1
2026-03-19T11:34:13,model_best,/home/ashtomer/projects/ares/results/models/convnext_small_l2_2_init1/model_best.pth.tar,madry,l2,1,l1,4.0,510.0,10,102.0,74.5,91.458,47.58,78.154,1.14413276802063,2.4009232243347167,state_dict_ema,/groups/golan_neurogroup/bml_group/tomerash/advmodels/results/models/convnext_small_l2_2_init1/pgd_eval/pgd_validation_results.csv,convnext_small_l2_2_init1,convnext_small_l2_2_init1,l2,1,2.0,510.0,convnext_small_l2_2_init1,eps=2 init 1
2026-03-19T13:43:17,model_best,/home/ashtomer/projects/ares/results/models/convnext_small_l2_2_init1/model_best.pth.tar,madry,l2,1,l1,8.0,1020.0,10,204.0,74.5,91.458,47.322,77.924,1.14413276802063,2.4162348602294923,state_dict_ema,/groups/golan_neurogroup/bml_group/tomerash/advmodels/results/models/convnext_small_l2_2_init1/pgd_eval/pgd_validation_results.csv,convnext_small_l2_2_init1,convnext_small_l2_2_init1,l2,1,2.0,1020.0,convnext_small_l2_2_init1,eps=2 init 1
2026-03-19T15:52:21,model_best,/home/ashtomer/projects/ares/results/models/convnext_small_l2_2_init1/model_best.pth.tar,madry,l2,1,l1,16.0,2040.0,10,408.0,74.5,91.458,47.566,77.874,1.14413276802063,2.4078438677978515,state_dict_ema,/groups/golan_neurogroup/bml_group/tomerash/advmodels/results/models/convnext_small_l2_2_init1/pgd_eval/pgd_validation_results.csv,convnext_small_l2_2_init1,convnext_small_l2_2_init1,l2,1,2.0,2040.0,convnext_small_l2_2_init1,eps=2 init 1
2026-03-13T23:40:42,model_best,/home/ashtomer/projects/ares/results/models/convnext_small_l2_2_init2/model_best.pth.tar,madry,l2,2,linf,0.5,0.0019607843137254,10,0.000392156862745,74.304,91.424,71.04,90.014,1.1597375538158416,1.2958314540958404,state_dict_ema,/groups/golan_neurogroup/bml_group/tomerash/advmodels/results/models/convnext_small_l2_2_init2/pgd_eval/pgd_validation_results.csv,convnext_small_l2_2_init2,convnext_small_l2_2_init2,l2,2,2.0,0.00196078431372549,convnext_small_l2_2_init2,eps=2 init 2
2026-03-14T02:34:01,model_best,/home/ashtomer/projects/ares/results/models/convnext_small_l2_2_init2/model_best.pth.tar,madry,l2,2,linf,1.0,0.0039215686274509,10,0.0007843137254901,74.304,91.424,67.504,88.274,1.1597375538158416,1.4473621950912476,state_dict_ema,/groups/golan_neurogroup/bml_group/tomerash/advmodels/results/models/convnext_small_l2_2_init2/pgd_eval/pgd_validation_results.csv,convnext_small_l2_2_init2,convnext_small_l2_2_init2,l2,2,2.0,0.00392156862745098,convnext_small_l2_2_init2,eps=2 init 2
2026-03-14T05:27:33,model_best,/home/ashtomer/projects/ares/results/models/convnext_small_l2_2_init2/model_best.pth.tar,madry,l2,2,linf,2.0,0.0078431372549019,10,0.0015686274509803,74.304,91.424,59.594,84.338,1.1597375538158416,1.8018964291477204,state_dict_ema,/groups/golan_neurogroup/bml_group/tomerash/advmodels/results/models/convnext_small_l2_2_init2/pgd_eval/pgd_validation_results.csv,convnext_small_l2_2_init2,convnext_small_l2_2_init2,l2,2,2.0,0.00784313725490196,convnext_small_l2_2_init2,eps=2 init 2
2026-03-14T08:21:03,model_best,/home/ashtomer/projects/ares/results/models/convnext_small_l2_2_init2/model_best.pth.tar,madry,l2,2,linf,4.0,0.0156862745098039,10,0.0031372549019607,74.304,91.424,43.384,73.57,1.1597375538158416,2.7172865309715277,state_dict_ema,/groups/golan_neurogroup/bml_group/tomerash/advmodels/results/models/convnext_small_l2_2_init2/pgd_eval/pgd_validation_results.csv,convnext_small_l2_2_init2,convnext_small_l2_2_init2,l2,2,2.0,0.01568627450980392,convnext_small_l2_2_init2,eps=2 init 2
2026-03-14T11:14:31,model_best,/home/ashtomer/projects/ares/results/models/convnext_small_l2_2_init2/model_best.pth.tar,madry,l2,2,linf,8.0,0.0313725490196078,10,0.0062745098039215,74.304,91.424,23.144,49.384,1.1597375538158416,5.054835591964721,state_dict_ema,/groups/golan_neurogroup/bml_group/tomerash/advmodels/results/models/convnext_small_l2_2_init2/pgd_eval/pgd_validation_results.csv,convnext_small_l2_2_init2,convnext_small_l2_2_init2,l2,2,2.0,0.03137254901960784,convnext_small_l2_2_init2,eps=2 init 2
2026-03-14T14:08:06,model_best,/home/ashtomer/projects/ares/results/models/convnext_small_l2_2_init2/model_best.pth.tar,madry,l2,2,linf,16.0,0.0627450980392156,10,0.0125490196078431,74.304,91.424,6.934,15.466,1.1597375538158416,10.002074235687257,state_dict_ema,/groups/golan_neurogroup/bml_group/tomerash/advmodels/results/models/convnext_small_l2_2_init2/pgd_eval/pgd_validation_results.csv,convnext_small_l2_2_init2,convnext_small_l2_2_init2,l2,2,2.0,0.06274509803921569,convnext_small_l2_2_init2,eps=2 init 2
2026-03-14T17:01:43,model_best,/home/ashtomer/projects/ares/results/models/convnext_small_l2_2_init2/model_best.pth.tar,madry,l2,2,l2,0.5,0.5,10,0.1,74.304,91.424,70.93,89.968,1.1597375538158416,1.300570791053772,state_dict_ema,/groups/golan_neurogroup/bml_group/tomerash/advmodels/results/models/convnext_small_l2_2_init2/pgd_eval/pgd_validation_results.csv,convnext_small_l2_2_init2,convnext_small_l2_2_init2,l2,2,2.0,0.5,convnext_small_l2_2_init2,eps=2 init 2
2026-03-14T19:55:38,model_best,/home/ashtomer/projects/ares/results/models/convnext_small_l2_2_init2/model_best.pth.tar,madry,l2,2,l2,1.0,1.0,10,0.2,74.304,91.424,67.09,88.104,1.1597375538158416,1.4583243810844422,state_dict_ema,/groups/golan_neurogroup/bml_group/tomerash/advmodels/results/models/convnext_small_l2_2_init2/pgd_eval/pgd_validation_results.csv,convnext_small_l2_2_init2,convnext_small_l2_2_init2,l2,2,2.0,1.0,convnext_small_l2_2_init2,eps=2 init 2
2026-03-14T22:49:36,model_best,/home/ashtomer/projects/ares/results/models/convnext_small_l2_2_init2/model_best.pth.tar,madry,l2,2,l2,2.0,2.0,10,0.4,74.304,91.424,58.766,83.92,1.1597375538158416,1.8306734782981875,state_dict_ema,/groups/golan_neurogroup/bml_group/tomerash/advmodels/results/models/convnext_small_l2_2_init2/pgd_eval/pgd_validation_results.csv,convnext_small_l2_2_init2,convnext_small_l2_2_init2,l2,2,2.0,2.0,convnext_small_l2_2_init2,eps=2 init 2
2026-03-15T01:43:22,model_best,/home/ashtomer/projects/ares/results/models/convnext_small_l2_2_init2/model_best.pth.tar,madry,l2,2,l2,4.0,4.0,10,0.8,74.304,91.424,41.444,72.292,1.1597375538158416,2.798996656265259,state_dict_ema,/groups/golan_neurogroup/bml_group/tomerash/advmodels/results/models/convnext_small_l2_2_init2/pgd_eval/pgd_validation_results.csv,convnext_small_l2_2_init2,convnext_small_l2_2_init2,l2,2,2.0,4.0,convnext_small_l2_2_init2,eps=2 init 2
2026-03-15T04:37:15,model_best,/home/ashtomer/projects/ares/results/models/convnext_small_l2_2_init2/model_best.pth.tar,madry,l2,2,l2,8.0,8.0,10,1.6,74.304,91.424,21.128,47.42,1.1597375538158416,5.242695286865234,state_dict_ema,/groups/golan_neurogroup/bml_group/tomerash/advmodels/results/models/convnext_small_l2_2_init2/pgd_eval/pgd_validation_results.csv,convnext_small_l2_2_init2,convnext_small_l2_2_init2,l2,2,2.0,8.0,convnext_small_l2_2_init2,eps=2 init 2
2026-03-15T07:31:18,model_best,/home/ashtomer/projects/ares/results/models/convnext_small_l2_2_init2/model_best.pth.tar,madry,l2,2,l2,16.0,16.0,10,3.2,74.304,91.424,5.772,13.252,1.1597375538158416,10.451965197601318,state_dict_ema,/groups/golan_neurogroup/bml_group/tomerash/advmodels/results/models/convnext_small_l2_2_init2/pgd_eval/pgd_validation_results.csv,convnext_small_l2_2_init2,convnext_small_l2_2_init2,l2,2,2.0,16.0,convnext_small_l2_2_init2,eps=2 init 2
2026-03-15T10:26:53,model_best,/home/ashtomer/projects/ares/results/models/convnext_small_l2_2_init2/model_best.pth.tar,madry,l2,2,l1,0.5,63.75,10,12.75,74.304,91.424,62.736,86.104,1.1597375538158416,1.637742500333786,state_dict_ema,/groups/golan_neurogroup/bml_group/tomerash/advmodels/results/models/convnext_small_l2_2_init2/pgd_eval/pgd_validation_results.csv,convnext_small_l2_2_init2,convnext_small_l2_2_init2,l2,2,2.0,63.75,convnext_small_l2_2_init2,eps=2 init 2
2026-03-15T13:22:36,model_best,/home/ashtomer/projects/ares/results/models/convnext_small_l2_2_init2/model_best.pth.tar,madry,l2,2,l1,1.0,127.5,10,25.5,74.304,91.424,55.712,82.606,1.1597375538158416,1.963403379440308,state_dict_ema,/groups/golan_neurogroup/bml_group/tomerash/advmodels/results/models/convnext_small_l2_2_init2/pgd_eval/pgd_validation_results.csv,convnext_small_l2_2_init2,convnext_small_l2_2_init2,l2,2,2.0,127.5,convnext_small_l2_2_init2,eps=2 init 2
2026-03-15T16:18:17,model_best,/home/ashtomer/projects/ares/results/models/convnext_small_l2_2_init2/model_best.pth.tar,madry,l2,2,l1,2.0,255.0,10,51.0,74.304,91.424,49.668,79.016,1.1597375538158416,2.273107018623352,state_dict_ema,/groups/golan_neurogroup/bml_group/tomerash/advmodels/results/models/convnext_small_l2_2_init2/pgd_eval/pgd_validation_results.csv,convnext_small_l2_2_init2,convnext_small_l2_2_init2,l2,2,2.0,255.0,convnext_small_l2_2_init2,eps=2 init 2
2026-03-15T19:13:52,model_best,/home/ashtomer/projects/ares/results/models/convnext_small_l2_2_init2/model_best.pth.tar,madry,l2,2,l1,4.0,510.0,10,102.0,74.304,91.424,47.236,77.248,1.1597375538158416,2.4166756597328187,state_dict_ema,/groups/golan_neurogroup/bml_group/tomerash/advmodels/results/models/convnext_small_l2_2_init2/pgd_eval/pgd_validation_results.csv,convnext_small_l2_2_init2,convnext_small_l2_2_init2,l2,2,2.0,510.0,convnext_small_l2_2_init2,eps=2 init 2
2026-03-15T22:09:40,model_best,/home/ashtomer/projects/ares/results/models/convnext_small_l2_2_init2/model_best.pth.tar,madry,l2,2,l1,8.0,1020.0,10,204.0,74.304,91.424,46.882,77.002,1.1597375538158416,2.439864473628998,state_dict_ema,/groups/golan_neurogroup/bml_group/tomerash/advmodels/results/models/convnext_small_l2_2_init2/pgd_eval/pgd_validation_results.csv,convnext_small_l2_2_init2,convnext_small_l2_2_init2,l2,2,2.0,1020.0,convnext_small_l2_2_init2,eps=2 init 2
2026-03-16T01:05:29,model_best,/home/ashtomer/projects/ares/results/models/convnext_small_l2_2_init2/model_best.pth.tar,madry,l2,2,l1,16.0,2040.0,10,408.0,74.304,91.424,46.768,76.752,1.1597375538158416,2.446728879318237,state_dict_ema,/groups/golan_neurogroup/bml_group/tomerash/advmodels/results/models/convnext_small_l2_2_init2/pgd_eval/pgd_validation_results.csv,convnext_small_l2_2_init2,convnext_small_l2_2_init2,l2,2,2.0,2040.0,convnext_small_l2_2_init2,eps=2 init 2
2026-03-14T00:18:19,model_best,/home/ashtomer/projects/ares/results/models/convnext_small_l2_4_init1/model_best.pth.tar,madry,l2,1,linf,0.5,0.0019607843137254,10,0.000392156862745,71.31,89.248,67.958,87.666,1.3531785601615909,1.5021275875663758,state_dict_ema,/groups/golan_neurogroup/bml_group/tomerash/advmodels/results/models/convnext_small_l2_4_init1/pgd_eval/pgd_validation_results.csv,convnext_small_l2_4_init1,convnext_small_l2_4_init1,l2,1,4.0,0.00196078431372549,convnext_small_l2_4_init1,eps=4 init 1
2026-03-14T03:17:47,model_best,/home/ashtomer/projects/ares/results/models/convnext_small_l2_4_init1/model_best.pth.tar,madry,l2,1,linf,1.0,0.0039215686274509,10,0.0007843137254901,71.31,89.248,64.428,85.824,1.3531785601615909,1.6649248568439483,state_dict_ema,/groups/golan_neurogroup/bml_group/tomerash/advmodels/results/models/convnext_small_l2_4_init1/pgd_eval/pgd_validation_results.csv,convnext_small_l2_4_init1,convnext_small_l2_4_init1,l2,1,4.0,0.00392156862745098,convnext_small_l2_4_init1,eps=4 init 1
2026-03-14T06:17:20,model_best,/home/ashtomer/projects/ares/results/models/convnext_small_l2_4_init1/model_best.pth.tar,madry,l2,1,linf,2.0,0.0078431372549019,10,0.0015686274509803,71.31,89.248,56.884,81.52,1.3531785601615909,2.034795227546692,state_dict_ema,/groups/golan_neurogroup/bml_group/tomerash/advmodels/results/models/convnext_small_l2_4_init1/pgd_eval/pgd_validation_results.csv,convnext_small_l2_4_init1,convnext_small_l2_4_init1,l2,1,4.0,0.00784313725490196,convnext_small_l2_4_init1,eps=4 init 1
2026-03-14T09:16:45,model_best,/home/ashtomer/projects/ares/results/models/convnext_small_l2_4_init1/model_best.pth.tar,madry,l2,1,linf,4.0,0.0156862745098039,10,0.0031372549019607,71.31,89.248,42.192,70.696,1.3531785601615909,2.950504389305115,state_dict_ema,/groups/golan_neurogroup/bml_group/tomerash/advmodels/results/models/convnext_small_l2_4_init1/pgd_eval/pgd_validation_results.csv,convnext_small_l2_4_init1,convnext_small_l2_4_init1,l2,1,4.0,0.01568627450980392,convnext_small_l2_4_init1,eps=4 init 1
2026-03-14T12:16:42,model_best,/home/ashtomer/projects/ares/results/models/convnext_small_l2_4_init1/model_best.pth.tar,madry,l2,1,linf,8.0,0.0313725490196078,10,0.0062745098039215,71.31,89.248,22.962,47.01,1.3531785601615909,5.257304394607544,state_dict_ema,/groups/golan_neurogroup/bml_group/tomerash/advmodels/results/models/convnext_small_l2_4_init1/pgd_eval/pgd_validation_results.csv,convnext_small_l2_4_init1,convnext_small_l2_4_init1,l2,1,4.0,0.03137254901960784,convnext_small_l2_4_init1,eps=4 init 1
2026-03-14T15:16:37,model_best,/home/ashtomer/projects/ares/results/models/convnext_small_l2_4_init1/model_best.pth.tar,madry,l2,1,linf,16.0,0.0627450980392156,10,0.0125490196078431,71.31,89.248,7.082,15.486,1.3531785601615909,10.221497674255373,state_dict_ema,/groups/golan_neurogroup/bml_group/tomerash/advmodels/results/models/convnext_small_l2_4_init1/pgd_eval/pgd_validation_results.csv,convnext_small_l2_4_init1,convnext_small_l2_4_init1,l2,1,4.0,0.06274509803921569,convnext_small_l2_4_init1,eps=4 init 1
2026-03-14T18:16:39,model_best,/home/ashtomer/projects/ares/results/models/convnext_small_l2_4_init1/model_best.pth.tar,madry,l2,1,l2,0.5,0.5,10,0.1,71.31,89.248,67.974,87.644,1.3531785601615909,1.5015751591396331,state_dict_ema,/groups/golan_neurogroup/bml_group/tomerash/advmodels/results/models/convnext_small_l2_4_init1/pgd_eval/pgd_validation_results.csv,convnext_small_l2_4_init1,convnext_small_l2_4_init1,l2,1,4.0,0.5,convnext_small_l2_4_init1,eps=4 init 1
2026-03-14T21:16:59,model_best,/home/ashtomer/projects/ares/results/models/convnext_small_l2_4_init1/model_best.pth.tar,madry,l2,1,l2,1.0,1.0,10,0.2,71.31,89.248,64.406,85.776,1.3531785601615909,1.663970896511078,state_dict_ema,/groups/golan_neurogroup/bml_group/tomerash/advmodels/results/models/convnext_small_l2_4_init1/pgd_eval/pgd_validation_results.csv,convnext_small_l2_4_init1,convnext_small_l2_4_init1,l2,1,4.0,1.0,convnext_small_l2_4_init1,eps=4 init 1
2026-03-15T00:17:06,model_best,/home/ashtomer/projects/ares/results/models/convnext_small_l2_4_init1/model_best.pth.tar,madry,l2,1,l2,2.0,2.0,10,0.4,71.31,89.248,56.722,81.468,1.3531785601615909,2.0338691674041747,state_dict_ema,/groups/golan_neurogroup/bml_group/tomerash/advmodels/results/models/convnext_small_l2_4_init1/pgd_eval/pgd_validation_results.csv,convnext_small_l2_4_init1,convnext_small_l2_4_init1,l2,1,4.0,2.0,convnext_small_l2_4_init1,eps=4 init 1
2026-03-15T03:16:53,model_best,/home/ashtomer/projects/ares/results/models/convnext_small_l2_4_init1/model_best.pth.tar,madry,l2,1,l2,4.0,4.0,10,0.8,71.31,89.248,41.468,70.256,1.3531785601615909,2.953652199344635,state_dict_ema,/groups/golan_neurogroup/bml_group/tomerash/advmodels/results/models/convnext_small_l2_4_init1/pgd_eval/pgd_validation_results.csv,convnext_small_l2_4_init1,convnext_small_l2_4_init1,l2,1,4.0,4.0,convnext_small_l2_4_init1,eps=4 init 1
2026-03-15T06:17:00,model_best,/home/ashtomer/projects/ares/results/models/convnext_small_l2_4_init1/model_best.pth.tar,madry,l2,1,l2,8.0,8.0,10,1.6,71.31,89.248,21.712,46.158,1.3531785601615909,5.287407076683045,state_dict_ema,/groups/golan_neurogroup/bml_group/tomerash/advmodels/results/models/convnext_small_l2_4_init1/pgd_eval/pgd_validation_results.csv,convnext_small_l2_4_init1,convnext_small_l2_4_init1,l2,1,4.0,8.0,convnext_small_l2_4_init1,eps=4 init 1
2026-03-15T09:17:14,model_best,/home/ashtomer/projects/ares/results/models/convnext_small_l2_4_init1/model_best.pth.tar,madry,l2,1,l2,16.0,16.0,10,3.2,71.31,89.248,6.182,13.788,1.3531785601615909,10.481203459777833,state_dict_ema,/groups/golan_neurogroup/bml_group/tomerash/advmodels/results/models/convnext_small_l2_4_init1/pgd_eval/pgd_validation_results.csv,convnext_small_l2_4_init1,convnext_small_l2_4_init1,l2,1,4.0,16.0,convnext_small_l2_4_init1,eps=4 init 1
2026-03-15T12:19:07,model_best,/home/ashtomer/projects/ares/results/models/convnext_small_l2_4_init1/model_best.pth.tar,madry,l2,1,l1,0.5,63.75,10,12.75,71.31,89.248,61.068,83.928,1.3531785601615909,1.8200470263385773,state_dict_ema,/groups/golan_neurogroup/bml_group/tomerash/advmodels/results/models/convnext_small_l2_4_init1/pgd_eval/pgd_validation_results.csv,convnext_small_l2_4_init1,convnext_small_l2_4_init1,l2,1,4.0,63.75,convnext_small_l2_4_init1,eps=4 init 1
2026-03-15T15:20:51,model_best,/home/ashtomer/projects/ares/results/models/convnext_small_l2_4_init1/model_best.pth.tar,madry,l2,1,l1,1.0,127.5,10,25.5,71.31,89.248,54.724,80.28,1.3531785601615909,2.135468242387772,state_dict_ema,/groups/golan_neurogroup/bml_group/tomerash/advmodels/results/models/convnext_small_l2_4_init1/pgd_eval/pgd_validation_results.csv,convnext_small_l2_4_init1,convnext_small_l2_4_init1,l2,1,4.0,127.5,convnext_small_l2_4_init1,eps=4 init 1
2026-03-15T18:22:45,model_best,/home/ashtomer/projects/ares/results/models/convnext_small_l2_4_init1/model_best.pth.tar,madry,l2,1,l1,2.0,255.0,10,51.0,71.31,89.248,49.258,76.694,1.3531785601615909,2.448544892349243,state_dict_ema,/groups/golan_neurogroup/bml_group/tomerash/advmodels/results/models/convnext_small_l2_4_init1/pgd_eval/pgd_validation_results.csv,convnext_small_l2_4_init1,convnext_small_l2_4_init1,l2,1,4.0,255.0,convnext_small_l2_4_init1,eps=4 init 1
2026-03-15T21:25:34,model_best,/home/ashtomer/projects/ares/results/models/convnext_small_l2_4_init1/model_best.pth.tar,madry,l2,1,l1,4.0,510.0,10,102.0,71.31,89.248,46.62,74.738,1.3531785601615909,2.613332171001434,state_dict_ema,/groups/golan_neurogroup/bml_group/tomerash/advmodels/results/models/convnext_small_l2_4_init1/pgd_eval/pgd_validation_results.csv,convnext_small_l2_4_init1,convnext_small_l2_4_init1,l2,1,4.0,510.0,convnext_small_l2_4_init1,eps=4 init 1
2026-03-16T00:28:54,model_best,/home/ashtomer/projects/ares/results/models/convnext_small_l2_4_init1/model_best.pth.tar,madry,l2,1,l1,8.0,1020.0,10,204.0,71.31,89.248,45.962,74.154,1.3531785601615909,2.654398464946747,state_dict_ema,/groups/golan_neurogroup/bml_group/tomerash/advmodels/results/models/convnext_small_l2_4_init1/pgd_eval/pgd_validation_results.csv,convnext_small_l2_4_init1,convnext_small_l2_4_init1,l2,1,4.0,1020.0,convnext_small_l2_4_init1,eps=4 init 1
2026-03-16T03:30:32,model_best,/home/ashtomer/projects/ares/results/models/convnext_small_l2_4_init1/model_best.pth.tar,madry,l2,1,l1,16.0,2040.0,10,408.0,71.31,89.248,45.844,73.824,1.3531785601615909,2.6686867519950868,state_dict_ema,/groups/golan_neurogroup/bml_group/tomerash/advmodels/results/models/convnext_small_l2_4_init1/pgd_eval/pgd_validation_results.csv,convnext_small_l2_4_init1,convnext_small_l2_4_init1,l2,1,4.0,2040.0,convnext_small_l2_4_init1,eps=4 init 1
2026-03-18T02:52:44,model_best,/home/ashtomer/projects/ares/results/models/convnext_small_l2_4_init2/model_best.pth.tar,madry,l2,2,linf,0.5,0.0019607843137254,10,0.000392156862745,70.92,89.628,60.762,86.6,1.3738263304901124,1.8480158171844483,state_dict_ema,/groups/golan_neurogroup/bml_group/tomerash/advmodels/results/models/convnext_small_l2_4_init2/pgd_eval/pgd_validation_results.csv,convnext_small_l2_4_init2,convnext_small_l2_4_init2,l2,2,4.0,0.00196078431372549,convnext_small_l2_4_init2,eps=4 init 2
2026-03-18T05:03:54,model_best,/home/ashtomer/projects/ares/results/models/convnext_small_l2_4_init2/model_best.pth.tar,madry,l2,2,linf,1.0,0.0039215686274509,10,0.0007843137254901,70.92,89.628,55.358,84.48,1.3738263304901124,2.1430758894348143,state_dict_ema,/groups/golan_neurogroup/bml_group/tomerash/advmodels/results/models/convnext_small_l2_4_init2/pgd_eval/pgd_validation_results.csv,convnext_small_l2_4_init2,convnext_small_l2_4_init2,l2,2,4.0,0.00392156862745098,convnext_small_l2_4_init2,eps=4 init 2
2026-03-18T07:15:20,model_best,/home/ashtomer/projects/ares/results/models/convnext_small_l2_4_init2/model_best.pth.tar,madry,l2,2,linf,2.0,0.0078431372549019,10,0.0015686274509803,70.92,89.628,45.306,79.52,1.3738263304901124,2.7353200134277342,state_dict_ema,/groups/golan_neurogroup/bml_group/tomerash/advmodels/results/models/convnext_small_l2_4_init2/pgd_eval/pgd_validation_results.csv,convnext_small_l2_4_init2,convnext_small_l2_4_init2,l2,2,4.0,0.00784313725490196,convnext_small_l2_4_init2,eps=4 init 2
2026-03-18T09:26:28,model_best,/home/ashtomer/projects/ares/results/models/convnext_small_l2_4_init2/model_best.pth.tar,madry,l2,2,linf,4.0,0.0156862745098039,10,0.0031372549019607,70.92,89.628,25.806,66.354,1.3738263304901124,4.272778291931153,state_dict_ema,/groups/golan_neurogroup/bml_group/tomerash/advmodels/results/models/convnext_small_l2_4_init2/pgd_eval/pgd_validation_results.csv,convnext_small_l2_4_init2,convnext_small_l2_4_init2,l2,2,4.0,0.01568627450980392,convnext_small_l2_4_init2,eps=4 init 2
2026-03-18T11:36:46,model_best,/home/ashtomer/projects/ares/results/models/convnext_small_l2_4_init2/model_best.pth.tar,madry,l2,2,linf,8.0,0.0313725490196078,10,0.0062745098039215,70.92,89.628,5.488,38.412,1.3738263304901124,8.752419527893066,state_dict_ema,/groups/golan_neurogroup/bml_group/tomerash/advmodels/results/models/convnext_small_l2_4_init2/pgd_eval/pgd_validation_results.csv,convnext_small_l2_4_init2,convnext_small_l2_4_init2,l2,2,4.0,0.03137254901960784,convnext_small_l2_4_init2,eps=4 init 2
2026-03-18T13:46:39,model_best,/home/ashtomer/projects/ares/results/models/convnext_small_l2_4_init2/model_best.pth.tar,madry,l2,2,linf,16.0,0.0627450980392156,10,0.0125490196078431,70.92,89.628,0.28,8.098,1.3738263304901124,17.09997025390625,state_dict_ema,/groups/golan_neurogroup/bml_group/tomerash/advmodels/results/models/convnext_small_l2_4_init2/pgd_eval/pgd_validation_results.csv,convnext_small_l2_4_init2,convnext_small_l2_4_init2,l2,2,4.0,0.06274509803921569,convnext_small_l2_4_init2,eps=4 init 2
2026-03-18T15:56:55,model_best,/home/ashtomer/projects/ares/results/models/convnext_small_l2_4_init2/model_best.pth.tar,madry,l2,2,l2,0.5,0.5,10,0.1,70.92,89.628,62.758,87.214,1.3738263304901124,1.657995330657959,state_dict_ema,/groups/golan_neurogroup/bml_group/tomerash/advmodels/results/models/convnext_small_l2_4_init2/pgd_eval/pgd_validation_results.csv,convnext_small_l2_4_init2,convnext_small_l2_4_init2,l2,2,4.0,0.5,convnext_small_l2_4_init2,eps=4 init 2
2026-03-18T18:07:23,model_best,/home/ashtomer/projects/ares/results/models/convnext_small_l2_4_init2/model_best.pth.tar,madry,l2,2,l2,1.0,1.0,10,0.2,70.92,89.628,59.414,85.434,1.3738263304901124,1.7743638622283937,state_dict_ema,/groups/golan_neurogroup/bml_group/tomerash/advmodels/results/models/convnext_small_l2_4_init2/pgd_eval/pgd_validation_results.csv,convnext_small_l2_4_init2,convnext_small_l2_4_init2,l2,2,4.0,1.0,convnext_small_l2_4_init2,eps=4 init 2
2026-03-18T20:17:39,model_best,/home/ashtomer/projects/ares/results/models/convnext_small_l2_4_init2/model_best.pth.tar,madry,l2,2,l2,2.0,2.0,10,0.4,70.92,89.628,48.736,80.142,1.3738263304901124,2.3025311111450195,state_dict_ema,/groups/golan_neurogroup/bml_group/tomerash/advmodels/results/models/convnext_small_l2_4_init2/pgd_eval/pgd_validation_results.csv,convnext_small_l2_4_init2,convnext_small_l2_4_init2,l2,2,4.0,2.0,convnext_small_l2_4_init2,eps=4 init 2
2026-03-18T22:27:50,model_best,/home/ashtomer/projects/ares/results/models/convnext_small_l2_4_init2/model_best.pth.tar,madry,l2,2,l2,4.0,4.0,10,0.8,70.92,89.628,28.794,67.878,1.3738263304901124,3.816743792114258,state_dict_ema,/groups/golan_neurogroup/bml_group/tomerash/advmodels/results/models/convnext_small_l2_4_init2/pgd_eval/pgd_validation_results.csv,convnext_small_l2_4_init2,convnext_small_l2_4_init2,l2,2,4.0,4.0,convnext_small_l2_4_init2,eps=4 init 2
2026-03-19T00:37:22,model_best,/home/ashtomer/projects/ares/results/models/convnext_small_l2_4_init2/model_best.pth.tar,madry,l2,2,l2,8.0,8.0,10,1.6,70.92,89.628,7.414,42.084,1.3738263304901124,8.08100276550293,state_dict_ema,/groups/golan_neurogroup/bml_group/tomerash/advmodels/results/models/convnext_small_l2_4_init2/pgd_eval/pgd_validation_results.csv,convnext_small_l2_4_init2,convnext_small_l2_4_init2,l2,2,4.0,8.0,convnext_small_l2_4_init2,eps=4 init 2
2026-03-19T02:48:03,model_best,/home/ashtomer/projects/ares/results/models/convnext_small_l2_4_init2/model_best.pth.tar,madry,l2,2,l2,16.0,16.0,10,3.2,70.92,89.628,0.508,9.714,1.3738263304901124,16.734406309814453,state_dict_ema,/groups/golan_neurogroup/bml_group/tomerash/advmodels/results/models/convnext_small_l2_4_init2/pgd_eval/pgd_validation_results.csv,convnext_small_l2_4_init2,convnext_small_l2_4_init2,l2,2,4.0,16.0,convnext_small_l2_4_init2,eps=4 init 2
2026-03-19T04:59:31,model_best,/home/ashtomer/projects/ares/results/models/convnext_small_l2_4_init2/model_best.pth.tar,madry,l2,2,l1,0.5,63.75,10,12.75,70.92,89.628,60.8,85.234,1.3738263304901124,1.772094104309082,state_dict_ema,/groups/golan_neurogroup/bml_group/tomerash/advmodels/results/models/convnext_small_l2_4_init2/pgd_eval/pgd_validation_results.csv,convnext_small_l2_4_init2,convnext_small_l2_4_init2,l2,2,4.0,63.75,convnext_small_l2_4_init2,eps=4 init 2
2026-03-19T07:10:57,model_best,/home/ashtomer/projects/ares/results/models/convnext_small_l2_4_init2/model_best.pth.tar,madry,l2,2,l1,1.0,127.5,10,25.5,70.92,89.628,54.608,81.868,1.3738263304901124,2.1176868074035644,state_dict_ema,/groups/golan_neurogroup/bml_group/tomerash/advmodels/results/models/convnext_small_l2_4_init2/pgd_eval/pgd_validation_results.csv,convnext_small_l2_4_init2,convnext_small_l2_4_init2,l2,2,4.0,127.5,convnext_small_l2_4_init2,eps=4 init 2
2026-03-19T09:22:03,model_best,/home/ashtomer/projects/ares/results/models/convnext_small_l2_4_init2/model_best.pth.tar,madry,l2,2,l1,2.0,255.0,10,51.0,70.92,89.628,51.288,79.506,1.3738263304901124,2.403795550842285,state_dict_ema,/groups/golan_neurogroup/bml_group/tomerash/advmodels/results/models/convnext_small_l2_4_init2/pgd_eval/pgd_validation_results.csv,convnext_small_l2_4_init2,convnext_small_l2_4_init2,l2,2,4.0,255.0,convnext_small_l2_4_init2,eps=4 init 2
2026-03-19T11:31:28,model_best,/home/ashtomer/projects/ares/results/models/convnext_small_l2_4_init2/model_best.pth.tar,madry,l2,2,l1,4.0,510.0,10,102.0,70.92,89.628,48.888,78.236,1.3738263304901124,2.559025782165528,state_dict_ema,/groups/golan_neurogroup/bml_group/tomerash/advmodels/results/models/convnext_small_l2_4_init2/pgd_eval/pgd_validation_results.csv,convnext_small_l2_4_init2,convnext_small_l2_4_init2,l2,2,4.0,510.0,convnext_small_l2_4_init2,eps=4 init 2
2026-03-19T13:41:15,model_best,/home/ashtomer/projects/ares/results/models/convnext_small_l2_4_init2/model_best.pth.tar,madry,l2,2,l1,8.0,1020.0,10,204.0,70.92,89.628,48.124,77.754,1.3738263304901124,2.612310196990967,state_dict_ema,/groups/golan_neurogroup/bml_group/tomerash/advmodels/results/models/convnext_small_l2_4_init2/pgd_eval/pgd_validation_results.csv,convnext_small_l2_4_init2,convnext_small_l2_4_init2,l2,2,4.0,1020.0,convnext_small_l2_4_init2,eps=4 init 2
2026-03-19T15:51:17,model_best,/home/ashtomer/projects/ares/results/models/convnext_small_l2_4_init2/model_best.pth.tar,madry,l2,2,l1,16.0,2040.0,10,408.0,70.92,89.628,49.314,78.244,1.3738263304901124,2.568056787109375,state_dict_ema,/groups/golan_neurogroup/bml_group/tomerash/advmodels/results/models/convnext_small_l2_4_init2/pgd_eval/pgd_validation_results.csv,convnext_small_l2_4_init2,convnext_small_l2_4_init2,l2,2,4.0,2040.0,convnext_small_l2_4_init2,eps=4 init 2
2026-03-18T03:31:04,model_best,/home/ashtomer/projects/ares/results/models/convnext_small_l2_8_init1/model_best.pth.tar,madry,l2,1,linf,0.5,0.0019607843137254,10,0.000392156862745,70.706,89.536,58.118,86.178,1.4528150616455078,2.029357001495361,state_dict_ema,/groups/golan_neurogroup/bml_group/tomerash/advmodels/results/models/convnext_small_l2_8_init1/pgd_eval/pgd_validation_results.csv,convnext_small_l2_8_init1,convnext_small_l2_8_init1,l2,1,8.0,0.00196078431372549,convnext_small_l2_8_init1,eps=8 init 1
2026-03-18T05:38:48,model_best,/home/ashtomer/projects/ares/results/models/convnext_small_l2_8_init1/model_best.pth.tar,madry,l2,1,linf,1.0,0.0039215686274509,10,0.0007843137254901,70.706,89.536,52.08,83.924,1.4528150616455078,2.370340457458496,state_dict_ema,/groups/golan_neurogroup/bml_group/tomerash/advmodels/results/models/convnext_small_l2_8_init1/pgd_eval/pgd_validation_results.csv,convnext_small_l2_8_init1,convnext_small_l2_8_init1,l2,1,8.0,0.00392156862745098,convnext_small_l2_8_init1,eps=8 init 1
2026-03-18T07:46:06,model_best,/home/ashtomer/projects/ares/results/models/convnext_small_l2_8_init1/model_best.pth.tar,madry,l2,1,linf,2.0,0.0078431372549019,10,0.0015686274509803,70.706,89.536,41.874,78.846,1.4528150616455078,2.986787755279541,state_dict_ema,/groups/golan_neurogroup/bml_group/tomerash/advmodels/results/models/convnext_small_l2_8_init1/pgd_eval/pgd_validation_results.csv,convnext_small_l2_8_init1,convnext_small_l2_8_init1,l2,1,8.0,0.00784313725490196,convnext_small_l2_8_init1,eps=8 init 1
2026-03-18T09:53:07,model_best,/home/ashtomer/projects/ares/results/models/convnext_small_l2_8_init1/model_best.pth.tar,madry,l2,1,linf,4.0,0.0156862745098039,10,0.0031372549019607,70.706,89.536,23.318,65.866,1.4528150616455078,4.439871685943603,state_dict_ema,/groups/golan_neurogroup/bml_group/tomerash/advmodels/results/models/convnext_small_l2_8_init1/pgd_eval/pgd_validation_results.csv,convnext_small_l2_8_init1,convnext_small_l2_8_init1,l2,1,8.0,0.01568627450980392,convnext_small_l2_8_init1,eps=8 init 1
2026-03-18T11:59:35,model_best,/home/ashtomer/projects/ares/results/models/convnext_small_l2_8_init1/model_best.pth.tar,madry,l2,1,linf,8.0,0.0313725490196078,10,0.0062745098039215,70.706,89.536,4.544,37.39,1.4528150616455078,8.769783356323241,state_dict_ema,/groups/golan_neurogroup/bml_group/tomerash/advmodels/results/models/convnext_small_l2_8_init1/pgd_eval/pgd_validation_results.csv,convnext_small_l2_8_init1,convnext_small_l2_8_init1,l2,1,8.0,0.03137254901960784,convnext_small_l2_8_init1,eps=8 init 1
2026-03-18T14:07:37,model_best,/home/ashtomer/projects/ares/results/models/convnext_small_l2_8_init1/model_best.pth.tar,madry,l2,1,linf,16.0,0.0627450980392156,10,0.0125490196078431,70.706,89.536,0.168,7.222,1.4528150616455078,17.20832262573242,state_dict_ema,/groups/golan_neurogroup/bml_group/tomerash/advmodels/results/models/convnext_small_l2_8_init1/pgd_eval/pgd_validation_results.csv,convnext_small_l2_8_init1,convnext_small_l2_8_init1,l2,1,8.0,0.06274509803921569,convnext_small_l2_8_init1,eps=8 init 1
2026-03-18T16:16:05,model_best,/home/ashtomer/projects/ares/results/models/convnext_small_l2_8_init1/model_best.pth.tar,madry,l2,1,l2,0.5,0.5,10,0.1,70.706,89.536,60.452,87.064,1.4528150616455078,1.7791903245544434,state_dict_ema,/groups/golan_neurogroup/bml_group/tomerash/advmodels/results/models/convnext_small_l2_8_init1/pgd_eval/pgd_validation_results.csv,convnext_small_l2_8_init1,convnext_small_l2_8_init1,l2,1,8.0,0.5,convnext_small_l2_8_init1,eps=8 init 1
2026-03-18T18:24:00,model_best,/home/ashtomer/projects/ares/results/models/convnext_small_l2_8_init1/model_best.pth.tar,madry,l2,1,l2,1.0,1.0,10,0.2,70.706,89.536,57.708,85.156,1.4528150616455078,1.859731032562256,state_dict_ema,/groups/golan_neurogroup/bml_group/tomerash/advmodels/results/models/convnext_small_l2_8_init1/pgd_eval/pgd_validation_results.csv,convnext_small_l2_8_init1,convnext_small_l2_8_init1,l2,1,8.0,1.0,convnext_small_l2_8_init1,eps=8 init 1
2026-03-18T20:31:06,model_best,/home/ashtomer/projects/ares/results/models/convnext_small_l2_8_init1/model_best.pth.tar,madry,l2,1,l2,2.0,2.0,10,0.4,70.706,89.536,46.438,79.626,1.4528150616455078,2.3834935963439943,state_dict_ema,/groups/golan_neurogroup/bml_group/tomerash/advmodels/results/models/convnext_small_l2_8_init1/pgd_eval/pgd_validation_results.csv,convnext_small_l2_8_init1,convnext_small_l2_8_init1,l2,1,8.0,2.0,convnext_small_l2_8_init1,eps=8 init 1
2026-03-18T22:38:09,model_best,/home/ashtomer/projects/ares/results/models/convnext_small_l2_8_init1/model_best.pth.tar,madry,l2,1,l2,4.0,4.0,10,0.8,70.706,89.536,25.416,66.278,1.4528150616455078,3.951336982421875,state_dict_ema,/groups/golan_neurogroup/bml_group/tomerash/advmodels/results/models/convnext_small_l2_8_init1/pgd_eval/pgd_validation_results.csv,convnext_small_l2_8_init1,convnext_small_l2_8_init1,l2,1,8.0,4.0,convnext_small_l2_8_init1,eps=8 init 1
2026-03-19T00:44:49,model_best,/home/ashtomer/projects/ares/results/models/convnext_small_l2_8_init1/model_best.pth.tar,madry,l2,1,l2,8.0,8.0,10,1.6,70.706,89.536,5.22,38.524,1.4528150616455078,8.377062648925781,state_dict_ema,/groups/golan_neurogroup/bml_group/tomerash/advmodels/results/models/convnext_small_l2_8_init1/pgd_eval/pgd_validation_results.csv,convnext_small_l2_8_init1,convnext_small_l2_8_init1,l2,1,8.0,8.0,convnext_small_l2_8_init1,eps=8 init 1
2026-03-19T02:51:47,model_best,/home/ashtomer/projects/ares/results/models/convnext_small_l2_8_init1/model_best.pth.tar,madry,l2,1,l2,16.0,16.0,10,3.2,70.706,89.536,0.234,7.964,1.4528150616455078,17.203196831054687,state_dict_ema,/groups/golan_neurogroup/bml_group/tomerash/advmodels/results/models/convnext_small_l2_8_init1/pgd_eval/pgd_validation_results.csv,convnext_small_l2_8_init1,convnext_small_l2_8_init1,l2,1,8.0,16.0,convnext_small_l2_8_init1,eps=8 init 1
2026-03-19T04:59:55,model_best,/home/ashtomer/projects/ares/results/models/convnext_small_l2_8_init1/model_best.pth.tar,madry,l2,1,l1,0.5,63.75,10,12.75,70.706,89.536,63.004,86.196,1.4528150616455078,1.7444952939605711,state_dict_ema,/groups/golan_neurogroup/bml_group/tomerash/advmodels/results/models/convnext_small_l2_8_init1/pgd_eval/pgd_validation_results.csv,convnext_small_l2_8_init1,convnext_small_l2_8_init1,l2,1,8.0,63.75,convnext_small_l2_8_init1,eps=8 init 1
2026-03-19T07:08:56,model_best,/home/ashtomer/projects/ares/results/models/convnext_small_l2_8_init1/model_best.pth.tar,madry,l2,1,l1,1.0,127.5,10,25.5,70.706,89.536,59.408,83.95,1.4528150616455078,1.9833988552856443,state_dict_ema,/groups/golan_neurogroup/bml_group/tomerash/advmodels/results/models/convnext_small_l2_8_init1/pgd_eval/pgd_validation_results.csv,convnext_small_l2_8_init1,convnext_small_l2_8_init1,l2,1,8.0,127.5,convnext_small_l2_8_init1,eps=8 init 1
2026-03-19T09:17:46,model_best,/home/ashtomer/projects/ares/results/models/convnext_small_l2_8_init1/model_best.pth.tar,madry,l2,1,l1,2.0,255.0,10,51.0,70.706,89.536,57.142,82.346,1.4528150616455078,2.165260899887085,state_dict_ema,/groups/golan_neurogroup/bml_group/tomerash/advmodels/results/models/convnext_small_l2_8_init1/pgd_eval/pgd_validation_results.csv,convnext_small_l2_8_init1,convnext_small_l2_8_init1,l2,1,8.0,255.0,convnext_small_l2_8_init1,eps=8 init 1
2026-03-19T11:24:56,model_best,/home/ashtomer/projects/ares/results/models/convnext_small_l2_8_init1/model_best.pth.tar,madry,l2,1,l1,4.0,510.0,10,102.0,70.706,89.536,55.254,81.216,1.4528150616455078,2.285062781829834,state_dict_ema,/groups/golan_neurogroup/bml_group/tomerash/advmodels/results/models/convnext_small_l2_8_init1/pgd_eval/pgd_validation_results.csv,convnext_small_l2_8_init1,convnext_small_l2_8_init1,l2,1,8.0,510.0,convnext_small_l2_8_init1,eps=8 init 1
2026-03-19T13:32:15,model_best,/home/ashtomer/projects/ares/results/models/convnext_small_l2_8_init1/model_best.pth.tar,madry,l2,1,l1,8.0,1020.0,10,204.0,70.706,89.536,53.726,80.252,1.4528150616455078,2.3976449151611328,state_dict_ema,/groups/golan_neurogroup/bml_group/tomerash/advmodels/results/models/convnext_small_l2_8_init1/pgd_eval/pgd_validation_results.csv,convnext_small_l2_8_init1,convnext_small_l2_8_init1,l2,1,8.0,1020.0,convnext_small_l2_8_init1,eps=8 init 1
2026-03-19T15:39:42,model_best,/home/ashtomer/projects/ares/results/models/convnext_small_l2_8_init1/model_best.pth.tar,madry,l2,1,l1,16.0,2040.0,10,408.0,70.706,89.536,53.962,80.224,1.4528150616455078,2.404919163665772,state_dict_ema,/groups/golan_neurogroup/bml_group/tomerash/advmodels/results/models/convnext_small_l2_8_init1/pgd_eval/pgd_validation_results.csv,convnext_small_l2_8_init1,convnext_small_l2_8_init1,l2,1,8.0,2040.0,convnext_small_l2_8_init1,eps=8 init 1
2026-03-19T14:04:08,model_best,/home/ashtomer/projects/ares/results/models/convnext_small_l2_8_init2/model_best.pth.tar,madry,l2,2,linf,0.5,0.0019607843137254,10,0.000392156862745,70.58,89.498,61.842,86.76,1.3916603930664062,1.8192710981750488,state_dict_ema,/groups/golan_neurogroup/bml_group/tomerash/advmodels/results/models/convnext_small_l2_8_init2/pgd_eval/pgd_validation_results.csv,convnext_small_l2_8_init2,convnext_small_l2_8_init2,l2,2,8.0,0.00196078431372549,convnext_small_l2_8_init2,eps=8 init 2
2026-03-19T16:10:06,model_best,/home/ashtomer/projects/ares/results/models/convnext_small_l2_8_init2/model_best.pth.tar,madry,l2,2,linf,1.0,0.0039215686274509,10,0.0007843137254901,70.58,89.498,55.7,84.472,1.3916603930664062,2.146208097686768,state_dict_ema,/groups/golan_neurogroup/bml_group/tomerash/advmodels/results/models/convnext_small_l2_8_init2/pgd_eval/pgd_validation_results.csv,convnext_small_l2_8_init2,convnext_small_l2_8_init2,l2,2,8.0,0.00392156862745098,convnext_small_l2_8_init2,eps=8 init 2
2026-03-19T18:16:19,model_best,/home/ashtomer/projects/ares/results/models/convnext_small_l2_8_init2/model_best.pth.tar,madry,l2,2,linf,2.0,0.0078431372549019,10,0.0015686274509803,70.58,89.498,45.042,79.472,1.3916603930664062,2.8133964833068847,state_dict_ema,/groups/golan_neurogroup/bml_group/tomerash/advmodels/results/models/convnext_small_l2_8_init2/pgd_eval/pgd_validation_results.csv,convnext_small_l2_8_init2,convnext_small_l2_8_init2,l2,2,8.0,0.00784313725490196,convnext_small_l2_8_init2,eps=8 init 2
2026-03-19T20:22:37,model_best,/home/ashtomer/projects/ares/results/models/convnext_small_l2_8_init2/model_best.pth.tar,madry,l2,2,linf,4.0,0.0156862745098039,10,0.0031372549019607,70.58,89.498,26.25,67.28,1.3916603930664062,4.3287981011962895,state_dict_ema,/groups/golan_neurogroup/bml_group/tomerash/advmodels/results/models/convnext_small_l2_8_init2/pgd_eval/pgd_validation_results.csv,convnext_small_l2_8_init2,convnext_small_l2_8_init2,l2,2,8.0,0.01568627450980392,convnext_small_l2_8_init2,eps=8 init 2
2026-03-19T22:29:04,model_best,/home/ashtomer/projects/ares/results/models/convnext_small_l2_8_init2/model_best.pth.tar,madry,l2,2,linf,8.0,0.0313725490196078,10,0.0062745098039215,70.58,89.498,5.94,40.492,1.3916603930664062,8.45353803527832,state_dict_ema,/groups/golan_neurogroup/bml_group/tomerash/advmodels/results/models/convnext_small_l2_8_init2/pgd_eval/pgd_validation_results.csv,convnext_small_l2_8_init2,convnext_small_l2_8_init2,l2,2,8.0,0.03137254901960784,convnext_small_l2_8_init2,eps=8 init 2
2026-03-20T00:34:51,model_best,/home/ashtomer/projects/ares/results/models/convnext_small_l2_8_init2/model_best.pth.tar,madry,l2,2,linf,16.0,0.0627450980392156,10,0.0125490196078431,70.58,89.498,0.298,8.622,1.3916603930664062,16.72704368774414,state_dict_ema,/groups/golan_neurogroup/bml_group/tomerash/advmodels/results/models/convnext_small_l2_8_init2/pgd_eval/pgd_validation_results.csv,convnext_small_l2_8_init2,convnext_small_l2_8_init2,l2,2,8.0,0.06274509803921569,convnext_small_l2_8_init2,eps=8 init 2
2026-03-20T02:40:09,model_best,/home/ashtomer/projects/ares/results/models/convnext_small_l2_8_init2/model_best.pth.tar,madry,l2,2,l2,0.5,0.5,10,0.1,70.58,89.498,63.722,87.446,1.3916603930664062,1.6160344035339356,state_dict_ema,/groups/golan_neurogroup/bml_group/tomerash/advmodels/results/models/convnext_small_l2_8_init2/pgd_eval/pgd_validation_results.csv,convnext_small_l2_8_init2,convnext_small_l2_8_init2,l2,2,8.0,0.5,convnext_small_l2_8_init2,eps=8 init 2
2026-03-20T04:45:16,model_best,/home/ashtomer/projects/ares/results/models/convnext_small_l2_8_init2/model_best.pth.tar,madry,l2,2,l2,1.0,1.0,10,0.2,70.58,89.498,59.932,85.526,1.3916603930664062,1.752029095687866,state_dict_ema,/groups/golan_neurogroup/bml_group/tomerash/advmodels/results/models/convnext_small_l2_8_init2/pgd_eval/pgd_validation_results.csv,convnext_small_l2_8_init2,convnext_small_l2_8_init2,l2,2,8.0,1.0,convnext_small_l2_8_init2,eps=8 init 2
2026-03-20T06:50:08,model_best,/home/ashtomer/projects/ares/results/models/convnext_small_l2_8_init2/model_best.pth.tar,madry,l2,2,l2,2.0,2.0,10,0.4,70.58,89.498,49.23,80.308,1.3916603930664062,2.269074419403076,state_dict_ema,/groups/golan_neurogroup/bml_group/tomerash/advmodels/results/models/convnext_small_l2_8_init2/pgd_eval/pgd_validation_results.csv,convnext_small_l2_8_init2,convnext_small_l2_8_init2,l2,2,8.0,2.0,convnext_small_l2_8_init2,eps=8 init 2
2026-03-20T08:54:50,model_best,/home/ashtomer/projects/ares/results/models/convnext_small_l2_8_init2/model_best.pth.tar,madry,l2,2,l2,4.0,4.0,10,0.8,70.58,89.498,28.546,67.954,1.3916603930664062,3.7699975062561033,state_dict_ema,/groups/golan_neurogroup/bml_group/tomerash/advmodels/results/models/convnext_small_l2_8_init2/pgd_eval/pgd_validation_results.csv,convnext_small_l2_8_init2,convnext_small_l2_8_init2,l2,2,8.0,4.0,convnext_small_l2_8_init2,eps=8 init 2
2026-03-20T10:59:32,model_best,/home/ashtomer/projects/ares/results/models/convnext_small_l2_8_init2/model_best.pth.tar,madry,l2,2,l2,8.0,8.0,10,1.6,70.58,89.498,6.498,41.364,1.3916603930664062,8.02959899230957,state_dict_ema,/groups/golan_neurogroup/bml_group/tomerash/advmodels/results/models/convnext_small_l2_8_init2/pgd_eval/pgd_validation_results.csv,convnext_small_l2_8_init2,convnext_small_l2_8_init2,l2,2,8.0,8.0,convnext_small_l2_8_init2,eps=8 init 2
2026-03-20T13:05:37,model_best,/home/ashtomer/projects/ares/results/models/convnext_small_l2_8_init2/model_best.pth.tar,madry,l2,2,l2,16.0,16.0,10,3.2,70.58,89.498,0.35,8.754,1.3916603930664062,16.871935276489257,state_dict_ema,/groups/golan_neurogroup/bml_group/tomerash/advmodels/results/models/convnext_small_l2_8_init2/pgd_eval/pgd_validation_results.csv,convnext_small_l2_8_init2,convnext_small_l2_8_init2,l2,2,8.0,16.0,convnext_small_l2_8_init2,eps=8 init 2
2026-03-20T15:12:13,model_best,/home/ashtomer/projects/ares/results/models/convnext_small_l2_8_init2/model_best.pth.tar,madry,l2,2,l1,0.5,63.75,10,12.75,70.58,89.498,60.348,84.952,1.3916603930664062,1.7895619452667235,state_dict_ema,/groups/golan_neurogroup/bml_group/tomerash/advmodels/results/models/convnext_small_l2_8_init2/pgd_eval/pgd_validation_results.csv,convnext_small_l2_8_init2,convnext_small_l2_8_init2,l2,2,8.0,63.75,convnext_small_l2_8_init2,eps=8 init 2
2026-03-20T17:18:53,model_best,/home/ashtomer/projects/ares/results/models/convnext_small_l2_8_init2/model_best.pth.tar,madry,l2,2,l1,1.0,127.5,10,25.5,70.58,89.498,54.702,81.884,1.3916603930664062,2.1258827394104003,state_dict_ema,/groups/golan_neurogroup/bml_group/tomerash/advmodels/results/models/convnext_small_l2_8_init2/pgd_eval/pgd_validation_results.csv,convnext_small_l2_8_init2,convnext_small_l2_8_init2,l2,2,8.0,127.5,convnext_small_l2_8_init2,eps=8 init 2
2026-03-20T19:25:48,model_best,/home/ashtomer/projects/ares/results/models/convnext_small_l2_8_init2/model_best.pth.tar,madry,l2,2,l1,2.0,255.0,10,51.0,70.58,89.498,50.55,79.344,1.3916603930664062,2.429962944946289,state_dict_ema,/groups/golan_neurogroup/bml_group/tomerash/advmodels/results/models/convnext_small_l2_8_init2/pgd_eval/pgd_validation_results.csv,convnext_small_l2_8_init2,convnext_small_l2_8_init2,l2,2,8.0,255.0,convnext_small_l2_8_init2,eps=8 init 2
2026-03-20T21:32:46,model_best,/home/ashtomer/projects/ares/results/models/convnext_small_l2_8_init2/model_best.pth.tar,madry,l2,2,l1,4.0,510.0,10,102.0,70.58,89.498,48.008,78.01,1.3916603930664062,2.6013664012145994,state_dict_ema,/groups/golan_neurogroup/bml_group/tomerash/advmodels/results/models/convnext_small_l2_8_init2/pgd_eval/pgd_validation_results.csv,convnext_small_l2_8_init2,convnext_small_l2_8_init2,l2,2,8.0,510.0,convnext_small_l2_8_init2,eps=8 init 2
2026-03-20T23:40:13,model_best,/home/ashtomer/projects/ares/results/models/convnext_small_l2_8_init2/model_best.pth.tar,madry,l2,2,l1,8.0,1020.0,10,204.0,70.58,89.498,46.942,77.144,1.3916603930664062,2.6977886761474608,state_dict_ema,/groups/golan_neurogroup/bml_group/tomerash/advmodels/results/models/convnext_small_l2_8_init2/pgd_eval/pgd_validation_results.csv,convnext_small_l2_8_init2,convnext_small_l2_8_init2,l2,2,8.0,1020.0,convnext_small_l2_8_init2,eps=8 init 2
2026-03-21T01:47:12,model_best,/home/ashtomer/projects/ares/results/models/convnext_small_l2_8_init2/model_best.pth.tar,madry,l2,2,l1,16.0,2040.0,10,408.0,70.58,89.498,48.276,77.57,1.3916603930664062,2.6585445085144044,state_dict_ema,/groups/golan_neurogroup/bml_group/tomerash/advmodels/results/models/convnext_small_l2_8_init2/pgd_eval/pgd_validation_results.csv,convnext_small_l2_8_init2,convnext_small_l2_8_init2,l2,2,8.0,2040.0,convnext_small_l2_8_init2,eps=8 init 2
2026-03-20T05:58:30,model_best,results/models/convnext_small_l2_8_init3/model_best.pth.tar,madry,l2,3,linf,0.5,0.0019607843137254,10,0.000392156862745,62.214,83.622,57.28999999023438,81.36199999511719,1.7092765352249146,1.9411277505874636,state_dict_ema,/groups/golan_neurogroup/bml_group/tomerash/advmodels/results/models/convnext_small_l2_8_init3/pgd_eval/pgd_validation_results.csv,convnext_small_l2_8_init3,convnext_small_l2_8_init3,l2,3,8.0,0.00196078431372549,convnext_small_l2_8_init3,eps=8 init 3
2026-03-20T06:48:31,model_best,results/models/convnext_small_l2_8_init3/model_best.pth.tar,madry,l2,3,linf,1.0,0.0039215686274509,10,0.0007843137254901,62.214,83.622,54.919999998779296,79.844,1.7092765352249146,2.056697928581238,state_dict_ema,/groups/golan_neurogroup/bml_group/tomerash/advmodels/results/models/convnext_small_l2_8_init3/pgd_eval/pgd_validation_results.csv,convnext_small_l2_8_init3,convnext_small_l2_8_init3,l2,3,8.0,0.00392156862745098,convnext_small_l2_8_init3,eps=8 init 3
2026-03-20T07:38:33,model_best,results/models/convnext_small_l2_8_init3/model_best.pth.tar,madry,l2,3,linf,2.0,0.0078431372549019,10,0.0015686274509803,62.214,83.622,50.95000001953125,77.00400001220703,1.7092765352249146,2.2139255614089968,state_dict_ema,/groups/golan_neurogroup/bml_group/tomerash/advmodels/results/models/convnext_small_l2_8_init3/pgd_eval/pgd_validation_results.csv,convnext_small_l2_8_init3,convnext_small_l2_8_init3,l2,3,8.0,0.00784313725490196,convnext_small_l2_8_init3,eps=8 init 3
2026-03-20T08:28:36,model_best,results/models/convnext_small_l2_8_init3/model_best.pth.tar,madry,l2,3,linf,4.0,0.0156862745098039,10,0.0031372549019607,62.214,83.622,39.93600001464844,68.89000003173828,1.7092765352249146,2.752963359985352,state_dict_ema,/groups/golan_neurogroup/bml_group/tomerash/advmodels/results/models/convnext_small_l2_8_init3/pgd_eval/pgd_validation_results.csv,convnext_small_l2_8_init3,convnext_small_l2_8_init3,l2,3,8.0,0.01568627450980392,convnext_small_l2_8_init3,eps=8 init 3
2026-03-20T09:18:38,model_best,results/models/convnext_small_l2_8_init3/model_best.pth.tar,madry,l2,3,linf,8.0,0.0313725490196078,10,0.0062745098039215,62.214,83.622,19.176000005493165,48.9240000024414,1.7092765352249146,4.352594114837647,state_dict_ema,/groups/golan_neurogroup/bml_group/tomerash/advmodels/results/models/convnext_small_l2_8_init3/pgd_eval/pgd_validation_results.csv,convnext_small_l2_8_init3,convnext_small_l2_8_init3,l2,3,8.0,0.03137254901960784,convnext_small_l2_8_init3,eps=8 init 3
2026-03-20T10:08:40,model_best,results/models/convnext_small_l2_8_init3/model_best.pth.tar,madry,l2,3,linf,16.0,0.0627450980392156,10,0.0125490196078431,62.214,83.622,2.4539999997711184,19.41799999633789,1.7092765352249146,8.556097897644044,state_dict_ema,/groups/golan_neurogroup/bml_group/tomerash/advmodels/results/models/convnext_small_l2_8_init3/pgd_eval/pgd_validation_results.csv,convnext_small_l2_8_init3,convnext_small_l2_8_init3,l2,3,8.0,0.06274509803921569,convnext_small_l2_8_init3,eps=8 init 3
2026-03-20T10:58:43,model_best,results/models/convnext_small_l2_8_init3/model_best.pth.tar,madry,l2,3,l2,0.5,0.5,10,0.1,62.214,83.622,59.34800001220703,82.24400001953126,1.7092765352249146,1.8189410174560547,state_dict_ema,/groups/golan_neurogroup/bml_group/tomerash/advmodels/results/models/convnext_small_l2_8_init3/pgd_eval/pgd_validation_results.csv,convnext_small_l2_8_init3,convnext_small_l2_8_init3,l2,3,8.0,0.5,convnext_small_l2_8_init3,eps=8 init 3
2026-03-20T11:48:51,model_best,results/models/convnext_small_l2_8_init3/model_best.pth.tar,madry,l2,3,l2,1.0,1.0,10,0.2,62.214,83.622,57.92399999267578,81.034,1.7092765352249146,1.8570900783920288,state_dict_ema,/groups/golan_neurogroup/bml_group/tomerash/advmodels/results/models/convnext_small_l2_8_init3/pgd_eval/pgd_validation_results.csv,convnext_small_l2_8_init3,convnext_small_l2_8_init3,l2,3,8.0,1.0,convnext_small_l2_8_init3,eps=8 init 3
2026-03-20T12:39:02,model_best,results/models/convnext_small_l2_8_init3/model_best.pth.tar,madry,l2,3,l2,2.0,2.0,10,0.4,62.214,83.622,52.48800001586914,77.58000000976563,1.7092765352249146,2.0919355140304567,state_dict_ema,/groups/golan_neurogroup/bml_group/tomerash/advmodels/results/models/convnext_small_l2_8_init3/pgd_eval/pgd_validation_results.csv,convnext_small_l2_8_init3,convnext_small_l2_8_init3,l2,3,8.0,2.0,convnext_small_l2_8_init3,eps=8 init 3
2026-03-20T13:29:12,model_best,results/models/convnext_small_l2_8_init3/model_best.pth.tar,madry,l2,3,l2,4.0,4.0,10,0.8,62.214,83.622,40.91600000244141,69.29800000488281,1.7092765352249146,2.683558814315796,state_dict_ema,/groups/golan_neurogroup/bml_group/tomerash/advmodels/results/models/convnext_small_l2_8_init3/pgd_eval/pgd_validation_results.csv,convnext_small_l2_8_init3,convnext_small_l2_8_init3,l2,3,8.0,4.0,convnext_small_l2_8_init3,eps=8 init 3
2026-03-20T14:19:23,model_best,results/models/convnext_small_l2_8_init3/model_best.pth.tar,madry,l2,3,l2,8.0,8.0,10,1.6,62.214,83.622,19.83400000305176,49.81400000976563,1.7092765352249146,4.2411757333374025,state_dict_ema,/groups/golan_neurogroup/bml_group/tomerash/advmodels/results/models/convnext_small_l2_8_init3/pgd_eval/pgd_validation_results.csv,convnext_small_l2_8_init3,convnext_small_l2_8_init3,l2,3,8.0,8.0,convnext_small_l2_8_init3,eps=8 init 3
2026-03-20T15:09:33,model_best,results/models/convnext_small_l2_8_init3/model_best.pth.tar,madry,l2,3,l2,16.0,16.0,10,3.2,62.214,83.622,2.395999999771118,20.21400000061035,1.7092765352249146,8.376559454040528,state_dict_ema,/groups/golan_neurogroup/bml_group/tomerash/advmodels/results/models/convnext_small_l2_8_init3/pgd_eval/pgd_validation_results.csv,convnext_small_l2_8_init3,convnext_small_l2_8_init3,l2,3,8.0,16.0,convnext_small_l2_8_init3,eps=8 init 3
2026-03-20T16:00:33,model_best,results/models/convnext_small_l2_8_init3/model_best.pth.tar,madry,l2,3,l1,0.5,63.75,10,12.75,62.214,83.622,56.498,80.17800002685547,1.7092765352249146,1.9307537503814696,state_dict_ema,/groups/golan_neurogroup/bml_group/tomerash/advmodels/results/models/convnext_small_l2_8_init3/pgd_eval/pgd_validation_results.csv,convnext_small_l2_8_init3,convnext_small_l2_8_init3,l2,3,8.0,63.75,convnext_small_l2_8_init3,eps=8 init 3
2026-03-20T16:51:32,model_best,results/models/convnext_small_l2_8_init3/model_best.pth.tar,madry,l2,3,l1,1.0,127.5,10,25.5,62.214,83.622,52.53600001342773,77.51600000976562,1.7092765352249146,2.1243315664672853,state_dict_ema,/groups/golan_neurogroup/bml_group/tomerash/advmodels/results/models/convnext_small_l2_8_init3/pgd_eval/pgd_validation_results.csv,convnext_small_l2_8_init3,convnext_small_l2_8_init3,l2,3,8.0,127.5,convnext_small_l2_8_init3,eps=8 init 3
2026-03-20T17:42:29,model_best,results/models/convnext_small_l2_8_init3/model_best.pth.tar,madry,l2,3,l1,2.0,255.0,10,51.0,62.214,83.622,49.03000000366211,75.03399998535156,1.7092765352249146,2.323684590072632,state_dict_ema,/groups/golan_neurogroup/bml_group/tomerash/advmodels/results/models/convnext_small_l2_8_init3/pgd_eval/pgd_validation_results.csv,convnext_small_l2_8_init3,convnext_small_l2_8_init3,l2,3,8.0,255.0,convnext_small_l2_8_init3,eps=8 init 3
2026-03-20T18:33:27,model_best,results/models/convnext_small_l2_8_init3/model_best.pth.tar,madry,l2,3,l1,4.0,510.0,10,102.0,62.214,83.622,46.82600001098633,73.67000001953124,1.7092765352249146,2.442536232910156,state_dict_ema,/groups/golan_neurogroup/bml_group/tomerash/advmodels/results/models/convnext_small_l2_8_init3/pgd_eval/pgd_validation_results.csv,convnext_small_l2_8_init3,convnext_small_l2_8_init3,l2,3,8.0,510.0,convnext_small_l2_8_init3,eps=8 init 3
2026-03-20T19:24:26,model_best,results/models/convnext_small_l2_8_init3/model_best.pth.tar,madry,l2,3,l1,8.0,1020.0,10,204.0,62.214,83.622,46.645999998779295,73.2299999975586,1.7092765352249146,2.4834470164489746,state_dict_ema,/groups/golan_neurogroup/bml_group/tomerash/advmodels/results/models/convnext_small_l2_8_init3/pgd_eval/pgd_validation_results.csv,convnext_small_l2_8_init3,convnext_small_l2_8_init3,l2,3,8.0,1020.0,convnext_small_l2_8_init3,eps=8 init 3
2026-03-20T20:15:23,model_best,results/models/convnext_small_l2_8_init3/model_best.pth.tar,madry,l2,3,l1,16.0,2040.0,10,408.0,62.214,83.622,46.6820000012207,73.35800002929687,1.7092765352249146,2.48087478553772,state_dict_ema,/groups/golan_neurogroup/bml_group/tomerash/advmodels/results/models/convnext_small_l2_8_init3/pgd_eval/pgd_validation_results.csv,convnext_small_l2_8_init3,convnext_small_l2_8_init3,l2,3,8.0,2040.0,convnext_small_l2_8_init3,eps=8 init 3
2026-03-09T15:08:56,model_best,/home/ashtomer/projects/ares/results/models/convnext_small_linf_16_init1/model_best.pth.tar,madry,linf,1,linf,0.5,0.0019607843137254,10,0.000392156862745,73.372,90.736,70.174,89.388,1.1029359702128918,1.2485315724208952,state_dict_ema,/groups/golan_neurogroup/bml_group/tomerash/advmodels/results/models/convnext_small_linf_16_init1/pgd_eval/pgd_validation_results.csv,convnext_small_linf_16_init1,convnext_small_linf_16_init1,linf,1,16.0,0.00196078431372549,convnext_small_linf_16_init1,eps=16 init 1
2026-03-09T18:02:28,model_best,/home/ashtomer/projects/ares/results/models/convnext_small_linf_16_init1/model_best.pth.tar,madry,linf,1,linf,1.0,0.0039215686274509,10,0.0007843137254901,73.372,90.736,66.524,87.942,1.1029359702128918,1.4116057847055792,state_dict_ema,/groups/golan_neurogroup/bml_group/tomerash/advmodels/results/models/convnext_small_linf_16_init1/pgd_eval/pgd_validation_results.csv,convnext_small_linf_16_init1,convnext_small_linf_16_init1,linf,1,16.0,0.00392156862745098,convnext_small_linf_16_init1,eps=16 init 1
2026-03-09T20:56:06,model_best,/home/ashtomer/projects/ares/results/models/convnext_small_linf_16_init1/model_best.pth.tar,madry,linf,1,linf,2.0,0.0078431372549019,10,0.0015686274509803,73.372,90.736,58.792,84.178,1.1029359702128918,1.7966088528835773,state_dict_ema,/groups/golan_neurogroup/bml_group/tomerash/advmodels/results/models/convnext_small_linf_16_init1/pgd_eval/pgd_validation_results.csv,convnext_small_linf_16_init1,convnext_small_linf_16_init1,linf,1,16.0,0.00784313725490196,convnext_small_linf_16_init1,eps=16 init 1
2026-03-09T23:49:41,model_best,/home/ashtomer/projects/ares/results/models/convnext_small_linf_16_init1/model_best.pth.tar,madry,linf,1,linf,4.0,0.0156862745098039,10,0.0031372549019607,73.372,90.736,42.276,75.348,1.1029359702128918,2.830027163887024,state_dict_ema,/groups/golan_neurogroup/bml_group/tomerash/advmodels/results/models/convnext_small_linf_16_init1/pgd_eval/pgd_validation_results.csv,convnext_small_linf_16_init1,convnext_small_linf_16_init1,linf,1,16.0,0.01568627450980392,convnext_small_linf_16_init1,eps=16 init 1
2026-03-10T02:43:16,model_best,/home/ashtomer/projects/ares/results/models/convnext_small_linf_16_init1/model_best.pth.tar,madry,linf,1,linf,8.0,0.0313725490196078,10,0.0062745098039215,73.372,90.736,16.354,53.562,1.1029359702128918,5.83050223438263,state_dict_ema,/groups/golan_neurogroup/bml_group/tomerash/advmodels/results/models/convnext_small_linf_16_init1/pgd_eval/pgd_validation_results.csv,convnext_small_linf_16_init1,convnext_small_linf_16_init1,linf,1,16.0,0.03137254901960784,convnext_small_linf_16_init1,eps=16 init 1
2026-03-10T05:36:43,model_best,/home/ashtomer/projects/ares/results/models/convnext_small_linf_16_init1/model_best.pth.tar,madry,linf,1,linf,16.0,0.0627450980392156,10,0.0125490196078431,73.372,90.736,1.542,18.166,1.1029359702128918,12.83548683532715,state_dict_ema,/groups/golan_neurogroup/bml_group/tomerash/advmodels/results/models/convnext_small_linf_16_init1/pgd_eval/pgd_validation_results.csv,convnext_small_linf_16_init1,convnext_small_linf_16_init1,linf,1,16.0,0.06274509803921569,convnext_small_linf_16_init1,eps=16 init 1
2026-03-10T08:30:11,model_best,/home/ashtomer/projects/ares/results/models/convnext_small_linf_16_init1/model_best.pth.tar,madry,linf,1,l2,0.5,0.5,10,0.1,73.372,90.736,67.752,88.36,1.1029359702128918,1.3570425392466785,state_dict_ema,/groups/golan_neurogroup/bml_group/tomerash/advmodels/results/models/convnext_small_linf_16_init1/pgd_eval/pgd_validation_results.csv,convnext_small_linf_16_init1,convnext_small_linf_16_init1,linf,1,16.0,0.5,convnext_small_linf_16_init1,eps=16 init 1
2026-03-10T11:23:36,model_best,/home/ashtomer/projects/ares/results/models/convnext_small_linf_16_init1/model_best.pth.tar,madry,linf,1,l2,1.0,1.0,10,0.2,73.372,90.736,61.246,85.388,1.1029359702128918,1.6706379791420698,state_dict_ema,/groups/golan_neurogroup/bml_group/tomerash/advmodels/results/models/convnext_small_linf_16_init1/pgd_eval/pgd_validation_results.csv,convnext_small_linf_16_init1,convnext_small_linf_16_init1,linf,1,16.0,1.0,convnext_small_linf_16_init1,eps=16 init 1
2026-03-10T14:17:03,model_best,/home/ashtomer/projects/ares/results/models/convnext_small_linf_16_init1/model_best.pth.tar,madry,linf,1,l2,2.0,2.0,10,0.4,73.372,90.736,46.76,78.058,1.1029359702128918,2.517540083985329,state_dict_ema,/groups/golan_neurogroup/bml_group/tomerash/advmodels/results/models/convnext_small_linf_16_init1/pgd_eval/pgd_validation_results.csv,convnext_small_linf_16_init1,convnext_small_linf_16_init1,linf,1,16.0,2.0,convnext_small_linf_16_init1,eps=16 init 1
2026-03-10T17:10:41,model_best,/home/ashtomer/projects/ares/results/models/convnext_small_linf_16_init1/model_best.pth.tar,madry,linf,1,l2,4.0,4.0,10,0.8,73.372,90.736,21.848,59.42,1.1029359702128918,4.986867269821167,state_dict_ema,/groups/golan_neurogroup/bml_group/tomerash/advmodels/results/models/convnext_small_linf_16_init1/pgd_eval/pgd_validation_results.csv,convnext_small_linf_16_init1,convnext_small_linf_16_init1,linf,1,16.0,4.0,convnext_small_linf_16_init1,eps=16 init 1
2026-03-10T20:04:33,model_best,/home/ashtomer/projects/ares/results/models/convnext_small_linf_16_init1/model_best.pth.tar,madry,linf,1,l2,8.0,8.0,10,1.6,73.372,90.736,3.24,27.818,1.1029359702128918,10.682444636535644,state_dict_ema,/groups/golan_neurogroup/bml_group/tomerash/advmodels/results/models/convnext_small_linf_16_init1/pgd_eval/pgd_validation_results.csv,convnext_small_linf_16_init1,convnext_small_linf_16_init1,linf,1,16.0,8.0,convnext_small_linf_16_init1,eps=16 init 1
2026-03-10T22:58:24,model_best,/home/ashtomer/projects/ares/results/models/convnext_small_linf_16_init1/model_best.pth.tar,madry,linf,1,l2,16.0,16.0,10,3.2,73.372,90.736,0.074,3.718,1.1029359702128918,17.977602919921875,state_dict_ema,/groups/golan_neurogroup/bml_group/tomerash/advmodels/results/models/convnext_small_linf_16_init1/pgd_eval/pgd_validation_results.csv,convnext_small_linf_16_init1,convnext_small_linf_16_init1,linf,1,16.0,16.0,convnext_small_linf_16_init1,eps=16 init 1
2026-03-11T01:53:35,model_best,/home/ashtomer/projects/ares/results/models/convnext_small_linf_16_init1/model_best.pth.tar,madry,linf,1,l1,0.5,63.75,10,12.75,73.372,90.736,43.792,76.472,1.1029359702128918,2.721417646903992,state_dict_ema,/groups/golan_neurogroup/bml_group/tomerash/advmodels/results/models/convnext_small_linf_16_init1/pgd_eval/pgd_validation_results.csv,convnext_small_linf_16_init1,convnext_small_linf_16_init1,linf,1,16.0,63.75,convnext_small_linf_16_init1,eps=16 init 1
2026-03-11T04:48:38,model_best,/home/ashtomer/projects/ares/results/models/convnext_small_linf_16_init1/model_best.pth.tar,madry,linf,1,l1,1.0,127.5,10,25.5,73.372,90.736,39.024,73.456,1.1029359702128918,3.0601305085372923,state_dict_ema,/groups/golan_neurogroup/bml_group/tomerash/advmodels/results/models/convnext_small_linf_16_init1/pgd_eval/pgd_validation_results.csv,convnext_small_linf_16_init1,convnext_small_linf_16_init1,linf,1,16.0,127.5,convnext_small_linf_16_init1,eps=16 init 1
2026-03-11T07:43:40,model_best,/home/ashtomer/projects/ares/results/models/convnext_small_linf_16_init1/model_best.pth.tar,madry,linf,1,l1,2.0,255.0,10,51.0,73.372,90.736,38.53,72.968,1.1029359702128918,3.0786543577957155,state_dict_ema,/groups/golan_neurogroup/bml_group/tomerash/advmodels/results/models/convnext_small_linf_16_init1/pgd_eval/pgd_validation_results.csv,convnext_small_linf_16_init1,convnext_small_linf_16_init1,linf,1,16.0,255.0,convnext_small_linf_16_init1,eps=16 init 1
2026-03-11T10:38:44,model_best,/home/ashtomer/projects/ares/results/models/convnext_small_linf_16_init1/model_best.pth.tar,madry,linf,1,l1,4.0,510.0,10,102.0,73.372,90.736,39.79,73.556,1.1029359702128918,2.9789112033844,state_dict_ema,/groups/golan_neurogroup/bml_group/tomerash/advmodels/results/models/convnext_small_linf_16_init1/pgd_eval/pgd_validation_results.csv,convnext_small_linf_16_init1,convnext_small_linf_16_init1,linf,1,16.0,510.0,convnext_small_linf_16_init1,eps=16 init 1
2026-03-11T13:33:42,model_best,/home/ashtomer/projects/ares/results/models/convnext_small_linf_16_init1/model_best.pth.tar,madry,linf,1,l1,8.0,1020.0,10,204.0,73.372,90.736,40.684,73.982,1.1029359702128918,2.9039486454582213,state_dict_ema,/groups/golan_neurogroup/bml_group/tomerash/advmodels/results/models/convnext_small_linf_16_init1/pgd_eval/pgd_validation_results.csv,convnext_small_linf_16_init1,convnext_small_linf_16_init1,linf,1,16.0,1020.0,convnext_small_linf_16_init1,eps=16 init 1
2026-03-11T16:29:01,model_best,/home/ashtomer/projects/ares/results/models/convnext_small_linf_16_init1/model_best.pth.tar,madry,linf,1,l1,16.0,2040.0,10,408.0,73.372,90.736,41.198,74.046,1.1029359702128918,2.866622377204895,state_dict_ema,/groups/golan_neurogroup/bml_group/tomerash/advmodels/results/models/convnext_small_linf_16_init1/pgd_eval/pgd_validation_results.csv,convnext_small_linf_16_init1,convnext_small_linf_16_init1,linf,1,16.0,2040.0,convnext_small_linf_16_init1,eps=16 init 1
2026-03-11T19:25:14,model_best,/home/ashtomer/projects/ares/results/models/convnext_small_linf_16_init2/model_best.pth.tar,madry,linf,2,linf,0.5,0.0019607843137254,10,0.000392156862745,73.674,90.888,70.346,89.576,1.089363097432852,1.2318253417685627,state_dict_ema,/groups/golan_neurogroup/bml_group/tomerash/advmodels/results/models/convnext_small_linf_16_init2/pgd_eval/pgd_validation_results.csv,convnext_small_linf_16_init2,convnext_small_linf_16_init2,linf,2,16.0,0.00196078431372549,convnext_small_linf_16_init2,eps=16 init 2
2026-03-11T22:19:02,model_best,/home/ashtomer/projects/ares/results/models/convnext_small_linf_16_init2/model_best.pth.tar,madry,linf,2,linf,1.0,0.0039215686274509,10,0.0007843137254901,73.674,90.888,67.03,87.998,1.089363097432852,1.3914463459315896,state_dict_ema,/groups/golan_neurogroup/bml_group/tomerash/advmodels/results/models/convnext_small_linf_16_init2/pgd_eval/pgd_validation_results.csv,convnext_small_linf_16_init2,convnext_small_linf_16_init2,linf,2,16.0,0.00392156862745098,convnext_small_linf_16_init2,eps=16 init 2
2026-03-12T01:12:50,model_best,/home/ashtomer/projects/ares/results/models/convnext_small_linf_16_init2/model_best.pth.tar,madry,linf,2,linf,2.0,0.0078431372549019,10,0.0015686274509803,73.674,90.888,59.194,84.44,1.089363097432852,1.7685355401456355,state_dict_ema,/groups/golan_neurogroup/bml_group/tomerash/advmodels/results/models/convnext_small_linf_16_init2/pgd_eval/pgd_validation_results.csv,convnext_small_linf_16_init2,convnext_small_linf_16_init2,linf,2,16.0,0.00784313725490196,convnext_small_linf_16_init2,eps=16 init 2
2026-03-12T04:06:37,model_best,/home/ashtomer/projects/ares/results/models/convnext_small_linf_16_init2/model_best.pth.tar,madry,linf,2,linf,4.0,0.0156862745098039,10,0.0031372549019607,73.674,90.888,42.778,75.68,1.089363097432852,2.782577903327942,state_dict_ema,/groups/golan_neurogroup/bml_group/tomerash/advmodels/results/models/convnext_small_linf_16_init2/pgd_eval/pgd_validation_results.csv,convnext_small_linf_16_init2,convnext_small_linf_16_init2,linf,2,16.0,0.01568627450980392,convnext_small_linf_16_init2,eps=16 init 2
2026-03-12T07:00:19,model_best,/home/ashtomer/projects/ares/results/models/convnext_small_linf_16_init2/model_best.pth.tar,madry,linf,2,linf,8.0,0.0313725490196078,10,0.0062745098039215,73.674,90.888,17.18,53.954,1.089363097432852,5.724457306060791,state_dict_ema,/groups/golan_neurogroup/bml_group/tomerash/advmodels/results/models/convnext_small_linf_16_init2/pgd_eval/pgd_validation_results.csv,convnext_small_linf_16_init2,convnext_small_linf_16_init2,linf,2,16.0,0.03137254901960784,convnext_small_linf_16_init2,eps=16 init 2
2026-03-12T09:53:59,model_best,/home/ashtomer/projects/ares/results/models/convnext_small_linf_16_init2/model_best.pth.tar,madry,linf,2,linf,16.0,0.0627450980392156,10,0.0125490196078431,73.674,90.888,1.944,18.41,1.089363097432852,12.606192509155273,state_dict_ema,/groups/golan_neurogroup/bml_group/tomerash/advmodels/results/models/convnext_small_linf_16_init2/pgd_eval/pgd_validation_results.csv,convnext_small_linf_16_init2,convnext_small_linf_16_init2,linf,2,16.0,0.06274509803921569,convnext_small_linf_16_init2,eps=16 init 2
2026-03-12T12:47:42,model_best,/home/ashtomer/projects/ares/results/models/convnext_small_linf_16_init2/model_best.pth.tar,madry,linf,2,l2,0.5,0.5,10,0.1,73.674,90.888,68.092,88.42,1.089363097432852,1.3396884107258915,state_dict_ema,/groups/golan_neurogroup/bml_group/tomerash/advmodels/results/models/convnext_small_linf_16_init2/pgd_eval/pgd_validation_results.csv,convnext_small_linf_16_init2,convnext_small_linf_16_init2,linf,2,16.0,0.5,convnext_small_linf_16_init2,eps=16 init 2
2026-03-12T15:41:18,model_best,/home/ashtomer/projects/ares/results/models/convnext_small_linf_16_init2/model_best.pth.tar,madry,linf,2,l2,1.0,1.0,10,0.2,73.674,90.888,61.562,85.536,1.089363097432852,1.6496793915820125,state_dict_ema,/groups/golan_neurogroup/bml_group/tomerash/advmodels/results/models/convnext_small_linf_16_init2/pgd_eval/pgd_validation_results.csv,convnext_small_linf_16_init2,convnext_small_linf_16_init2,linf,2,16.0,1.0,convnext_small_linf_16_init2,eps=16 init 2
2026-03-12T18:34:56,model_best,/home/ashtomer/projects/ares/results/models/convnext_small_linf_16_init2/model_best.pth.tar,madry,linf,2,l2,2.0,2.0,10,0.4,73.674,90.888,47.12,78.148,1.089363097432852,2.488065411257744,state_dict_ema,/groups/golan_neurogroup/bml_group/tomerash/advmodels/results/models/convnext_small_linf_16_init2/pgd_eval/pgd_validation_results.csv,convnext_small_linf_16_init2,convnext_small_linf_16_init2,linf,2,16.0,2.0,convnext_small_linf_16_init2,eps=16 init 2
2026-03-12T21:28:26,model_best,/home/ashtomer/projects/ares/results/models/convnext_small_linf_16_init2/model_best.pth.tar,madry,linf,2,l2,4.0,4.0,10,0.8,73.674,90.888,22.362,59.44,1.089363097432852,4.92743228843689,state_dict_ema,/groups/golan_neurogroup/bml_group/tomerash/advmodels/results/models/convnext_small_linf_16_init2/pgd_eval/pgd_validation_results.csv,convnext_small_linf_16_init2,convnext_small_linf_16_init2,linf,2,16.0,4.0,convnext_small_linf_16_init2,eps=16 init 2
2026-03-13T00:21:49,model_best,/home/ashtomer/projects/ares/results/models/convnext_small_linf_16_init2/model_best.pth.tar,madry,linf,2,l2,8.0,8.0,10,1.6,73.674,90.888,3.772,27.664,1.089363097432852,10.51842348312378,state_dict_ema,/groups/golan_neurogroup/bml_group/tomerash/advmodels/results/models/convnext_small_linf_16_init2/pgd_eval/pgd_validation_results.csv,convnext_small_linf_16_init2,convnext_small_linf_16_init2,linf,2,16.0,8.0,convnext_small_linf_16_init2,eps=16 init 2
2026-03-13T03:15:11,model_best,/home/ashtomer/projects/ares/results/models/convnext_small_linf_16_init2/model_best.pth.tar,madry,linf,2,l2,16.0,16.0,10,3.2,73.674,90.888,0.116,3.562,1.089363097432852,17.750879641113283,state_dict_ema,/groups/golan_neurogroup/bml_group/tomerash/advmodels/results/models/convnext_small_linf_16_init2/pgd_eval/pgd_validation_results.csv,convnext_small_linf_16_init2,convnext_small_linf_16_init2,linf,2,16.0,16.0,convnext_small_linf_16_init2,eps=16 init 2
2026-03-13T06:10:02,model_best,/home/ashtomer/projects/ares/results/models/convnext_small_linf_16_init2/model_best.pth.tar,madry,linf,2,l1,0.5,63.75,10,12.75,73.674,90.888,44.174,76.348,1.089363097432852,2.691191156578064,state_dict_ema,/groups/golan_neurogroup/bml_group/tomerash/advmodels/results/models/convnext_small_linf_16_init2/pgd_eval/pgd_validation_results.csv,convnext_small_linf_16_init2,convnext_small_linf_16_init2,linf,2,16.0,63.75,convnext_small_linf_16_init2,eps=16 init 2
2026-03-13T09:04:55,model_best,/home/ashtomer/projects/ares/results/models/convnext_small_linf_16_init2/model_best.pth.tar,madry,linf,2,l1,1.0,127.5,10,25.5,73.674,90.888,39.456,73.526,1.089363097432852,3.018022238445282,state_dict_ema,/groups/golan_neurogroup/bml_group/tomerash/advmodels/results/models/convnext_small_linf_16_init2/pgd_eval/pgd_validation_results.csv,convnext_small_linf_16_init2,convnext_small_linf_16_init2,linf,2,16.0,127.5,convnext_small_linf_16_init2,eps=16 init 2
2026-03-13T11:59:49,model_best,/home/ashtomer/projects/ares/results/models/convnext_small_linf_16_init2/model_best.pth.tar,madry,linf,2,l1,2.0,255.0,10,51.0,73.674,90.888,39.15,73.194,1.089363097432852,3.0277277722644804,state_dict_ema,/groups/golan_neurogroup/bml_group/tomerash/advmodels/results/models/convnext_small_linf_16_init2/pgd_eval/pgd_validation_results.csv,convnext_small_linf_16_init2,convnext_small_linf_16_init2,linf,2,16.0,255.0,convnext_small_linf_16_init2,eps=16 init 2
2026-03-13T14:55:01,model_best,/home/ashtomer/projects/ares/results/models/convnext_small_linf_16_init2/model_best.pth.tar,madry,linf,2,l1,4.0,510.0,10,102.0,73.674,90.888,40.314,73.782,1.089363097432852,2.929035953102112,state_dict_ema,/groups/golan_neurogroup/bml_group/tomerash/advmodels/results/models/convnext_small_linf_16_init2/pgd_eval/pgd_validation_results.csv,convnext_small_linf_16_init2,convnext_small_linf_16_init2,linf,2,16.0,510.0,convnext_small_linf_16_init2,eps=16 init 2
2026-03-13T17:50:02,model_best,/home/ashtomer/projects/ares/results/models/convnext_small_linf_16_init2/model_best.pth.tar,madry,linf,2,l1,8.0,1020.0,10,204.0,73.674,90.888,41.516,74.198,1.089363097432852,2.851859615883827,state_dict_ema,/groups/golan_neurogroup/bml_group/tomerash/advmodels/results/models/convnext_small_linf_16_init2/pgd_eval/pgd_validation_results.csv,convnext_small_linf_16_init2,convnext_small_linf_16_init2,linf,2,16.0,1020.0,convnext_small_linf_16_init2,eps=16 init 2
2026-03-13T20:45:03,model_best,/home/ashtomer/projects/ares/results/models/convnext_small_linf_16_init2/model_best.pth.tar,madry,linf,2,l1,16.0,2040.0,10,408.0,73.674,90.888,41.916,74.234,1.089363097432852,2.8178293819999696,state_dict_ema,/groups/golan_neurogroup/bml_group/tomerash/advmodels/results/models/convnext_small_linf_16_init2/pgd_eval/pgd_validation_results.csv,convnext_small_linf_16_init2,convnext_small_linf_16_init2,linf,2,16.0,2040.0,convnext_small_linf_16_init2,eps=16 init 2
2026-03-09T12:59:11,model_best,results/models/convnext_small_linf_16_init3/model_best.pth.tar,madry,linf,3,linf,0.5,0.0019607843137254,10,0.000392156862745,81.076,95.314,26.12000000854492,54.84599999511719,0.8332956922531128,6.029959132843017,state_dict_ema,/groups/golan_neurogroup/bml_group/tomerash/advmodels/results/models/convnext_small_linf_16_init3/pgd_eval/pgd_validation_results.csv,convnext_small_linf_16_init3,convnext_small_linf_16_init3,linf,3,16.0,0.00196078431372549,convnext_small_linf_16_init3,eps=16 init 3
2026-03-09T13:49:49,model_best,results/models/convnext_small_linf_16_init3/model_best.pth.tar,madry,linf,3,linf,1.0,0.0039215686274509,10,0.0007843137254901,81.076,95.314,9.20000000793457,21.088000009765626,0.8332956922531128,10.622384401550294,state_dict_ema,/groups/golan_neurogroup/bml_group/tomerash/advmodels/results/models/convnext_small_linf_16_init3/pgd_eval/pgd_validation_results.csv,convnext_small_linf_16_init3,convnext_small_linf_16_init3,linf,3,16.0,0.00392156862745098,convnext_small_linf_16_init3,eps=16 init 3
2026-03-09T14:40:25,model_best,results/models/convnext_small_linf_16_init3/model_best.pth.tar,madry,linf,3,linf,2.0,0.0078431372549019,10,0.0015686274509803,81.076,95.314,0.9320000003051758,2.202000000610352,0.8332956922531128,15.327030549316406,state_dict_ema,/groups/golan_neurogroup/bml_group/tomerash/advmodels/results/models/convnext_small_linf_16_init3/pgd_eval/pgd_validation_results.csv,convnext_small_linf_16_init3,convnext_small_linf_16_init3,linf,3,16.0,0.00784313725490196,convnext_small_linf_16_init3,eps=16 init 3
2026-03-09T15:30:59,model_best,results/models/convnext_small_linf_16_init3/model_best.pth.tar,madry,linf,3,linf,4.0,0.0156862745098039,10,0.0031372549019607,81.076,95.314,0.012,0.0399999999809265,0.8332956922531128,18.869591742553716,state_dict_ema,/groups/golan_neurogroup/bml_group/tomerash/advmodels/results/models/convnext_small_linf_16_init3/pgd_eval/pgd_validation_results.csv,convnext_small_linf_16_init3,convnext_small_linf_16_init3,linf,3,16.0,0.01568627450980392,convnext_small_linf_16_init3,eps=16 init 3
2026-03-09T16:21:35,model_best,results/models/convnext_small_linf_16_init3/model_best.pth.tar,madry,linf,3,linf,8.0,0.0313725490196078,10,0.0062745098039215,81.076,95.314,0.0,0.0,0.8332956922531128,21.549307108764648,state_dict_ema,/groups/golan_neurogroup/bml_group/tomerash/advmodels/results/models/convnext_small_linf_16_init3/pgd_eval/pgd_validation_results.csv,convnext_small_linf_16_init3,convnext_small_linf_16_init3,linf,3,16.0,0.03137254901960784,convnext_small_linf_16_init3,eps=16 init 3
2026-03-09T17:12:10,model_best,results/models/convnext_small_linf_16_init3/model_best.pth.tar,madry,linf,3,linf,16.0,0.0627450980392156,10,0.0125490196078431,81.076,95.314,0.0,0.0,0.8332956922531128,23.509071994628908,state_dict_ema,/groups/golan_neurogroup/bml_group/tomerash/advmodels/results/models/convnext_small_linf_16_init3/pgd_eval/pgd_validation_results.csv,convnext_small_linf_16_init3,convnext_small_linf_16_init3,linf,3,16.0,0.06274509803921569,convnext_small_linf_16_init3,eps=16 init 3
2026-03-09T18:02:49,model_best,results/models/convnext_small_linf_16_init3/model_best.pth.tar,madry,linf,3,l2,0.5,0.5,10,0.1,81.076,95.314,24.5,52.08599998291016,0.8332956922531128,6.365949568939209,state_dict_ema,/groups/golan_neurogroup/bml_group/tomerash/advmodels/results/models/convnext_small_linf_16_init3/pgd_eval/pgd_validation_results.csv,convnext_small_linf_16_init3,convnext_small_linf_16_init3,linf,3,16.0,0.5,convnext_small_linf_16_init3,eps=16 init 3
2026-03-09T18:53:27,model_best,results/models/convnext_small_linf_16_init3/model_best.pth.tar,madry,linf,3,l2,1.0,1.0,10,0.2,81.076,95.314,10.650000000305177,23.15600000854492,0.8332956922531128,10.347384811706544,state_dict_ema,/groups/golan_neurogroup/bml_group/tomerash/advmodels/results/models/convnext_small_linf_16_init3/pgd_eval/pgd_validation_results.csv,convnext_small_linf_16_init3,convnext_small_linf_16_init3,linf,3,16.0,1.0,convnext_small_linf_16_init3,eps=16 init 3
2026-03-09T19:44:10,model_best,results/models/convnext_small_linf_16_init3/model_best.pth.tar,madry,linf,3,l2,2.0,2.0,10,0.4,81.076,95.314,1.9299999999427797,4.700000000991821,0.8332956922531128,14.654398407592774,state_dict_ema,/groups/golan_neurogroup/bml_group/tomerash/advmodels/results/models/convnext_small_linf_16_init3/pgd_eval/pgd_validation_results.csv,convnext_small_linf_16_init3,convnext_small_linf_16_init3,linf,3,16.0,2.0,convnext_small_linf_16_init3,eps=16 init 3
2026-03-09T20:35:01,model_best,results/models/convnext_small_linf_16_init3/model_best.pth.tar,madry,linf,3,l2,4.0,4.0,10,0.8,81.076,95.314,0.088,0.2979999999809265,0.8332956922531128,18.257781483154297,state_dict_ema,/groups/golan_neurogroup/bml_group/tomerash/advmodels/results/models/convnext_small_linf_16_init3/pgd_eval/pgd_validation_results.csv,convnext_small_linf_16_init3,convnext_small_linf_16_init3,linf,3,16.0,4.0,convnext_small_linf_16_init3,eps=16 init 3
2026-03-09T21:25:45,model_best,results/models/convnext_small_linf_16_init3/model_best.pth.tar,madry,linf,3,l2,8.0,8.0,10,1.6,81.076,95.314,0.0,0.002,0.8332956922531128,21.069802142333984,state_dict_ema,/groups/golan_neurogroup/bml_group/tomerash/advmodels/results/models/convnext_small_linf_16_init3/pgd_eval/pgd_validation_results.csv,convnext_small_linf_16_init3,convnext_small_linf_16_init3,linf,3,16.0,8.0,convnext_small_linf_16_init3,eps=16 init 3
2026-03-09T22:16:23,model_best,results/models/convnext_small_linf_16_init3/model_best.pth.tar,madry,linf,3,l2,16.0,16.0,10,3.2,81.076,95.314,0.0,0.0,0.8332956922531128,24.291359214477534,state_dict_ema,/groups/golan_neurogroup/bml_group/tomerash/advmodels/results/models/convnext_small_linf_16_init3/pgd_eval/pgd_validation_results.csv,convnext_small_linf_16_init3,convnext_small_linf_16_init3,linf,3,16.0,16.0,convnext_small_linf_16_init3,eps=16 init 3
2026-03-09T23:07:55,model_best,results/models/convnext_small_linf_16_init3/model_best.pth.tar,madry,linf,3,l1,0.5,63.75,10,12.75,81.076,95.314,40.27800000610352,76.47599999511719,0.8332956922531128,3.3098994522094727,state_dict_ema,/groups/golan_neurogroup/bml_group/tomerash/advmodels/results/models/convnext_small_linf_16_init3/pgd_eval/pgd_validation_results.csv,convnext_small_linf_16_init3,convnext_small_linf_16_init3,linf,3,16.0,63.75,convnext_small_linf_16_init3,eps=16 init 3
2026-03-09T23:59:22,model_best,results/models/convnext_small_linf_16_init3/model_best.pth.tar,madry,linf,3,l1,1.0,127.5,10,25.5,81.076,95.314,39.95600000854492,76.28600002685548,0.8332956922531128,3.280664901885986,state_dict_ema,/groups/golan_neurogroup/bml_group/tomerash/advmodels/results/models/convnext_small_linf_16_init3/pgd_eval/pgd_validation_results.csv,convnext_small_linf_16_init3,convnext_small_linf_16_init3,linf,3,16.0,127.5,convnext_small_linf_16_init3,eps=16 init 3
2026-03-10T00:50:55,model_best,results/models/convnext_small_linf_16_init3/model_best.pth.tar,madry,linf,3,l1,2.0,255.0,10,51.0,81.076,95.314,48.65600001831055,79.98600001708985,0.8332956922531128,2.669034794311524,state_dict_ema,/groups/golan_neurogroup/bml_group/tomerash/advmodels/results/models/convnext_small_linf_16_init3/pgd_eval/pgd_validation_results.csv,convnext_small_linf_16_init3,convnext_small_linf_16_init3,linf,3,16.0,255.0,convnext_small_linf_16_init3,eps=16 init 3
2026-03-10T01:42:27,model_best,results/models/convnext_small_linf_16_init3/model_best.pth.tar,madry,linf,3,l1,4.0,510.0,10,102.0,81.076,95.314,52.91400000366211,82.76200000488281,0.8332956922531128,2.332165084037781,state_dict_ema,/groups/golan_neurogroup/bml_group/tomerash/advmodels/results/models/convnext_small_linf_16_init3/pgd_eval/pgd_validation_results.csv,convnext_small_linf_16_init3,convnext_small_linf_16_init3,linf,3,16.0,510.0,convnext_small_linf_16_init3,eps=16 init 3
2026-03-10T02:34:04,model_best,results/models/convnext_small_linf_16_init3/model_best.pth.tar,madry,linf,3,l1,8.0,1020.0,10,204.0,81.076,95.314,56.1880000012207,85.05400002685546,0.8332956922531128,2.081772000617981,state_dict_ema,/groups/golan_neurogroup/bml_group/tomerash/advmodels/results/models/convnext_small_linf_16_init3/pgd_eval/pgd_validation_results.csv,convnext_small_linf_16_init3,convnext_small_linf_16_init3,linf,3,16.0,1020.0,convnext_small_linf_16_init3,eps=16 init 3
2026-03-10T03:25:35,model_best,results/models/convnext_small_linf_16_init3/model_best.pth.tar,madry,linf,3,l1,16.0,2040.0,10,408.0,81.076,95.314,59.59600001464844,85.21400002685547,0.8332956922531128,1.9114730686569212,state_dict_ema,/groups/golan_neurogroup/bml_group/tomerash/advmodels/results/models/convnext_small_linf_16_init3/pgd_eval/pgd_validation_results.csv,convnext_small_linf_16_init3,convnext_small_linf_16_init3,linf,3,16.0,2040.0,convnext_small_linf_16_init3,eps=16 init 3
2026-03-09T05:05:58,model_best,results/models/convnext_small_linf_16_init3/model_best.pth.tar,madry,linf,3,linf,0.5,0.0019607843137254,10,0.000392156862745,81.076,95.314,61.55600003173828,87.90999999267578,0.8332956922531128,1.8539417013168336,state_dict_ema,/groups/golan_neurogroup/bml_group/tomerash/advmodels/results/models/convnext_small_linf_16_init3/pgd_validation_results.csv,convnext_small_linf_16_init3,convnext_small_linf_16_init3,linf,3,16.0,0.00196078431372549,convnext_small_linf_16_init3,eps=16 init 3
2026-03-09T05:19:53,model_best,results/models/convnext_small_linf_16_init3/model_best.pth.tar,madry,linf,3,linf,1.0,0.0039215686274509,10,0.0007843137254901,81.076,95.314,45.932000002441406,77.58000001708984,0.8332956922531128,3.1920581186676027,state_dict_ema,/groups/golan_neurogroup/bml_group/tomerash/advmodels/results/models/convnext_small_linf_16_init3/pgd_validation_results.csv,convnext_small_linf_16_init3,convnext_small_linf_16_init3,linf,3,16.0,0.00392156862745098,convnext_small_linf_16_init3,eps=16 init 3
2026-03-09T05:33:46,model_best,results/models/convnext_small_linf_16_init3/model_best.pth.tar,madry,linf,3,linf,2.0,0.0078431372549019,10,0.0015686274509803,81.076,95.314,29.472,57.17999999267578,0.8332956922531128,5.6945734448242185,state_dict_ema,/groups/golan_neurogroup/bml_group/tomerash/advmodels/results/models/convnext_small_linf_16_init3/pgd_validation_results.csv,convnext_small_linf_16_init3,convnext_small_linf_16_init3,linf,3,16.0,0.00784313725490196,convnext_small_linf_16_init3,eps=16 init 3
2026-03-09T05:47:40,model_best,results/models/convnext_small_linf_16_init3/model_best.pth.tar,madry,linf,3,linf,4.0,0.0156862745098039,10,0.0031372549019607,81.076,95.314,14.814000000610353,29.800000010986327,0.8332956922531128,9.377650448150634,state_dict_ema,/groups/golan_neurogroup/bml_group/tomerash/advmodels/results/models/convnext_small_linf_16_init3/pgd_validation_results.csv,convnext_small_linf_16_init3,convnext_small_linf_16_init3,linf,3,16.0,0.01568627450980392,convnext_small_linf_16_init3,eps=16 init 3
2026-03-09T06:01:34,model_best,results/models/convnext_small_linf_16_init3/model_best.pth.tar,madry,linf,3,linf,8.0,0.0313725490196078,10,0.0062745098039215,81.076,95.314,3.452000000152588,6.934000001525879,0.8332956922531128,13.343706280822754,state_dict_ema,/groups/golan_neurogroup/bml_group/tomerash/advmodels/results/models/convnext_small_linf_16_init3/pgd_validation_results.csv,convnext_small_linf_16_init3,convnext_small_linf_16_init3,linf,3,16.0,0.03137254901960784,convnext_small_linf_16_init3,eps=16 init 3
2026-03-09T06:15:27,model_best,results/models/convnext_small_linf_16_init3/model_best.pth.tar,madry,linf,3,linf,16.0,0.0627450980392156,10,0.0125490196078431,81.076,95.314,0.114,0.2279999999809265,0.8332956922531128,18.99336833557129,state_dict_ema,/groups/golan_neurogroup/bml_group/tomerash/advmodels/results/models/convnext_small_linf_16_init3/pgd_validation_results.csv,convnext_small_linf_16_init3,convnext_small_linf_16_init3,linf,3,16.0,0.06274509803921569,convnext_small_linf_16_init3,eps=16 init 3
2026-03-09T06:29:21,model_best,results/models/convnext_small_linf_16_init3/model_best.pth.tar,madry,linf,3,l2,0.5,0.5,10,0.1,81.076,95.314,57.985999987792965,86.1859999975586,0.8332956922531128,2.0853660172271726,state_dict_ema,/groups/golan_neurogroup/bml_group/tomerash/advmodels/results/models/convnext_small_linf_16_init3/pgd_validation_results.csv,convnext_small_linf_16_init3,convnext_small_linf_16_init3,linf,3,16.0,0.5,convnext_small_linf_16_init3,eps=16 init 3
2026-03-09T06:43:15,model_best,results/models/convnext_small_linf_16_init3/model_best.pth.tar,madry,linf,3,l2,1.0,1.0,10,0.2,81.076,95.314,42.78800001464844,74.86400002929688,0.8332956922531128,3.504029889373779,state_dict_ema,/groups/golan_neurogroup/bml_group/tomerash/advmodels/results/models/convnext_small_linf_16_init3/pgd_validation_results.csv,convnext_small_linf_16_init3,convnext_small_linf_16_init3,linf,3,16.0,1.0,convnext_small_linf_16_init3,eps=16 init 3
2026-03-09T06:57:08,model_best,results/models/convnext_small_linf_16_init3/model_best.pth.tar,madry,linf,3,l2,2.0,2.0,10,0.4,81.076,95.314,29.028000006103515,55.752,0.8332956922531128,5.796721296691895,state_dict_ema,/groups/golan_neurogroup/bml_group/tomerash/advmodels/results/models/convnext_small_linf_16_init3/pgd_validation_results.csv,convnext_small_linf_16_init3,convnext_small_linf_16_init3,linf,3,16.0,2.0,convnext_small_linf_16_init3,eps=16 init 3
2026-03-09T07:11:02,model_best,results/models/convnext_small_linf_16_init3/model_best.pth.tar,madry,linf,3,l2,4.0,4.0,10,0.8,81.076,95.314,17.15200000732422,32.248000013427735,0.8332956922531128,8.877487945861816,state_dict_ema,/groups/golan_neurogroup/bml_group/tomerash/advmodels/results/models/convnext_small_linf_16_init3/pgd_validation_results.csv,convnext_small_linf_16_init3,convnext_small_linf_16_init3,linf,3,16.0,4.0,convnext_small_linf_16_init3,eps=16 init 3
2026-03-09T07:24:55,model_best,results/models/convnext_small_linf_16_init3/model_best.pth.tar,madry,linf,3,l2,8.0,8.0,10,1.6,81.076,95.314,7.360000000915527,12.713999998779297,0.8332956922531128,12.01860361694336,state_dict_ema,/groups/golan_neurogroup/bml_group/tomerash/advmodels/results/models/convnext_small_linf_16_init3/pgd_validation_results.csv,convnext_small_linf_16_init3,convnext_small_linf_16_init3,linf,3,16.0,8.0,convnext_small_linf_16_init3,eps=16 init 3
2026-03-09T07:38:47,model_best,results/models/convnext_small_linf_16_init3/model_best.pth.tar,madry,linf,3,l2,16.0,16.0,10,3.2,81.076,95.314,0.372,0.7939999999809265,0.8332956922531128,18.86895682006836,state_dict_ema,/groups/golan_neurogroup/bml_group/tomerash/advmodels/results/models/convnext_small_linf_16_init3/pgd_validation_results.csv,convnext_small_linf_16_init3,convnext_small_linf_16_init3,linf,3,16.0,16.0,convnext_small_linf_16_init3,eps=16 init 3
2026-03-09T07:52:54,model_best,results/models/convnext_small_linf_16_init3/model_best.pth.tar,madry,linf,3,l1,0.5,63.75,10,12.75,81.076,95.314,25.875999995117187,53.5559999987793,0.8332956922531128,5.67446266204834,state_dict_ema,/groups/golan_neurogroup/bml_group/tomerash/advmodels/results/models/convnext_small_linf_16_init3/pgd_validation_results.csv,convnext_small_linf_16_init3,convnext_small_linf_16_init3,linf,3,16.0,63.75,convnext_small_linf_16_init3,eps=16 init 3
2026-03-09T08:07:00,model_best,results/models/convnext_small_linf_16_init3/model_best.pth.tar,madry,linf,3,l1,1.0,127.5,10,25.5,81.076,95.314,19.99400000488281,42.20400001708985,0.8332956922531128,6.645031152648926,state_dict_ema,/groups/golan_neurogroup/bml_group/tomerash/advmodels/results/models/convnext_small_linf_16_init3/pgd_validation_results.csv,convnext_small_linf_16_init3,convnext_small_linf_16_init3,linf,3,16.0,127.5,convnext_small_linf_16_init3,eps=16 init 3
2026-03-09T08:21:06,model_best,results/models/convnext_small_linf_16_init3/model_best.pth.tar,madry,linf,3,l1,2.0,255.0,10,51.0,81.076,95.314,15.429999996948242,33.680000017089846,0.8332956922531128,7.27731736907959,state_dict_ema,/groups/golan_neurogroup/bml_group/tomerash/advmodels/results/models/convnext_small_linf_16_init3/pgd_validation_results.csv,convnext_small_linf_16_init3,convnext_small_linf_16_init3,linf,3,16.0,255.0,convnext_small_linf_16_init3,eps=16 init 3
2026-03-09T08:35:12,model_best,results/models/convnext_small_linf_16_init3/model_best.pth.tar,madry,linf,3,l1,4.0,510.0,10,102.0,81.076,95.314,12.166,29.016000010375976,0.8332956922531128,7.5869756640625,state_dict_ema,/groups/golan_neurogroup/bml_group/tomerash/advmodels/results/models/convnext_small_linf_16_init3/pgd_validation_results.csv,convnext_small_linf_16_init3,convnext_small_linf_16_init3,linf,3,16.0,510.0,convnext_small_linf_16_init3,eps=16 init 3
2026-03-09T08:49:17,model_best,results/models/convnext_small_linf_16_init3/model_best.pth.tar,madry,linf,3,l1,8.0,1020.0,10,204.0,81.076,95.314,11.15199999847412,30.06800001342773,0.8332956922531128,7.321379422302246,state_dict_ema,/groups/golan_neurogroup/bml_group/tomerash/advmodels/results/models/convnext_small_linf_16_init3/pgd_validation_results.csv,convnext_small_linf_16_init3,convnext_small_linf_16_init3,linf,3,16.0,1020.0,convnext_small_linf_16_init3,eps=16 init 3
2026-03-09T09:03:23,model_best,results/models/convnext_small_linf_16_init3/model_best.pth.tar,madry,linf,3,l1,16.0,2040.0,10,408.0,81.076,95.314,15.087999996948245,42.43800001464844,0.8332956922531128,6.117314176330567,state_dict_ema,/groups/golan_neurogroup/bml_group/tomerash/advmodels/results/models/convnext_small_linf_16_init3/pgd_validation_results.csv,convnext_small_linf_16_init3,convnext_small_linf_16_init3,linf,3,16.0,2040.0,convnext_small_linf_16_init3,eps=16 init 3
2026-03-03T18:32:07,model_best,/home/ashtomer/projects/ares/results/models/convnext_small_linf_1_init1/model_best.pth.tar,madry,linf,1,linf,0.5,0.0019607843137254,10,0.000392156862745,78.644,93.8,74.514,92.246,0.9614085125589372,1.1386884628868104,state_dict_ema,/groups/golan_neurogroup/bml_group/tomerash/advmodels/results/models/convnext_small_linf_1_init1/pgd_eval/pgd_validation_results.csv,convnext_small_linf_1_init1,convnext_small_linf_1_init1,linf,1,1.0,0.00196078431372549,convnext_small_linf_1_init1,eps=1 init 1
2026-03-03T21:34:24,model_best,/home/ashtomer/projects/ares/results/models/convnext_small_linf_1_init1/model_best.pth.tar,madry,linf,1,linf,1.0,0.0039215686274509,10,0.0007843137254901,78.644,93.8,69.858,90.54,0.9614085125589372,1.3466252766227722,state_dict_ema,/groups/golan_neurogroup/bml_group/tomerash/advmodels/results/models/convnext_small_linf_1_init1/pgd_eval/pgd_validation_results.csv,convnext_small_linf_1_init1,convnext_small_linf_1_init1,linf,1,1.0,0.00392156862745098,convnext_small_linf_1_init1,eps=1 init 1
2026-03-04T00:36:23,model_best,/home/ashtomer/projects/ares/results/models/convnext_small_linf_1_init1/model_best.pth.tar,madry,linf,1,linf,2.0,0.0078431372549019,10,0.0015686274509803,78.644,93.8,59.564,86.202,0.9614085125589372,1.862778072252273,state_dict_ema,/groups/golan_neurogroup/bml_group/tomerash/advmodels/results/models/convnext_small_linf_1_init1/pgd_eval/pgd_validation_results.csv,convnext_small_linf_1_init1,convnext_small_linf_1_init1,linf,1,1.0,0.00784313725490196,convnext_small_linf_1_init1,eps=1 init 1
2026-03-04T03:37:57,model_best,/home/ashtomer/projects/ares/results/models/convnext_small_linf_1_init1/model_best.pth.tar,madry,linf,1,linf,4.0,0.0156862745098039,10,0.0031372549019607,78.644,93.8,41.044,73.926,0.9614085125589372,3.224051128387451,state_dict_ema,/groups/golan_neurogroup/bml_group/tomerash/advmodels/results/models/convnext_small_linf_1_init1/pgd_eval/pgd_validation_results.csv,convnext_small_linf_1_init1,convnext_small_linf_1_init1,linf,1,1.0,0.01568627450980392,convnext_small_linf_1_init1,eps=1 init 1
2026-03-04T06:39:25,model_best,/home/ashtomer/projects/ares/results/models/convnext_small_linf_1_init1/model_best.pth.tar,madry,linf,1,linf,8.0,0.0313725490196078,10,0.0062745098039215,78.644,93.8,21.184,45.89,0.9614085125589372,6.442225443725586,state_dict_ema,/groups/golan_neurogroup/bml_group/tomerash/advmodels/results/models/convnext_small_linf_1_init1/pgd_eval/pgd_validation_results.csv,convnext_small_linf_1_init1,convnext_small_linf_1_init1,linf,1,1.0,0.03137254901960784,convnext_small_linf_1_init1,eps=1 init 1
2026-03-04T09:40:57,model_best,/home/ashtomer/projects/ares/results/models/convnext_small_linf_1_init1/model_best.pth.tar,madry,linf,1,linf,16.0,0.0627450980392156,10,0.0125490196078431,78.644,93.8,3.148,7.772,0.9614085125589372,11.96646688812256,state_dict_ema,/groups/golan_neurogroup/bml_group/tomerash/advmodels/results/models/convnext_small_linf_1_init1/pgd_eval/pgd_validation_results.csv,convnext_small_linf_1_init1,convnext_small_linf_1_init1,linf,1,1.0,0.06274509803921569,convnext_small_linf_1_init1,eps=1 init 1
2026-03-04T12:43:30,model_best,/home/ashtomer/projects/ares/results/models/convnext_small_linf_1_init1/model_best.pth.tar,madry,linf,1,l2,0.5,0.5,10,0.1,78.644,93.8,72.352,91.42,0.9614085125589372,1.2331501005458831,state_dict_ema,/groups/golan_neurogroup/bml_group/tomerash/advmodels/results/models/convnext_small_linf_1_init1/pgd_eval/pgd_validation_results.csv,convnext_small_linf_1_init1,convnext_small_linf_1_init1,linf,1,1.0,0.5,convnext_small_linf_1_init1,eps=1 init 1
2026-03-04T15:47:02,model_best,/home/ashtomer/projects/ares/results/models/convnext_small_linf_1_init1/model_best.pth.tar,madry,linf,1,l2,1.0,1.0,10,0.2,78.644,93.8,64.628,88.458,0.9614085125589372,1.5839423985481262,state_dict_ema,/groups/golan_neurogroup/bml_group/tomerash/advmodels/results/models/convnext_small_linf_1_init1/pgd_eval/pgd_validation_results.csv,convnext_small_linf_1_init1,convnext_small_linf_1_init1,linf,1,1.0,1.0,convnext_small_linf_1_init1,eps=1 init 1
2026-03-04T18:49:35,model_best,/home/ashtomer/projects/ares/results/models/convnext_small_linf_1_init1/model_best.pth.tar,madry,linf,1,l2,2.0,2.0,10,0.4,78.644,93.8,48.836,80.218,0.9614085125589372,2.515699726276398,state_dict_ema,/groups/golan_neurogroup/bml_group/tomerash/advmodels/results/models/convnext_small_linf_1_init1/pgd_eval/pgd_validation_results.csv,convnext_small_linf_1_init1,convnext_small_linf_1_init1,linf,1,1.0,2.0,convnext_small_linf_1_init1,eps=1 init 1
2026-03-04T21:50:51,model_best,/home/ashtomer/projects/ares/results/models/convnext_small_linf_1_init1/model_best.pth.tar,madry,linf,1,l2,4.0,4.0,10,0.8,78.644,93.8,28.478,59.552,0.9614085125589372,4.786991608085632,state_dict_ema,/groups/golan_neurogroup/bml_group/tomerash/advmodels/results/models/convnext_small_linf_1_init1/pgd_eval/pgd_validation_results.csv,convnext_small_linf_1_init1,convnext_small_linf_1_init1,linf,1,1.0,4.0,convnext_small_linf_1_init1,eps=1 init 1
2026-03-05T00:51:59,model_best,/home/ashtomer/projects/ares/results/models/convnext_small_linf_1_init1/model_best.pth.tar,madry,linf,1,l2,8.0,8.0,10,1.6,78.644,93.8,10.456,24.734,0.9614085125589372,9.116442758483888,state_dict_ema,/groups/golan_neurogroup/bml_group/tomerash/advmodels/results/models/convnext_small_linf_1_init1/pgd_eval/pgd_validation_results.csv,convnext_small_linf_1_init1,convnext_small_linf_1_init1,linf,1,1.0,8.0,convnext_small_linf_1_init1,eps=1 init 1
2026-03-05T03:53:52,model_best,/home/ashtomer/projects/ares/results/models/convnext_small_linf_1_init1/model_best.pth.tar,madry,linf,1,l2,16.0,16.0,10,3.2,78.644,93.8,0.8,2.146,0.9614085125589372,14.04686273071289,state_dict_ema,/groups/golan_neurogroup/bml_group/tomerash/advmodels/results/models/convnext_small_linf_1_init1/pgd_eval/pgd_validation_results.csv,convnext_small_linf_1_init1,convnext_small_linf_1_init1,linf,1,1.0,16.0,convnext_small_linf_1_init1,eps=1 init 1
2026-03-05T06:56:14,model_best,/home/ashtomer/projects/ares/results/models/convnext_small_linf_1_init1/model_best.pth.tar,madry,linf,1,l1,0.5,63.75,10,12.75,78.644,93.8,46.952,79.452,0.9614085125589372,2.5983946347236637,state_dict_ema,/groups/golan_neurogroup/bml_group/tomerash/advmodels/results/models/convnext_small_linf_1_init1/pgd_eval/pgd_validation_results.csv,convnext_small_linf_1_init1,convnext_small_linf_1_init1,linf,1,1.0,63.75,convnext_small_linf_1_init1,eps=1 init 1
2026-03-05T09:58:18,model_best,/home/ashtomer/projects/ares/results/models/convnext_small_linf_1_init1/model_best.pth.tar,madry,linf,1,l1,1.0,127.5,10,25.5,78.644,93.8,40.744,75.08,0.9614085125589372,3.043969511966705,state_dict_ema,/groups/golan_neurogroup/bml_group/tomerash/advmodels/results/models/convnext_small_linf_1_init1/pgd_eval/pgd_validation_results.csv,convnext_small_linf_1_init1,convnext_small_linf_1_init1,linf,1,1.0,127.5,convnext_small_linf_1_init1,eps=1 init 1
2026-03-05T13:01:05,model_best,/home/ashtomer/projects/ares/results/models/convnext_small_linf_1_init1/model_best.pth.tar,madry,linf,1,l1,2.0,255.0,10,51.0,78.644,93.8,38.486,73.292,0.9614085125589372,3.185299444580078,state_dict_ema,/groups/golan_neurogroup/bml_group/tomerash/advmodels/results/models/convnext_small_linf_1_init1/pgd_eval/pgd_validation_results.csv,convnext_small_linf_1_init1,convnext_small_linf_1_init1,linf,1,1.0,255.0,convnext_small_linf_1_init1,eps=1 init 1
2026-03-05T16:04:02,model_best,/home/ashtomer/projects/ares/results/models/convnext_small_linf_1_init1/model_best.pth.tar,madry,linf,1,l1,4.0,510.0,10,102.0,78.644,93.8,38.784,73.578,0.9614085125589372,3.127262648983001,state_dict_ema,/groups/golan_neurogroup/bml_group/tomerash/advmodels/results/models/convnext_small_linf_1_init1/pgd_eval/pgd_validation_results.csv,convnext_small_linf_1_init1,convnext_small_linf_1_init1,linf,1,1.0,510.0,convnext_small_linf_1_init1,eps=1 init 1
2026-03-05T19:07:48,model_best,/home/ashtomer/projects/ares/results/models/convnext_small_linf_1_init1/model_best.pth.tar,madry,linf,1,l1,8.0,1020.0,10,204.0,78.644,93.8,39.836,73.996,0.9614085125589372,3.0248550245666506,state_dict_ema,/groups/golan_neurogroup/bml_group/tomerash/advmodels/results/models/convnext_small_linf_1_init1/pgd_eval/pgd_validation_results.csv,convnext_small_linf_1_init1,convnext_small_linf_1_init1,linf,1,1.0,1020.0,convnext_small_linf_1_init1,eps=1 init 1
2026-03-05T22:10:46,model_best,/home/ashtomer/projects/ares/results/models/convnext_small_linf_1_init1/model_best.pth.tar,madry,linf,1,l1,16.0,2040.0,10,408.0,78.644,93.8,40.64,74.588,0.9614085125589372,2.954076394004822,state_dict_ema,/groups/golan_neurogroup/bml_group/tomerash/advmodels/results/models/convnext_small_linf_1_init1/pgd_eval/pgd_validation_results.csv,convnext_small_linf_1_init1,convnext_small_linf_1_init1,linf,1,1.0,2040.0,convnext_small_linf_1_init1,eps=1 init 1
2026-03-18T02:42:42,model_best,/home/ashtomer/projects/ares/results/models/convnext_small_linf_1_init2/model_best.pth.tar,madry,linf,2,linf,0.5,0.0019607843137254,10,0.000392156862745,78.896,94.142,75.05,92.788,0.8347448044586182,0.995530256729126,state_dict_ema,/groups/golan_neurogroup/bml_group/tomerash/advmodels/results/models/convnext_small_linf_1_init2/pgd_eval/pgd_validation_results.csv,convnext_small_linf_1_init2,convnext_small_linf_1_init2,linf,2,1.0,0.00196078431372549,convnext_small_linf_1_init2,eps=1 init 2
2026-03-18T04:43:27,model_best,/home/ashtomer/projects/ares/results/models/convnext_small_linf_1_init2/model_best.pth.tar,madry,linf,2,linf,1.0,0.0039215686274509,10,0.0007843137254901,78.896,94.142,70.552,91.164,0.8347448044586182,1.1877689179229736,state_dict_ema,/groups/golan_neurogroup/bml_group/tomerash/advmodels/results/models/convnext_small_linf_1_init2/pgd_eval/pgd_validation_results.csv,convnext_small_linf_1_init2,convnext_small_linf_1_init2,linf,2,1.0,0.00392156862745098,convnext_small_linf_1_init2,eps=1 init 2
2026-03-18T06:43:51,model_best,/home/ashtomer/projects/ares/results/models/convnext_small_linf_1_init2/model_best.pth.tar,madry,linf,2,linf,2.0,0.0078431372549019,10,0.0015686274509803,78.896,94.142,60.336,87.216,0.8347448044586182,1.6832835582733154,state_dict_ema,/groups/golan_neurogroup/bml_group/tomerash/advmodels/results/models/convnext_small_linf_1_init2/pgd_eval/pgd_validation_results.csv,convnext_small_linf_1_init2,convnext_small_linf_1_init2,linf,2,1.0,0.00784313725490196,convnext_small_linf_1_init2,eps=1 init 2
2026-03-18T08:44:19,model_best,/home/ashtomer/projects/ares/results/models/convnext_small_linf_1_init2/model_best.pth.tar,madry,linf,2,linf,4.0,0.0156862745098039,10,0.0031372549019607,78.896,94.142,39.46,75.922,0.8347448044586182,3.1071253453063963,state_dict_ema,/groups/golan_neurogroup/bml_group/tomerash/advmodels/results/models/convnext_small_linf_1_init2/pgd_eval/pgd_validation_results.csv,convnext_small_linf_1_init2,convnext_small_linf_1_init2,linf,2,1.0,0.01568627450980392,convnext_small_linf_1_init2,eps=1 init 2
2026-03-18T10:44:43,model_best,/home/ashtomer/projects/ares/results/models/convnext_small_linf_1_init2/model_best.pth.tar,madry,linf,2,linf,8.0,0.0313725490196078,10,0.0062745098039215,78.896,94.142,17.732,47.564,0.8347448044586182,6.724290824584961,state_dict_ema,/groups/golan_neurogroup/bml_group/tomerash/advmodels/results/models/convnext_small_linf_1_init2/pgd_eval/pgd_validation_results.csv,convnext_small_linf_1_init2,convnext_small_linf_1_init2,linf,2,1.0,0.03137254901960784,convnext_small_linf_1_init2,eps=1 init 2
2026-03-18T12:45:14,model_best,/home/ashtomer/projects/ares/results/models/convnext_small_linf_1_init2/model_best.pth.tar,madry,linf,2,linf,16.0,0.0627450980392156,10,0.0125490196078431,78.896,94.142,2.934,8.694,0.8347448044586182,12.96448278289795,state_dict_ema,/groups/golan_neurogroup/bml_group/tomerash/advmodels/results/models/convnext_small_linf_1_init2/pgd_eval/pgd_validation_results.csv,convnext_small_linf_1_init2,convnext_small_linf_1_init2,linf,2,1.0,0.06274509803921569,convnext_small_linf_1_init2,eps=1 init 2
2026-03-18T14:46:02,model_best,/home/ashtomer/projects/ares/results/models/convnext_small_linf_1_init2/model_best.pth.tar,madry,linf,2,l2,0.5,0.5,10,0.1,78.896,94.142,72.202,91.728,0.8347448044586182,1.1159661580657958,state_dict_ema,/groups/golan_neurogroup/bml_group/tomerash/advmodels/results/models/convnext_small_linf_1_init2/pgd_eval/pgd_validation_results.csv,convnext_small_linf_1_init2,convnext_small_linf_1_init2,linf,2,1.0,0.5,convnext_small_linf_1_init2,eps=1 init 2
2026-03-18T16:46:56,model_best,/home/ashtomer/projects/ares/results/models/convnext_small_linf_1_init2/model_best.pth.tar,madry,linf,2,l2,1.0,1.0,10,0.2,78.896,94.142,63.822,88.552,0.8347448044586182,1.5025415161132814,state_dict_ema,/groups/golan_neurogroup/bml_group/tomerash/advmodels/results/models/convnext_small_linf_1_init2/pgd_eval/pgd_validation_results.csv,convnext_small_linf_1_init2,convnext_small_linf_1_init2,linf,2,1.0,1.0,convnext_small_linf_1_init2,eps=1 init 2
2026-03-18T18:48:30,model_best,/home/ashtomer/projects/ares/results/models/convnext_small_linf_1_init2/model_best.pth.tar,madry,linf,2,l2,2.0,2.0,10,0.4,78.896,94.142,45.756,79.812,0.8347448044586182,2.6083124526977537,state_dict_ema,/groups/golan_neurogroup/bml_group/tomerash/advmodels/results/models/convnext_small_linf_1_init2/pgd_eval/pgd_validation_results.csv,convnext_small_linf_1_init2,convnext_small_linf_1_init2,linf,2,1.0,2.0,convnext_small_linf_1_init2,eps=1 init 2
2026-03-18T20:50:18,model_best,/home/ashtomer/projects/ares/results/models/convnext_small_linf_1_init2/model_best.pth.tar,madry,linf,2,l2,4.0,4.0,10,0.8,78.896,94.142,22.718,57.456,0.8347448044586182,5.422084525299073,state_dict_ema,/groups/golan_neurogroup/bml_group/tomerash/advmodels/results/models/convnext_small_linf_1_init2/pgd_eval/pgd_validation_results.csv,convnext_small_linf_1_init2,convnext_small_linf_1_init2,linf,2,1.0,4.0,convnext_small_linf_1_init2,eps=1 init 2
2026-03-18T22:51:37,model_best,/home/ashtomer/projects/ares/results/models/convnext_small_linf_1_init2/model_best.pth.tar,madry,linf,2,l2,8.0,8.0,10,1.6,78.896,94.142,7.234,21.742,0.8347448044586182,10.489185226745606,state_dict_ema,/groups/golan_neurogroup/bml_group/tomerash/advmodels/results/models/convnext_small_linf_1_init2/pgd_eval/pgd_validation_results.csv,convnext_small_linf_1_init2,convnext_small_linf_1_init2,linf,2,1.0,8.0,convnext_small_linf_1_init2,eps=1 init 2
2026-03-19T00:52:44,model_best,/home/ashtomer/projects/ares/results/models/convnext_small_linf_1_init2/model_best.pth.tar,madry,linf,2,l2,16.0,16.0,10,3.2,78.896,94.142,0.408,1.546,0.8347448044586182,15.67957794921875,state_dict_ema,/groups/golan_neurogroup/bml_group/tomerash/advmodels/results/models/convnext_small_linf_1_init2/pgd_eval/pgd_validation_results.csv,convnext_small_linf_1_init2,convnext_small_linf_1_init2,linf,2,1.0,16.0,convnext_small_linf_1_init2,eps=1 init 2
2026-03-19T02:54:33,model_best,/home/ashtomer/projects/ares/results/models/convnext_small_linf_1_init2/model_best.pth.tar,madry,linf,2,l1,0.5,63.75,10,12.75,78.896,94.142,44.478,79.89,0.8347448044586182,2.643206589202881,state_dict_ema,/groups/golan_neurogroup/bml_group/tomerash/advmodels/results/models/convnext_small_linf_1_init2/pgd_eval/pgd_validation_results.csv,convnext_small_linf_1_init2,convnext_small_linf_1_init2,linf,2,1.0,63.75,convnext_small_linf_1_init2,eps=1 init 2
2026-03-19T04:56:09,model_best,/home/ashtomer/projects/ares/results/models/convnext_small_linf_1_init2/model_best.pth.tar,madry,linf,2,l1,1.0,127.5,10,25.5,78.896,94.142,38.402,76.554,0.8347448044586182,3.0544456112670897,state_dict_ema,/groups/golan_neurogroup/bml_group/tomerash/advmodels/results/models/convnext_small_linf_1_init2/pgd_eval/pgd_validation_results.csv,convnext_small_linf_1_init2,convnext_small_linf_1_init2,linf,2,1.0,127.5,convnext_small_linf_1_init2,eps=1 init 2
2026-03-19T06:57:40,model_best,/home/ashtomer/projects/ares/results/models/convnext_small_linf_1_init2/model_best.pth.tar,madry,linf,2,l1,2.0,255.0,10,51.0,78.896,94.142,37.306,76.07,0.8347448044586182,3.112395827636719,state_dict_ema,/groups/golan_neurogroup/bml_group/tomerash/advmodels/results/models/convnext_small_linf_1_init2/pgd_eval/pgd_validation_results.csv,convnext_small_linf_1_init2,convnext_small_linf_1_init2,linf,2,1.0,255.0,convnext_small_linf_1_init2,eps=1 init 2
2026-03-19T08:59:07,model_best,/home/ashtomer/projects/ares/results/models/convnext_small_linf_1_init2/model_best.pth.tar,madry,linf,2,l1,4.0,510.0,10,102.0,78.896,94.142,38.344,76.594,0.8347448044586182,2.9947162355041503,state_dict_ema,/groups/golan_neurogroup/bml_group/tomerash/advmodels/results/models/convnext_small_linf_1_init2/pgd_eval/pgd_validation_results.csv,convnext_small_linf_1_init2,convnext_small_linf_1_init2,linf,2,1.0,510.0,convnext_small_linf_1_init2,eps=1 init 2
2026-03-19T11:00:34,model_best,/home/ashtomer/projects/ares/results/models/convnext_small_linf_1_init2/model_best.pth.tar,madry,linf,2,l1,8.0,1020.0,10,204.0,78.896,94.142,39.912,77.256,0.8347448044586182,2.8741256607055665,state_dict_ema,/groups/golan_neurogroup/bml_group/tomerash/advmodels/results/models/convnext_small_linf_1_init2/pgd_eval/pgd_validation_results.csv,convnext_small_linf_1_init2,convnext_small_linf_1_init2,linf,2,1.0,1020.0,convnext_small_linf_1_init2,eps=1 init 2
2026-03-19T13:02:13,model_best,/home/ashtomer/projects/ares/results/models/convnext_small_linf_1_init2/model_best.pth.tar,madry,linf,2,l1,16.0,2040.0,10,408.0,78.896,94.142,40.926,77.478,0.8347448044586182,2.7942962619018554,state_dict_ema,/groups/golan_neurogroup/bml_group/tomerash/advmodels/results/models/convnext_small_linf_1_init2/pgd_eval/pgd_validation_results.csv,convnext_small_linf_1_init2,convnext_small_linf_1_init2,linf,2,1.0,2040.0,convnext_small_linf_1_init2,eps=1 init 2
2026-03-09T15:11:13,model_best,/home/ashtomer/projects/ares/results/models/convnext_small_linf_2_init1/model_best.pth.tar,madry,linf,1,linf,0.5,0.0019607843137254,10,0.000392156862745,76.194,92.576,70.99,90.798,1.091925290017128,1.3117441404628754,state_dict_ema,/groups/golan_neurogroup/bml_group/tomerash/advmodels/results/models/convnext_small_linf_2_init1/pgd_eval/pgd_validation_results.csv,convnext_small_linf_2_init1,convnext_small_linf_2_init1,linf,1,2.0,0.00196078431372549,convnext_small_linf_2_init1,eps=2 init 1
2026-03-09T18:09:22,model_best,/home/ashtomer/projects/ares/results/models/convnext_small_linf_2_init1/model_best.pth.tar,madry,linf,1,linf,1.0,0.0039215686274509,10,0.0007843137254901,76.194,92.576,67.028,89.214,1.091925290017128,1.4966498733520508,state_dict_ema,/groups/golan_neurogroup/bml_group/tomerash/advmodels/results/models/convnext_small_linf_2_init1/pgd_eval/pgd_validation_results.csv,convnext_small_linf_2_init1,convnext_small_linf_2_init1,linf,1,2.0,0.00392156862745098,convnext_small_linf_2_init1,eps=2 init 1
2026-03-09T21:07:44,model_best,/home/ashtomer/projects/ares/results/models/convnext_small_linf_2_init1/model_best.pth.tar,madry,linf,1,linf,2.0,0.0078431372549019,10,0.0015686274509803,76.194,92.576,59.028,85.496,1.091925290017128,1.8862367435264584,state_dict_ema,/groups/golan_neurogroup/bml_group/tomerash/advmodels/results/models/convnext_small_linf_2_init1/pgd_eval/pgd_validation_results.csv,convnext_small_linf_2_init1,convnext_small_linf_2_init1,linf,1,2.0,0.00784313725490196,convnext_small_linf_2_init1,eps=2 init 1
2026-03-10T00:06:01,model_best,/home/ashtomer/projects/ares/results/models/convnext_small_linf_2_init1/model_best.pth.tar,madry,linf,1,linf,4.0,0.0156862745098039,10,0.0031372549019607,76.194,92.576,42.894,75.464,1.091925290017128,2.875844348163605,state_dict_ema,/groups/golan_neurogroup/bml_group/tomerash/advmodels/results/models/convnext_small_linf_2_init1/pgd_eval/pgd_validation_results.csv,convnext_small_linf_2_init1,convnext_small_linf_2_init1,linf,1,2.0,0.01568627450980392,convnext_small_linf_2_init1,eps=2 init 1
2026-03-10T03:04:22,model_best,/home/ashtomer/projects/ares/results/models/convnext_small_linf_2_init1/model_best.pth.tar,madry,linf,1,linf,8.0,0.0313725490196078,10,0.0062745098039215,76.194,92.576,20.754,51.34,1.091925290017128,5.460425408020019,state_dict_ema,/groups/golan_neurogroup/bml_group/tomerash/advmodels/results/models/convnext_small_linf_2_init1/pgd_eval/pgd_validation_results.csv,convnext_small_linf_2_init1,convnext_small_linf_2_init1,linf,1,2.0,0.03137254901960784,convnext_small_linf_2_init1,eps=2 init 1
2026-03-10T06:02:35,model_best,/home/ashtomer/projects/ares/results/models/convnext_small_linf_2_init1/model_best.pth.tar,madry,linf,1,linf,16.0,0.0627450980392156,10,0.0125490196078431,76.194,92.576,4.39,14.79,1.091925290017128,10.323515779571531,state_dict_ema,/groups/golan_neurogroup/bml_group/tomerash/advmodels/results/models/convnext_small_linf_2_init1/pgd_eval/pgd_validation_results.csv,convnext_small_linf_2_init1,convnext_small_linf_2_init1,linf,1,2.0,0.06274509803921569,convnext_small_linf_2_init1,eps=2 init 1
2026-03-10T09:00:46,model_best,/home/ashtomer/projects/ares/results/models/convnext_small_linf_2_init1/model_best.pth.tar,madry,linf,1,l2,0.5,0.5,10,0.1,76.194,92.576,69.694,90.07,1.091925290017128,1.362522550239563,state_dict_ema,/groups/golan_neurogroup/bml_group/tomerash/advmodels/results/models/convnext_small_linf_2_init1/pgd_eval/pgd_validation_results.csv,convnext_small_linf_2_init1,convnext_small_linf_2_init1,linf,1,2.0,0.5,convnext_small_linf_2_init1,eps=2 init 1
2026-03-10T11:58:57,model_best,/home/ashtomer/projects/ares/results/models/convnext_small_linf_2_init1/model_best.pth.tar,madry,linf,1,l2,1.0,1.0,10,0.2,76.194,92.576,62.558,86.874,1.091925290017128,1.6963168009662628,state_dict_ema,/groups/golan_neurogroup/bml_group/tomerash/advmodels/results/models/convnext_small_linf_2_init1/pgd_eval/pgd_validation_results.csv,convnext_small_linf_2_init1,convnext_small_linf_2_init1,linf,1,2.0,1.0,convnext_small_linf_2_init1,eps=2 init 1
2026-03-10T14:57:12,model_best,/home/ashtomer/projects/ares/results/models/convnext_small_linf_2_init1/model_best.pth.tar,madry,linf,1,l2,2.0,2.0,10,0.4,76.194,92.576,46.476,78.254,1.091925290017128,2.580165384159088,state_dict_ema,/groups/golan_neurogroup/bml_group/tomerash/advmodels/results/models/convnext_small_linf_2_init1/pgd_eval/pgd_validation_results.csv,convnext_small_linf_2_init1,convnext_small_linf_2_init1,linf,1,2.0,2.0,convnext_small_linf_2_init1,eps=2 init 1
2026-03-10T17:55:21,model_best,/home/ashtomer/projects/ares/results/models/convnext_small_linf_2_init1/model_best.pth.tar,madry,linf,1,l2,4.0,4.0,10,0.8,76.194,92.576,24.652,57.43,1.091925290017128,4.735150559768677,state_dict_ema,/groups/golan_neurogroup/bml_group/tomerash/advmodels/results/models/convnext_small_linf_2_init1/pgd_eval/pgd_validation_results.csv,convnext_small_linf_2_init1,convnext_small_linf_2_init1,linf,1,2.0,4.0,convnext_small_linf_2_init1,eps=2 init 1
2026-03-10T20:53:59,model_best,/home/ashtomer/projects/ares/results/models/convnext_small_linf_2_init1/model_best.pth.tar,madry,linf,1,l2,8.0,8.0,10,1.6,76.194,92.576,7.996,24.786,1.091925290017128,8.786166551818848,state_dict_ema,/groups/golan_neurogroup/bml_group/tomerash/advmodels/results/models/convnext_small_linf_2_init1/pgd_eval/pgd_validation_results.csv,convnext_small_linf_2_init1,convnext_small_linf_2_init1,linf,1,2.0,8.0,convnext_small_linf_2_init1,eps=2 init 1
2026-03-10T23:52:31,model_best,/home/ashtomer/projects/ares/results/models/convnext_small_linf_2_init1/model_best.pth.tar,madry,linf,1,l2,16.0,16.0,10,3.2,76.194,92.576,0.626,2.63,1.091925290017128,13.425773921813963,state_dict_ema,/groups/golan_neurogroup/bml_group/tomerash/advmodels/results/models/convnext_small_linf_2_init1/pgd_eval/pgd_validation_results.csv,convnext_small_linf_2_init1,convnext_small_linf_2_init1,linf,1,2.0,16.0,convnext_small_linf_2_init1,eps=2 init 1
2026-03-11T02:52:22,model_best,/home/ashtomer/projects/ares/results/models/convnext_small_linf_2_init1/model_best.pth.tar,madry,linf,1,l1,0.5,63.75,10,12.75,76.194,92.576,47.254,78.448,1.091925290017128,2.557343292713165,state_dict_ema,/groups/golan_neurogroup/bml_group/tomerash/advmodels/results/models/convnext_small_linf_2_init1/pgd_eval/pgd_validation_results.csv,convnext_small_linf_2_init1,convnext_small_linf_2_init1,linf,1,2.0,63.75,convnext_small_linf_2_init1,eps=2 init 1
2026-03-11T05:52:01,model_best,/home/ashtomer/projects/ares/results/models/convnext_small_linf_2_init1/model_best.pth.tar,madry,linf,1,l1,1.0,127.5,10,25.5,76.194,92.576,43.276,75.686,1.091925290017128,2.8228757749176023,state_dict_ema,/groups/golan_neurogroup/bml_group/tomerash/advmodels/results/models/convnext_small_linf_2_init1/pgd_eval/pgd_validation_results.csv,convnext_small_linf_2_init1,convnext_small_linf_2_init1,linf,1,2.0,127.5,convnext_small_linf_2_init1,eps=2 init 1
2026-03-11T08:51:37,model_best,/home/ashtomer/projects/ares/results/models/convnext_small_linf_2_init1/model_best.pth.tar,madry,linf,1,l1,2.0,255.0,10,51.0,76.194,92.576,43.342,75.58,1.091925290017128,2.8217369785690307,state_dict_ema,/groups/golan_neurogroup/bml_group/tomerash/advmodels/results/models/convnext_small_linf_2_init1/pgd_eval/pgd_validation_results.csv,convnext_small_linf_2_init1,convnext_small_linf_2_init1,linf,1,2.0,255.0,convnext_small_linf_2_init1,eps=2 init 1
2026-03-11T11:51:06,model_best,/home/ashtomer/projects/ares/results/models/convnext_small_linf_2_init1/model_best.pth.tar,madry,linf,1,l1,4.0,510.0,10,102.0,76.194,92.576,44.052,75.604,1.091925290017128,2.774840953025818,state_dict_ema,/groups/golan_neurogroup/bml_group/tomerash/advmodels/results/models/convnext_small_linf_2_init1/pgd_eval/pgd_validation_results.csv,convnext_small_linf_2_init1,convnext_small_linf_2_init1,linf,1,2.0,510.0,convnext_small_linf_2_init1,eps=2 init 1
2026-03-11T14:50:39,model_best,/home/ashtomer/projects/ares/results/models/convnext_small_linf_2_init1/model_best.pth.tar,madry,linf,1,l1,8.0,1020.0,10,204.0,76.194,92.576,44.41,75.7,1.091925290017128,2.744224910125733,state_dict_ema,/groups/golan_neurogroup/bml_group/tomerash/advmodels/results/models/convnext_small_linf_2_init1/pgd_eval/pgd_validation_results.csv,convnext_small_linf_2_init1,convnext_small_linf_2_init1,linf,1,2.0,1020.0,convnext_small_linf_2_init1,eps=2 init 1
2026-03-11T17:50:58,model_best,/home/ashtomer/projects/ares/results/models/convnext_small_linf_2_init1/model_best.pth.tar,madry,linf,1,l1,16.0,2040.0,10,408.0,76.194,92.576,44.528,75.704,1.091925290017128,2.729792913951874,state_dict_ema,/groups/golan_neurogroup/bml_group/tomerash/advmodels/results/models/convnext_small_linf_2_init1/pgd_eval/pgd_validation_results.csv,convnext_small_linf_2_init1,convnext_small_linf_2_init1,linf,1,2.0,2040.0,convnext_small_linf_2_init1,eps=2 init 1
2026-03-18T02:46:49,model_best,/home/ashtomer/projects/ares/results/models/convnext_small_linf_2_init2/model_best.pth.tar,madry,linf,2,linf,0.5,0.0019607843137254,10,0.000392156862745,75.048,91.77,71.478,90.35,1.031429549026489,1.1978491011810302,state_dict_ema,/groups/golan_neurogroup/bml_group/tomerash/advmodels/results/models/convnext_small_linf_2_init2/pgd_eval/pgd_validation_results.csv,convnext_small_linf_2_init2,convnext_small_linf_2_init2,linf,2,2.0,0.00196078431372549,convnext_small_linf_2_init2,eps=2 init 2
2026-03-18T04:51:51,model_best,/home/ashtomer/projects/ares/results/models/convnext_small_linf_2_init2/model_best.pth.tar,madry,linf,2,linf,1.0,0.0039215686274509,10,0.0007843137254901,75.048,91.77,67.622,88.648,1.031429549026489,1.3888014640045163,state_dict_ema,/groups/golan_neurogroup/bml_group/tomerash/advmodels/results/models/convnext_small_linf_2_init2/pgd_eval/pgd_validation_results.csv,convnext_small_linf_2_init2,convnext_small_linf_2_init2,linf,2,2.0,0.00392156862745098,convnext_small_linf_2_init2,eps=2 init 2
2026-03-18T06:56:34,model_best,/home/ashtomer/projects/ares/results/models/convnext_small_linf_2_init2/model_best.pth.tar,madry,linf,2,linf,2.0,0.0078431372549019,10,0.0015686274509803,75.048,91.77,58.618,84.824,1.031429549026489,1.8558654712677003,state_dict_ema,/groups/golan_neurogroup/bml_group/tomerash/advmodels/results/models/convnext_small_linf_2_init2/pgd_eval/pgd_validation_results.csv,convnext_small_linf_2_init2,convnext_small_linf_2_init2,linf,2,2.0,0.00784313725490196,convnext_small_linf_2_init2,eps=2 init 2
2026-03-18T09:01:24,model_best,/home/ashtomer/projects/ares/results/models/convnext_small_linf_2_init2/model_best.pth.tar,madry,linf,2,linf,4.0,0.0156862745098039,10,0.0031372549019607,75.048,91.77,40.01,75.122,1.031429549026489,3.16688225982666,state_dict_ema,/groups/golan_neurogroup/bml_group/tomerash/advmodels/results/models/convnext_small_linf_2_init2/pgd_eval/pgd_validation_results.csv,convnext_small_linf_2_init2,convnext_small_linf_2_init2,linf,2,2.0,0.01568627450980392,convnext_small_linf_2_init2,eps=2 init 2
2026-03-18T11:04:56,model_best,/home/ashtomer/projects/ares/results/models/convnext_small_linf_2_init2/model_best.pth.tar,madry,linf,2,linf,8.0,0.0313725490196078,10,0.0062745098039215,75.048,91.77,14.032,50.986,1.031429549026489,6.937462272033692,state_dict_ema,/groups/golan_neurogroup/bml_group/tomerash/advmodels/results/models/convnext_small_linf_2_init2/pgd_eval/pgd_validation_results.csv,convnext_small_linf_2_init2,convnext_small_linf_2_init2,linf,2,2.0,0.03137254901960784,convnext_small_linf_2_init2,eps=2 init 2
2026-03-18T13:08:11,model_best,/home/ashtomer/projects/ares/results/models/convnext_small_linf_2_init2/model_best.pth.tar,madry,linf,2,linf,16.0,0.0627450980392156,10,0.0125490196078431,75.048,91.77,1.52,13.482,1.031429549026489,14.700128975830076,state_dict_ema,/groups/golan_neurogroup/bml_group/tomerash/advmodels/results/models/convnext_small_linf_2_init2/pgd_eval/pgd_validation_results.csv,convnext_small_linf_2_init2,convnext_small_linf_2_init2,linf,2,2.0,0.06274509803921569,convnext_small_linf_2_init2,eps=2 init 2
2026-03-18T15:11:47,model_best,/home/ashtomer/projects/ares/results/models/convnext_small_linf_2_init2/model_best.pth.tar,madry,linf,2,l2,0.5,0.5,10,0.1,75.048,91.77,68.936,89.21,1.031429549026489,1.322491368560791,state_dict_ema,/groups/golan_neurogroup/bml_group/tomerash/advmodels/results/models/convnext_small_linf_2_init2/pgd_eval/pgd_validation_results.csv,convnext_small_linf_2_init2,convnext_small_linf_2_init2,linf,2,2.0,0.5,convnext_small_linf_2_init2,eps=2 init 2
2026-03-18T17:15:34,model_best,/home/ashtomer/projects/ares/results/models/convnext_small_linf_2_init2/model_best.pth.tar,madry,linf,2,l2,1.0,1.0,10,0.2,75.048,91.77,61.452,86.012,1.031429549026489,1.6985945991516114,state_dict_ema,/groups/golan_neurogroup/bml_group/tomerash/advmodels/results/models/convnext_small_linf_2_init2/pgd_eval/pgd_validation_results.csv,convnext_small_linf_2_init2,convnext_small_linf_2_init2,linf,2,2.0,1.0,convnext_small_linf_2_init2,eps=2 init 2
2026-03-18T19:19:57,model_best,/home/ashtomer/projects/ares/results/models/convnext_small_linf_2_init2/model_best.pth.tar,madry,linf,2,l2,2.0,2.0,10,0.4,75.048,91.77,45.17,78.184,1.031429549026489,2.754362364807129,state_dict_ema,/groups/golan_neurogroup/bml_group/tomerash/advmodels/results/models/convnext_small_linf_2_init2/pgd_eval/pgd_validation_results.csv,convnext_small_linf_2_init2,convnext_small_linf_2_init2,linf,2,2.0,2.0,convnext_small_linf_2_init2,eps=2 init 2
2026-03-18T21:25:17,model_best,/home/ashtomer/projects/ares/results/models/convnext_small_linf_2_init2/model_best.pth.tar,madry,linf,2,l2,4.0,4.0,10,0.8,75.048,91.77,19.24,57.606,1.031429549026489,5.812484606018066,state_dict_ema,/groups/golan_neurogroup/bml_group/tomerash/advmodels/results/models/convnext_small_linf_2_init2/pgd_eval/pgd_validation_results.csv,convnext_small_linf_2_init2,convnext_small_linf_2_init2,linf,2,2.0,4.0,convnext_small_linf_2_init2,eps=2 init 2
2026-03-18T23:28:58,model_best,/home/ashtomer/projects/ares/results/models/convnext_small_linf_2_init2/model_best.pth.tar,madry,linf,2,l2,8.0,8.0,10,1.6,75.048,91.77,2.994,23.612,1.031429549026489,12.158560102233889,state_dict_ema,/groups/golan_neurogroup/bml_group/tomerash/advmodels/results/models/convnext_small_linf_2_init2/pgd_eval/pgd_validation_results.csv,convnext_small_linf_2_init2,convnext_small_linf_2_init2,linf,2,2.0,8.0,convnext_small_linf_2_init2,eps=2 init 2
2026-03-19T01:32:28,model_best,/home/ashtomer/projects/ares/results/models/convnext_small_linf_2_init2/model_best.pth.tar,madry,linf,2,l2,16.0,16.0,10,3.2,75.048,91.77,0.12,2.468,1.031429549026489,19.162730954589843,state_dict_ema,/groups/golan_neurogroup/bml_group/tomerash/advmodels/results/models/convnext_small_linf_2_init2/pgd_eval/pgd_validation_results.csv,convnext_small_linf_2_init2,convnext_small_linf_2_init2,linf,2,2.0,16.0,convnext_small_linf_2_init2,eps=2 init 2
2026-03-19T03:37:45,model_best,/home/ashtomer/projects/ares/results/models/convnext_small_linf_2_init2/model_best.pth.tar,madry,linf,2,l1,0.5,63.75,10,12.75,75.048,91.77,43.742,77.578,1.031429549026489,2.8312835453796388,state_dict_ema,/groups/golan_neurogroup/bml_group/tomerash/advmodels/results/models/convnext_small_linf_2_init2/pgd_eval/pgd_validation_results.csv,convnext_small_linf_2_init2,convnext_small_linf_2_init2,linf,2,2.0,63.75,convnext_small_linf_2_init2,eps=2 init 2
2026-03-19T05:42:09,model_best,/home/ashtomer/projects/ares/results/models/convnext_small_linf_2_init2/model_best.pth.tar,madry,linf,2,l1,1.0,127.5,10,25.5,75.048,91.77,38.31,74.69,1.031429549026489,3.223227233581543,state_dict_ema,/groups/golan_neurogroup/bml_group/tomerash/advmodels/results/models/convnext_small_linf_2_init2/pgd_eval/pgd_validation_results.csv,convnext_small_linf_2_init2,convnext_small_linf_2_init2,linf,2,2.0,127.5,convnext_small_linf_2_init2,eps=2 init 2
2026-03-19T07:46:40,model_best,/home/ashtomer/projects/ares/results/models/convnext_small_linf_2_init2/model_best.pth.tar,madry,linf,2,l1,2.0,255.0,10,51.0,75.048,91.77,36.874,73.846,1.031429549026489,3.3080326203918458,state_dict_ema,/groups/golan_neurogroup/bml_group/tomerash/advmodels/results/models/convnext_small_linf_2_init2/pgd_eval/pgd_validation_results.csv,convnext_small_linf_2_init2,convnext_small_linf_2_init2,linf,2,2.0,255.0,convnext_small_linf_2_init2,eps=2 init 2
2026-03-19T09:51:42,model_best,/home/ashtomer/projects/ares/results/models/convnext_small_linf_2_init2/model_best.pth.tar,madry,linf,2,l1,4.0,510.0,10,102.0,75.048,91.77,37.176,73.89,1.031429549026489,3.2591902088928224,state_dict_ema,/groups/golan_neurogroup/bml_group/tomerash/advmodels/results/models/convnext_small_linf_2_init2/pgd_eval/pgd_validation_results.csv,convnext_small_linf_2_init2,convnext_small_linf_2_init2,linf,2,2.0,510.0,convnext_small_linf_2_init2,eps=2 init 2
2026-03-19T11:56:56,model_best,/home/ashtomer/projects/ares/results/models/convnext_small_linf_2_init2/model_best.pth.tar,madry,linf,2,l1,8.0,1020.0,10,204.0,75.048,91.77,38.02,74.232,1.031429549026489,3.189557371826172,state_dict_ema,/groups/golan_neurogroup/bml_group/tomerash/advmodels/results/models/convnext_small_linf_2_init2/pgd_eval/pgd_validation_results.csv,convnext_small_linf_2_init2,convnext_small_linf_2_init2,linf,2,2.0,1020.0,convnext_small_linf_2_init2,eps=2 init 2
2026-03-19T14:02:55,model_best,/home/ashtomer/projects/ares/results/models/convnext_small_linf_2_init2/model_best.pth.tar,madry,linf,2,l1,16.0,2040.0,10,408.0,75.048,91.77,38.454,74.144,1.031429549026489,3.1444851756286623,state_dict_ema,/groups/golan_neurogroup/bml_group/tomerash/advmodels/results/models/convnext_small_linf_2_init2/pgd_eval/pgd_validation_results.csv,convnext_small_linf_2_init2,convnext_small_linf_2_init2,linf,2,2.0,2040.0,convnext_small_linf_2_init2,eps=2 init 2
2026-03-09T15:07:10,model_best,/home/ashtomer/projects/ares/results/models/convnext_small_linf_4_init1/model_best.pth.tar,madry,linf,1,linf,0.5,0.0019607843137254,10,0.000392156862745,73.366,90.538,70.186,89.184,1.0987840808780491,1.238504691618681,state_dict_ema,/groups/golan_neurogroup/bml_group/tomerash/advmodels/results/models/convnext_small_linf_4_init1/pgd_eval/pgd_validation_results.csv,convnext_small_linf_4_init1,convnext_small_linf_4_init1,linf,1,4.0,0.00196078431372549,convnext_small_linf_4_init1,eps=4 init 1
2026-03-09T18:01:25,model_best,/home/ashtomer/projects/ares/results/models/convnext_small_linf_4_init1/model_best.pth.tar,madry,linf,1,linf,1.0,0.0039215686274509,10,0.0007843137254901,73.366,90.538,66.744,87.758,1.0987840808780491,1.394521119491458,state_dict_ema,/groups/golan_neurogroup/bml_group/tomerash/advmodels/results/models/convnext_small_linf_4_init1/pgd_eval/pgd_validation_results.csv,convnext_small_linf_4_init1,convnext_small_linf_4_init1,linf,1,4.0,0.00392156862745098,convnext_small_linf_4_init1,eps=4 init 1
2026-03-09T20:55:53,model_best,/home/ashtomer/projects/ares/results/models/convnext_small_linf_4_init1/model_best.pth.tar,madry,linf,1,linf,2.0,0.0078431372549019,10,0.0015686274509803,73.366,90.538,59.216,84.156,1.0987840808780491,1.7615078880739212,state_dict_ema,/groups/golan_neurogroup/bml_group/tomerash/advmodels/results/models/convnext_small_linf_4_init1/pgd_eval/pgd_validation_results.csv,convnext_small_linf_4_init1,convnext_small_linf_4_init1,linf,1,4.0,0.00784313725490196,convnext_small_linf_4_init1,eps=4 init 1
2026-03-09T23:50:15,model_best,/home/ashtomer/projects/ares/results/models/convnext_small_linf_4_init1/model_best.pth.tar,madry,linf,1,linf,4.0,0.0156862745098039,10,0.0031372549019607,73.366,90.538,42.776,75.254,1.0987840808780491,2.7445942348575594,state_dict_ema,/groups/golan_neurogroup/bml_group/tomerash/advmodels/results/models/convnext_small_linf_4_init1/pgd_eval/pgd_validation_results.csv,convnext_small_linf_4_init1,convnext_small_linf_4_init1,linf,1,4.0,0.01568627450980392,convnext_small_linf_4_init1,eps=4 init 1
2026-03-10T02:44:41,model_best,/home/ashtomer/projects/ares/results/models/convnext_small_linf_4_init1/model_best.pth.tar,madry,linf,1,linf,8.0,0.0313725490196078,10,0.0062745098039215,73.366,90.538,17.342,53.396,1.0987840808780491,5.5840391622924805,state_dict_ema,/groups/golan_neurogroup/bml_group/tomerash/advmodels/results/models/convnext_small_linf_4_init1/pgd_eval/pgd_validation_results.csv,convnext_small_linf_4_init1,convnext_small_linf_4_init1,linf,1,4.0,0.03137254901960784,convnext_small_linf_4_init1,eps=4 init 1
2026-03-10T05:39:13,model_best,/home/ashtomer/projects/ares/results/models/convnext_small_linf_4_init1/model_best.pth.tar,madry,linf,1,linf,16.0,0.0627450980392156,10,0.0125490196078431,73.366,90.538,2.108,18.122,1.0987840808780491,12.230189761657714,state_dict_ema,/groups/golan_neurogroup/bml_group/tomerash/advmodels/results/models/convnext_small_linf_4_init1/pgd_eval/pgd_validation_results.csv,convnext_small_linf_4_init1,convnext_small_linf_4_init1,linf,1,4.0,0.06274509803921569,convnext_small_linf_4_init1,eps=4 init 1
2026-03-10T08:33:49,model_best,/home/ashtomer/projects/ares/results/models/convnext_small_linf_4_init1/model_best.pth.tar,madry,linf,1,l2,0.5,0.5,10,0.1,73.366,90.538,67.796,88.252,1.0987840808780491,1.3428477553254363,state_dict_ema,/groups/golan_neurogroup/bml_group/tomerash/advmodels/results/models/convnext_small_linf_4_init1/pgd_eval/pgd_validation_results.csv,convnext_small_linf_4_init1,convnext_small_linf_4_init1,linf,1,4.0,0.5,convnext_small_linf_4_init1,eps=4 init 1
2026-03-10T11:28:25,model_best,/home/ashtomer/projects/ares/results/models/convnext_small_linf_4_init1/model_best.pth.tar,madry,linf,1,l2,1.0,1.0,10,0.2,73.366,90.538,61.622,85.354,1.0987840808780491,1.6425930229187011,state_dict_ema,/groups/golan_neurogroup/bml_group/tomerash/advmodels/results/models/convnext_small_linf_4_init1/pgd_eval/pgd_validation_results.csv,convnext_small_linf_4_init1,convnext_small_linf_4_init1,linf,1,4.0,1.0,convnext_small_linf_4_init1,eps=4 init 1
2026-03-10T14:23:03,model_best,/home/ashtomer/projects/ares/results/models/convnext_small_linf_4_init1/model_best.pth.tar,madry,linf,1,l2,2.0,2.0,10,0.4,73.366,90.538,47.226,77.898,1.0987840808780491,2.446615594816208,state_dict_ema,/groups/golan_neurogroup/bml_group/tomerash/advmodels/results/models/convnext_small_linf_4_init1/pgd_eval/pgd_validation_results.csv,convnext_small_linf_4_init1,convnext_small_linf_4_init1,linf,1,4.0,2.0,convnext_small_linf_4_init1,eps=4 init 1
2026-03-10T17:17:43,model_best,/home/ashtomer/projects/ares/results/models/convnext_small_linf_4_init1/model_best.pth.tar,madry,linf,1,l2,4.0,4.0,10,0.8,73.366,90.538,22.838,59.356,1.0987840808780491,4.776529580879211,state_dict_ema,/groups/golan_neurogroup/bml_group/tomerash/advmodels/results/models/convnext_small_linf_4_init1/pgd_eval/pgd_validation_results.csv,convnext_small_linf_4_init1,convnext_small_linf_4_init1,linf,1,4.0,4.0,convnext_small_linf_4_init1,eps=4 init 1
2026-03-10T20:12:28,model_best,/home/ashtomer/projects/ares/results/models/convnext_small_linf_4_init1/model_best.pth.tar,madry,linf,1,l2,8.0,8.0,10,1.6,73.366,90.538,3.964,27.884,1.0987840808780491,10.153954932556152,state_dict_ema,/groups/golan_neurogroup/bml_group/tomerash/advmodels/results/models/convnext_small_linf_4_init1/pgd_eval/pgd_validation_results.csv,convnext_small_linf_4_init1,convnext_small_linf_4_init1,linf,1,4.0,8.0,convnext_small_linf_4_init1,eps=4 init 1
2026-03-10T23:07:14,model_best,/home/ashtomer/projects/ares/results/models/convnext_small_linf_4_init1/model_best.pth.tar,madry,linf,1,l2,16.0,16.0,10,3.2,73.366,90.538,0.134,3.618,1.0987840808780491,17.26951143798828,state_dict_ema,/groups/golan_neurogroup/bml_group/tomerash/advmodels/results/models/convnext_small_linf_4_init1/pgd_eval/pgd_validation_results.csv,convnext_small_linf_4_init1,convnext_small_linf_4_init1,linf,1,4.0,16.0,convnext_small_linf_4_init1,eps=4 init 1
2026-03-11T02:03:33,model_best,/home/ashtomer/projects/ares/results/models/convnext_small_linf_4_init1/model_best.pth.tar,madry,linf,1,l1,0.5,63.75,10,12.75,73.366,90.538,45.244,76.902,1.0987840808780491,2.589498661575317,state_dict_ema,/groups/golan_neurogroup/bml_group/tomerash/advmodels/results/models/convnext_small_linf_4_init1/pgd_eval/pgd_validation_results.csv,convnext_small_linf_4_init1,convnext_small_linf_4_init1,linf,1,4.0,63.75,convnext_small_linf_4_init1,eps=4 init 1
2026-03-11T04:59:50,model_best,/home/ashtomer/projects/ares/results/models/convnext_small_linf_4_init1/model_best.pth.tar,madry,linf,1,l1,1.0,127.5,10,25.5,73.366,90.538,40.652,74.018,1.0987840808780491,2.9076566937732697,state_dict_ema,/groups/golan_neurogroup/bml_group/tomerash/advmodels/results/models/convnext_small_linf_4_init1/pgd_eval/pgd_validation_results.csv,convnext_small_linf_4_init1,convnext_small_linf_4_init1,linf,1,4.0,127.5,convnext_small_linf_4_init1,eps=4 init 1
2026-03-11T07:56:02,model_best,/home/ashtomer/projects/ares/results/models/convnext_small_linf_4_init1/model_best.pth.tar,madry,linf,1,l1,2.0,255.0,10,51.0,73.366,90.538,39.722,73.498,1.0987840808780491,2.9449274618816377,state_dict_ema,/groups/golan_neurogroup/bml_group/tomerash/advmodels/results/models/convnext_small_linf_4_init1/pgd_eval/pgd_validation_results.csv,convnext_small_linf_4_init1,convnext_small_linf_4_init1,linf,1,4.0,255.0,convnext_small_linf_4_init1,eps=4 init 1
2026-03-11T10:52:12,model_best,/home/ashtomer/projects/ares/results/models/convnext_small_linf_4_init1/model_best.pth.tar,madry,linf,1,l1,4.0,510.0,10,102.0,73.366,90.538,40.524,73.694,1.0987840808780491,2.8876810136795044,state_dict_ema,/groups/golan_neurogroup/bml_group/tomerash/advmodels/results/models/convnext_small_linf_4_init1/pgd_eval/pgd_validation_results.csv,convnext_small_linf_4_init1,convnext_small_linf_4_init1,linf,1,4.0,510.0,convnext_small_linf_4_init1,eps=4 init 1
2026-03-11T13:48:21,model_best,/home/ashtomer/projects/ares/results/models/convnext_small_linf_4_init1/model_best.pth.tar,madry,linf,1,l1,8.0,1020.0,10,204.0,73.366,90.538,40.904,73.912,1.0987840808780491,2.845573553657532,state_dict_ema,/groups/golan_neurogroup/bml_group/tomerash/advmodels/results/models/convnext_small_linf_4_init1/pgd_eval/pgd_validation_results.csv,convnext_small_linf_4_init1,convnext_small_linf_4_init1,linf,1,4.0,1020.0,convnext_small_linf_4_init1,eps=4 init 1
2026-03-11T16:44:41,model_best,/home/ashtomer/projects/ares/results/models/convnext_small_linf_4_init1/model_best.pth.tar,madry,linf,1,l1,16.0,2040.0,10,408.0,73.366,90.538,41.066,73.686,1.0987840808780491,2.831063758211136,state_dict_ema,/groups/golan_neurogroup/bml_group/tomerash/advmodels/results/models/convnext_small_linf_4_init1/pgd_eval/pgd_validation_results.csv,convnext_small_linf_4_init1,convnext_small_linf_4_init1,linf,1,4.0,2040.0,convnext_small_linf_4_init1,eps=4 init 1
2026-03-18T02:38:30,model_best,/home/ashtomer/projects/ares/results/models/convnext_small_linf_4_init2/model_best.pth.tar,madry,linf,2,linf,0.5,0.0019607843137254,10,0.000392156862745,73.494,90.706,70.328,89.482,1.091199645767212,1.229492699432373,state_dict_ema,/groups/golan_neurogroup/bml_group/tomerash/advmodels/results/models/convnext_small_linf_4_init2/pgd_eval/pgd_validation_results.csv,convnext_small_linf_4_init2,convnext_small_linf_4_init2,linf,2,4.0,0.00196078431372549,convnext_small_linf_4_init2,eps=4 init 2
2026-03-18T04:35:30,model_best,/home/ashtomer/projects/ares/results/models/convnext_small_linf_4_init2/model_best.pth.tar,madry,linf,2,linf,1.0,0.0039215686274509,10,0.0007843137254901,73.494,90.706,67.008,87.85,1.091199645767212,1.3839733346557617,state_dict_ema,/groups/golan_neurogroup/bml_group/tomerash/advmodels/results/models/convnext_small_linf_4_init2/pgd_eval/pgd_validation_results.csv,convnext_small_linf_4_init2,convnext_small_linf_4_init2,linf,2,4.0,0.00392156862745098,convnext_small_linf_4_init2,eps=4 init 2
2026-03-18T06:32:13,model_best,/home/ashtomer/projects/ares/results/models/convnext_small_linf_4_init2/model_best.pth.tar,madry,linf,2,linf,2.0,0.0078431372549019,10,0.0015686274509803,73.494,90.706,59.41,84.356,1.091199645767212,1.7480448753356934,state_dict_ema,/groups/golan_neurogroup/bml_group/tomerash/advmodels/results/models/convnext_small_linf_4_init2/pgd_eval/pgd_validation_results.csv,convnext_small_linf_4_init2,convnext_small_linf_4_init2,linf,2,4.0,0.00784313725490196,convnext_small_linf_4_init2,eps=4 init 2
2026-03-18T08:29:27,model_best,/home/ashtomer/projects/ares/results/models/convnext_small_linf_4_init2/model_best.pth.tar,madry,linf,2,linf,4.0,0.0156862745098039,10,0.0031372549019607,73.494,90.706,42.97,75.488,1.091199645767212,2.7231829898071287,state_dict_ema,/groups/golan_neurogroup/bml_group/tomerash/advmodels/results/models/convnext_small_linf_4_init2/pgd_eval/pgd_validation_results.csv,convnext_small_linf_4_init2,convnext_small_linf_4_init2,linf,2,4.0,0.01568627450980392,convnext_small_linf_4_init2,eps=4 init 2
2026-03-18T10:26:22,model_best,/home/ashtomer/projects/ares/results/models/convnext_small_linf_4_init2/model_best.pth.tar,madry,linf,2,linf,8.0,0.0313725490196078,10,0.0062745098039215,73.494,90.706,17.604,53.734,1.091199645767212,5.536708676757812,state_dict_ema,/groups/golan_neurogroup/bml_group/tomerash/advmodels/results/models/convnext_small_linf_4_init2/pgd_eval/pgd_validation_results.csv,convnext_small_linf_4_init2,convnext_small_linf_4_init2,linf,2,4.0,0.03137254901960784,convnext_small_linf_4_init2,eps=4 init 2
2026-03-18T12:23:18,model_best,/home/ashtomer/projects/ares/results/models/convnext_small_linf_4_init2/model_best.pth.tar,madry,linf,2,linf,16.0,0.0627450980392156,10,0.0125490196078431,73.494,90.706,1.988,18.41,1.091199645767212,12.131148095092774,state_dict_ema,/groups/golan_neurogroup/bml_group/tomerash/advmodels/results/models/convnext_small_linf_4_init2/pgd_eval/pgd_validation_results.csv,convnext_small_linf_4_init2,convnext_small_linf_4_init2,linf,2,4.0,0.06274509803921569,convnext_small_linf_4_init2,eps=4 init 2
2026-03-18T14:20:22,model_best,/home/ashtomer/projects/ares/results/models/convnext_small_linf_4_init2/model_best.pth.tar,madry,linf,2,l2,0.5,0.5,10,0.1,73.494,90.706,68.076,88.376,1.091199645767212,1.3334371031188963,state_dict_ema,/groups/golan_neurogroup/bml_group/tomerash/advmodels/results/models/convnext_small_linf_4_init2/pgd_eval/pgd_validation_results.csv,convnext_small_linf_4_init2,convnext_small_linf_4_init2,linf,2,4.0,0.5,convnext_small_linf_4_init2,eps=4 init 2
2026-03-18T16:17:34,model_best,/home/ashtomer/projects/ares/results/models/convnext_small_linf_4_init2/model_best.pth.tar,madry,linf,2,l2,1.0,1.0,10,0.2,73.494,90.706,61.658,85.498,1.091199645767212,1.6317426625061036,state_dict_ema,/groups/golan_neurogroup/bml_group/tomerash/advmodels/results/models/convnext_small_linf_4_init2/pgd_eval/pgd_validation_results.csv,convnext_small_linf_4_init2,convnext_small_linf_4_init2,linf,2,4.0,1.0,convnext_small_linf_4_init2,eps=4 init 2
2026-03-18T18:14:58,model_best,/home/ashtomer/projects/ares/results/models/convnext_small_linf_4_init2/model_best.pth.tar,madry,linf,2,l2,2.0,2.0,10,0.4,73.494,90.706,47.598,78.014,1.091199645767212,2.4313700775146483,state_dict_ema,/groups/golan_neurogroup/bml_group/tomerash/advmodels/results/models/convnext_small_linf_4_init2/pgd_eval/pgd_validation_results.csv,convnext_small_linf_4_init2,convnext_small_linf_4_init2,linf,2,4.0,2.0,convnext_small_linf_4_init2,eps=4 init 2
2026-03-18T20:12:45,model_best,/home/ashtomer/projects/ares/results/models/convnext_small_linf_4_init2/model_best.pth.tar,madry,linf,2,l2,4.0,4.0,10,0.8,73.494,90.706,22.856,59.664,1.091199645767212,4.747683740081787,state_dict_ema,/groups/golan_neurogroup/bml_group/tomerash/advmodels/results/models/convnext_small_linf_4_init2/pgd_eval/pgd_validation_results.csv,convnext_small_linf_4_init2,convnext_small_linf_4_init2,linf,2,4.0,4.0,convnext_small_linf_4_init2,eps=4 init 2
2026-03-18T22:10:27,model_best,/home/ashtomer/projects/ares/results/models/convnext_small_linf_4_init2/model_best.pth.tar,madry,linf,2,l2,8.0,8.0,10,1.6,73.494,90.706,3.998,27.986,1.091199645767212,10.077200671691894,state_dict_ema,/groups/golan_neurogroup/bml_group/tomerash/advmodels/results/models/convnext_small_linf_4_init2/pgd_eval/pgd_validation_results.csv,convnext_small_linf_4_init2,convnext_small_linf_4_init2,linf,2,4.0,8.0,convnext_small_linf_4_init2,eps=4 init 2
2026-03-19T00:07:53,model_best,/home/ashtomer/projects/ares/results/models/convnext_small_linf_4_init2/model_best.pth.tar,madry,linf,2,l2,16.0,16.0,10,3.2,73.494,90.706,0.098,3.662,1.091199645767212,17.107900405273437,state_dict_ema,/groups/golan_neurogroup/bml_group/tomerash/advmodels/results/models/convnext_small_linf_4_init2/pgd_eval/pgd_validation_results.csv,convnext_small_linf_4_init2,convnext_small_linf_4_init2,linf,2,4.0,16.0,convnext_small_linf_4_init2,eps=4 init 2
2026-03-19T02:06:10,model_best,/home/ashtomer/projects/ares/results/models/convnext_small_linf_4_init2/model_best.pth.tar,madry,linf,2,l1,0.5,63.75,10,12.75,73.494,90.706,45.46,77.012,1.091199645767212,2.5735023225402838,state_dict_ema,/groups/golan_neurogroup/bml_group/tomerash/advmodels/results/models/convnext_small_linf_4_init2/pgd_eval/pgd_validation_results.csv,convnext_small_linf_4_init2,convnext_small_linf_4_init2,linf,2,4.0,63.75,convnext_small_linf_4_init2,eps=4 init 2
2026-03-19T04:04:42,model_best,/home/ashtomer/projects/ares/results/models/convnext_small_linf_4_init2/model_best.pth.tar,madry,linf,2,l1,1.0,127.5,10,25.5,73.494,90.706,40.586,74.228,1.091199645767212,2.8905375975036622,state_dict_ema,/groups/golan_neurogroup/bml_group/tomerash/advmodels/results/models/convnext_small_linf_4_init2/pgd_eval/pgd_validation_results.csv,convnext_small_linf_4_init2,convnext_small_linf_4_init2,linf,2,4.0,127.5,convnext_small_linf_4_init2,eps=4 init 2
2026-03-19T06:02:45,model_best,/home/ashtomer/projects/ares/results/models/convnext_small_linf_4_init2/model_best.pth.tar,madry,linf,2,l1,2.0,255.0,10,51.0,73.494,90.706,39.638,73.884,1.091199645767212,2.9251874241638185,state_dict_ema,/groups/golan_neurogroup/bml_group/tomerash/advmodels/results/models/convnext_small_linf_4_init2/pgd_eval/pgd_validation_results.csv,convnext_small_linf_4_init2,convnext_small_linf_4_init2,linf,2,4.0,255.0,convnext_small_linf_4_init2,eps=4 init 2
2026-03-19T08:00:47,model_best,/home/ashtomer/projects/ares/results/models/convnext_small_linf_4_init2/model_best.pth.tar,madry,linf,2,l1,4.0,510.0,10,102.0,73.494,90.706,40.754,74.276,1.091199645767212,2.841558871307373,state_dict_ema,/groups/golan_neurogroup/bml_group/tomerash/advmodels/results/models/convnext_small_linf_4_init2/pgd_eval/pgd_validation_results.csv,convnext_small_linf_4_init2,convnext_small_linf_4_init2,linf,2,4.0,510.0,convnext_small_linf_4_init2,eps=4 init 2
2026-03-19T09:58:53,model_best,/home/ashtomer/projects/ares/results/models/convnext_small_linf_4_init2/model_best.pth.tar,madry,linf,2,l1,8.0,1020.0,10,204.0,73.494,90.706,41.696,74.746,1.091199645767212,2.772254524993897,state_dict_ema,/groups/golan_neurogroup/bml_group/tomerash/advmodels/results/models/convnext_small_linf_4_init2/pgd_eval/pgd_validation_results.csv,convnext_small_linf_4_init2,convnext_small_linf_4_init2,linf,2,4.0,1020.0,convnext_small_linf_4_init2,eps=4 init 2
2026-03-19T11:56:35,model_best,/home/ashtomer/projects/ares/results/models/convnext_small_linf_4_init2/model_best.pth.tar,madry,linf,2,l1,16.0,2040.0,10,408.0,73.494,90.706,42.124,74.756,1.091199645767212,2.735410976257324,state_dict_ema,/groups/golan_neurogroup/bml_group/tomerash/advmodels/results/models/convnext_small_linf_4_init2/pgd_eval/pgd_validation_results.csv,convnext_small_linf_4_init2,convnext_small_linf_4_init2,linf,2,4.0,2040.0,convnext_small_linf_4_init2,eps=4 init 2
2026-03-09T17:05:01,model_best,/home/ashtomer/projects/ares/results/models/convnext_small_linf_8_init1/model_best.pth.tar,madry,linf,1,linf,0.5,0.0019607843137254,10,0.000392156862745,75.374,91.982,72.77,90.806,1.1261338484954837,1.2373092917728423,state_dict_ema,/groups/golan_neurogroup/bml_group/tomerash/advmodels/results/models/convnext_small_linf_8_init1/pgd_eval/pgd_validation_results.csv,convnext_small_linf_8_init1,convnext_small_linf_8_init1,linf,1,8.0,0.00196078431372549,convnext_small_linf_8_init1,eps=8 init 1
2026-03-09T21:54:57,model_best,/home/ashtomer/projects/ares/results/models/convnext_small_linf_8_init1/model_best.pth.tar,madry,linf,1,linf,1.0,0.0039215686274509,10,0.0007843137254901,75.374,91.982,70.012,89.538,1.1261338484954837,1.359049300813675,state_dict_ema,/groups/golan_neurogroup/bml_group/tomerash/advmodels/results/models/convnext_small_linf_8_init1/pgd_eval/pgd_validation_results.csv,convnext_small_linf_8_init1,convnext_small_linf_8_init1,linf,1,8.0,0.00392156862745098,convnext_small_linf_8_init1,eps=8 init 1
2026-03-10T02:44:52,model_best,/home/ashtomer/projects/ares/results/models/convnext_small_linf_8_init1/model_best.pth.tar,madry,linf,1,linf,2.0,0.0078431372549019,10,0.0015686274509803,75.374,91.982,63.788,86.422,1.1261338484954837,1.6372338480854034,state_dict_ema,/groups/golan_neurogroup/bml_group/tomerash/advmodels/results/models/convnext_small_linf_8_init1/pgd_eval/pgd_validation_results.csv,convnext_small_linf_8_init1,convnext_small_linf_8_init1,linf,1,8.0,0.00784313725490196,convnext_small_linf_8_init1,eps=8 init 1
2026-03-10T07:34:43,model_best,/home/ashtomer/projects/ares/results/models/convnext_small_linf_8_init1/model_best.pth.tar,madry,linf,1,linf,4.0,0.0156862745098039,10,0.0031372549019607,75.374,91.982,50.312,78.42,1.1261338484954837,2.334865902023316,state_dict_ema,/groups/golan_neurogroup/bml_group/tomerash/advmodels/results/models/convnext_small_linf_8_init1/pgd_eval/pgd_validation_results.csv,convnext_small_linf_8_init1,convnext_small_linf_8_init1,linf,1,8.0,0.01568627450980392,convnext_small_linf_8_init1,eps=8 init 1
2026-03-10T12:24:31,model_best,/home/ashtomer/projects/ares/results/models/convnext_small_linf_8_init1/model_best.pth.tar,madry,linf,1,linf,8.0,0.0313725490196078,10,0.0062745098039215,75.374,91.982,30.508,58.872,1.1261338484954837,4.1220441386032105,state_dict_ema,/groups/golan_neurogroup/bml_group/tomerash/advmodels/results/models/convnext_small_linf_8_init1/pgd_eval/pgd_validation_results.csv,convnext_small_linf_8_init1,convnext_small_linf_8_init1,linf,1,8.0,0.03137254901960784,convnext_small_linf_8_init1,eps=8 init 1
2026-03-10T17:14:25,model_best,/home/ashtomer/projects/ares/results/models/convnext_small_linf_8_init1/model_best.pth.tar,madry,linf,1,linf,16.0,0.0627450980392156,10,0.0125490196078431,75.374,91.982,11.578,25.04,1.1261338484954837,8.213745674591065,state_dict_ema,/groups/golan_neurogroup/bml_group/tomerash/advmodels/results/models/convnext_small_linf_8_init1/pgd_eval/pgd_validation_results.csv,convnext_small_linf_8_init1,convnext_small_linf_8_init1,linf,1,8.0,0.06274509803921569,convnext_small_linf_8_init1,eps=8 init 1
2026-03-10T22:04:56,model_best,/home/ashtomer/projects/ares/results/models/convnext_small_linf_8_init1/model_best.pth.tar,madry,linf,1,l2,0.5,0.5,10,0.1,75.374,91.982,70.246,89.658,1.1261338484954837,1.3443650313949584,state_dict_ema,/groups/golan_neurogroup/bml_group/tomerash/advmodels/results/models/convnext_small_linf_8_init1/pgd_eval/pgd_validation_results.csv,convnext_small_linf_8_init1,convnext_small_linf_8_init1,linf,1,8.0,0.5,convnext_small_linf_8_init1,eps=8 init 1
2026-03-11T02:55:02,model_best,/home/ashtomer/projects/ares/results/models/convnext_small_linf_8_init1/model_best.pth.tar,madry,linf,1,l2,1.0,1.0,10,0.2,75.374,91.982,64.17,86.636,1.1261338484954837,1.608443750143051,state_dict_ema,/groups/golan_neurogroup/bml_group/tomerash/advmodels/results/models/convnext_small_linf_8_init1/pgd_eval/pgd_validation_results.csv,convnext_small_linf_8_init1,convnext_small_linf_8_init1,linf,1,8.0,1.0,convnext_small_linf_8_init1,eps=8 init 1
2026-03-11T07:44:52,model_best,/home/ashtomer/projects/ares/results/models/convnext_small_linf_8_init1/model_best.pth.tar,madry,linf,1,l2,2.0,2.0,10,0.4,75.374,91.982,50.752,78.976,1.1261338484954837,2.2832151354408263,state_dict_ema,/groups/golan_neurogroup/bml_group/tomerash/advmodels/results/models/convnext_small_linf_8_init1/pgd_eval/pgd_validation_results.csv,convnext_small_linf_8_init1,convnext_small_linf_8_init1,linf,1,8.0,2.0,convnext_small_linf_8_init1,eps=8 init 1
2026-03-11T12:34:35,model_best,/home/ashtomer/projects/ares/results/models/convnext_small_linf_8_init1/model_best.pth.tar,madry,linf,1,l2,4.0,4.0,10,0.8,75.374,91.982,30.276,60.044,1.1261338484954837,3.991111437568665,state_dict_ema,/groups/golan_neurogroup/bml_group/tomerash/advmodels/results/models/convnext_small_linf_8_init1/pgd_eval/pgd_validation_results.csv,convnext_small_linf_8_init1,convnext_small_linf_8_init1,linf,1,8.0,4.0,convnext_small_linf_8_init1,eps=8 init 1
2026-03-11T17:24:54,model_best,/home/ashtomer/projects/ares/results/models/convnext_small_linf_8_init1/model_best.pth.tar,madry,linf,1,l2,8.0,8.0,10,1.6,75.374,91.982,13.176,29.656,1.1261338484954837,7.545655562744141,state_dict_ema,/groups/golan_neurogroup/bml_group/tomerash/advmodels/results/models/convnext_small_linf_8_init1/pgd_eval/pgd_validation_results.csv,convnext_small_linf_8_init1,convnext_small_linf_8_init1,linf,1,8.0,8.0,convnext_small_linf_8_init1,eps=8 init 1
2026-03-11T22:15:20,model_best,/home/ashtomer/projects/ares/results/models/convnext_small_linf_8_init1/model_best.pth.tar,madry,linf,1,l2,16.0,16.0,10,3.2,75.374,91.982,1.898,4.36,1.1261338484954837,12.40231867340088,state_dict_ema,/groups/golan_neurogroup/bml_group/tomerash/advmodels/results/models/convnext_small_linf_8_init1/pgd_eval/pgd_validation_results.csv,convnext_small_linf_8_init1,convnext_small_linf_8_init1,linf,1,8.0,16.0,convnext_small_linf_8_init1,eps=8 init 1
2026-03-12T03:07:55,model_best,/home/ashtomer/projects/ares/results/models/convnext_small_linf_8_init1/model_best.pth.tar,madry,linf,1,l1,0.5,63.75,10,12.75,75.374,91.982,49.212,78.25,1.1261338484954837,2.362349858970642,state_dict_ema,/groups/golan_neurogroup/bml_group/tomerash/advmodels/results/models/convnext_small_linf_8_init1/pgd_eval/pgd_validation_results.csv,convnext_small_linf_8_init1,convnext_small_linf_8_init1,linf,1,8.0,63.75,convnext_small_linf_8_init1,eps=8 init 1
2026-03-12T08:00:20,model_best,/home/ashtomer/projects/ares/results/models/convnext_small_linf_8_init1/model_best.pth.tar,madry,linf,1,l1,1.0,127.5,10,25.5,75.374,91.982,46.206,76.168,1.1261338484954837,2.540679612941742,state_dict_ema,/groups/golan_neurogroup/bml_group/tomerash/advmodels/results/models/convnext_small_linf_8_init1/pgd_eval/pgd_validation_results.csv,convnext_small_linf_8_init1,convnext_small_linf_8_init1,linf,1,8.0,127.5,convnext_small_linf_8_init1,eps=8 init 1
2026-03-12T12:52:46,model_best,/home/ashtomer/projects/ares/results/models/convnext_small_linf_8_init1/model_best.pth.tar,madry,linf,1,l1,2.0,255.0,10,51.0,75.374,91.982,46.302,75.962,1.1261338484954837,2.5413586027908326,state_dict_ema,/groups/golan_neurogroup/bml_group/tomerash/advmodels/results/models/convnext_small_linf_8_init1/pgd_eval/pgd_validation_results.csv,convnext_small_linf_8_init1,convnext_small_linf_8_init1,linf,1,8.0,255.0,convnext_small_linf_8_init1,eps=8 init 1
2026-03-12T17:45:10,model_best,/home/ashtomer/projects/ares/results/models/convnext_small_linf_8_init1/model_best.pth.tar,madry,linf,1,l1,4.0,510.0,10,102.0,75.374,91.982,46.794,76.168,1.1261338484954837,2.5076126800727843,state_dict_ema,/groups/golan_neurogroup/bml_group/tomerash/advmodels/results/models/convnext_small_linf_8_init1/pgd_eval/pgd_validation_results.csv,convnext_small_linf_8_init1,convnext_small_linf_8_init1,linf,1,8.0,510.0,convnext_small_linf_8_init1,eps=8 init 1
2026-03-12T22:37:33,model_best,/home/ashtomer/projects/ares/results/models/convnext_small_linf_8_init1/model_best.pth.tar,madry,linf,1,l1,8.0,1020.0,10,204.0,75.374,91.982,47.114,76.31,1.1261338484954837,2.4850773422622683,state_dict_ema,/groups/golan_neurogroup/bml_group/tomerash/advmodels/results/models/convnext_small_linf_8_init1/pgd_eval/pgd_validation_results.csv,convnext_small_linf_8_init1,convnext_small_linf_8_init1,linf,1,8.0,1020.0,convnext_small_linf_8_init1,eps=8 init 1
2026-03-13T03:29:32,model_best,/home/ashtomer/projects/ares/results/models/convnext_small_linf_8_init1/model_best.pth.tar,madry,linf,1,l1,16.0,2040.0,10,408.0,75.374,91.982,47.104,76.246,1.1261338484954837,2.483906356868744,state_dict_ema,/groups/golan_neurogroup/bml_group/tomerash/advmodels/results/models/convnext_small_linf_8_init1/pgd_eval/pgd_validation_results.csv,convnext_small_linf_8_init1,convnext_small_linf_8_init1,linf,1,8.0,2040.0,convnext_small_linf_8_init1,eps=8 init 1
2026-03-18T02:49:40,model_best,/home/ashtomer/projects/ares/results/models/convnext_small_linf_8_init2/model_best.pth.tar,madry,linf,2,linf,0.5,0.0019607843137254,10,0.000392156862745,71.988,90.716,49.984,84.546,1.3875837113189695,2.4617628756713867,state_dict_ema,/groups/golan_neurogroup/bml_group/tomerash/advmodels/results/models/convnext_small_linf_8_init2/pgd_eval/pgd_validation_results.csv,convnext_small_linf_8_init2,convnext_small_linf_8_init2,linf,2,8.0,0.00196078431372549,convnext_small_linf_8_init2,eps=8 init 2
2026-03-18T04:57:37,model_best,/home/ashtomer/projects/ares/results/models/convnext_small_linf_8_init2/model_best.pth.tar,madry,linf,2,linf,1.0,0.0039215686274509,10,0.0007843137254901,71.988,90.716,45.414,82.592,1.3875837113189695,2.7585474702453614,state_dict_ema,/groups/golan_neurogroup/bml_group/tomerash/advmodels/results/models/convnext_small_linf_8_init2/pgd_eval/pgd_validation_results.csv,convnext_small_linf_8_init2,convnext_small_linf_8_init2,linf,2,8.0,0.00392156862745098,convnext_small_linf_8_init2,eps=8 init 2
2026-03-18T07:04:56,model_best,/home/ashtomer/projects/ares/results/models/convnext_small_linf_8_init2/model_best.pth.tar,madry,linf,2,linf,2.0,0.0078431372549019,10,0.0015686274509803,71.988,90.716,40.4,79.73,1.3875837113189695,3.1683642752075194,state_dict_ema,/groups/golan_neurogroup/bml_group/tomerash/advmodels/results/models/convnext_small_linf_8_init2/pgd_eval/pgd_validation_results.csv,convnext_small_linf_8_init2,convnext_small_linf_8_init2,linf,2,8.0,0.00784313725490196,convnext_small_linf_8_init2,eps=8 init 2
2026-03-18T09:12:16,model_best,/home/ashtomer/projects/ares/results/models/convnext_small_linf_8_init2/model_best.pth.tar,madry,linf,2,linf,4.0,0.0156862745098039,10,0.0031372549019607,71.988,90.716,33.27,72.926,1.3875837113189695,3.561935069732666,state_dict_ema,/groups/golan_neurogroup/bml_group/tomerash/advmodels/results/models/convnext_small_linf_8_init2/pgd_eval/pgd_validation_results.csv,convnext_small_linf_8_init2,convnext_small_linf_8_init2,linf,2,8.0,0.01568627450980392,convnext_small_linf_8_init2,eps=8 init 2
2026-03-18T11:19:36,model_best,/home/ashtomer/projects/ares/results/models/convnext_small_linf_8_init2/model_best.pth.tar,madry,linf,2,linf,8.0,0.0313725490196078,10,0.0062745098039215,71.988,90.716,5.982,39.062,1.3875837113189695,7.07722580871582,state_dict_ema,/groups/golan_neurogroup/bml_group/tomerash/advmodels/results/models/convnext_small_linf_8_init2/pgd_eval/pgd_validation_results.csv,convnext_small_linf_8_init2,convnext_small_linf_8_init2,linf,2,8.0,0.03137254901960784,convnext_small_linf_8_init2,eps=8 init 2
2026-03-18T13:27:05,model_best,/home/ashtomer/projects/ares/results/models/convnext_small_linf_8_init2/model_best.pth.tar,madry,linf,2,linf,16.0,0.0627450980392156,10,0.0125490196078431,71.988,90.716,0.302,10.088,1.3875837113189695,13.645693566894533,state_dict_ema,/groups/golan_neurogroup/bml_group/tomerash/advmodels/results/models/convnext_small_linf_8_init2/pgd_eval/pgd_validation_results.csv,convnext_small_linf_8_init2,convnext_small_linf_8_init2,linf,2,8.0,0.06274509803921569,convnext_small_linf_8_init2,eps=8 init 2
2026-03-18T15:35:03,model_best,/home/ashtomer/projects/ares/results/models/convnext_small_linf_8_init2/model_best.pth.tar,madry,linf,2,l2,0.5,0.5,10,0.1,71.988,90.716,52.088,85.324,1.3875837113189695,2.279946247024536,state_dict_ema,/groups/golan_neurogroup/bml_group/tomerash/advmodels/results/models/convnext_small_linf_8_init2/pgd_eval/pgd_validation_results.csv,convnext_small_linf_8_init2,convnext_small_linf_8_init2,linf,2,8.0,0.5,convnext_small_linf_8_init2,eps=8 init 2
2026-03-18T17:42:56,model_best,/home/ashtomer/projects/ares/results/models/convnext_small_linf_8_init2/model_best.pth.tar,madry,linf,2,l2,1.0,1.0,10,0.2,71.988,90.716,50.204,84.068,1.3875837113189695,2.184851293106079,state_dict_ema,/groups/golan_neurogroup/bml_group/tomerash/advmodels/results/models/convnext_small_linf_8_init2/pgd_eval/pgd_validation_results.csv,convnext_small_linf_8_init2,convnext_small_linf_8_init2,linf,2,8.0,1.0,convnext_small_linf_8_init2,eps=8 init 2
2026-03-18T19:51:59,model_best,/home/ashtomer/projects/ares/results/models/convnext_small_linf_8_init2/model_best.pth.tar,madry,linf,2,l2,2.0,2.0,10,0.4,71.988,90.716,40.04,76.662,1.3875837113189695,2.634539983673096,state_dict_ema,/groups/golan_neurogroup/bml_group/tomerash/advmodels/results/models/convnext_small_linf_8_init2/pgd_eval/pgd_validation_results.csv,convnext_small_linf_8_init2,convnext_small_linf_8_init2,linf,2,8.0,2.0,convnext_small_linf_8_init2,eps=8 init 2
2026-03-18T22:00:43,model_best,/home/ashtomer/projects/ares/results/models/convnext_small_linf_8_init2/model_best.pth.tar,madry,linf,2,l2,4.0,4.0,10,0.8,71.988,90.716,18.858,57.04,1.3875837113189695,4.566392605285644,state_dict_ema,/groups/golan_neurogroup/bml_group/tomerash/advmodels/results/models/convnext_small_linf_8_init2/pgd_eval/pgd_validation_results.csv,convnext_small_linf_8_init2,convnext_small_linf_8_init2,linf,2,8.0,4.0,convnext_small_linf_8_init2,eps=8 init 2
2026-03-19T00:08:53,model_best,/home/ashtomer/projects/ares/results/models/convnext_small_linf_8_init2/model_best.pth.tar,madry,linf,2,l2,8.0,8.0,10,1.6,71.988,90.716,4.306,29.186,1.3875837113189695,9.033548013000487,state_dict_ema,/groups/golan_neurogroup/bml_group/tomerash/advmodels/results/models/convnext_small_linf_8_init2/pgd_eval/pgd_validation_results.csv,convnext_small_linf_8_init2,convnext_small_linf_8_init2,linf,2,8.0,8.0,convnext_small_linf_8_init2,eps=8 init 2
2026-03-19T02:16:41,model_best,/home/ashtomer/projects/ares/results/models/convnext_small_linf_8_init2/model_best.pth.tar,madry,linf,2,l2,16.0,16.0,10,3.2,71.988,90.716,0.956,9.266,1.3875837113189695,16.057994005126954,state_dict_ema,/groups/golan_neurogroup/bml_group/tomerash/advmodels/results/models/convnext_small_linf_8_init2/pgd_eval/pgd_validation_results.csv,convnext_small_linf_8_init2,convnext_small_linf_8_init2,linf,2,8.0,16.0,convnext_small_linf_8_init2,eps=8 init 2
2026-03-19T04:24:57,model_best,/home/ashtomer/projects/ares/results/models/convnext_small_linf_8_init2/model_best.pth.tar,madry,linf,2,l1,0.5,63.75,10,12.75,71.988,90.716,62.814,86.754,1.3875837113189695,1.8547878118133545,state_dict_ema,/groups/golan_neurogroup/bml_group/tomerash/advmodels/results/models/convnext_small_linf_8_init2/pgd_eval/pgd_validation_results.csv,convnext_small_linf_8_init2,convnext_small_linf_8_init2,linf,2,8.0,63.75,convnext_small_linf_8_init2,eps=8 init 2
2026-03-19T06:33:33,model_best,/home/ashtomer/projects/ares/results/models/convnext_small_linf_8_init2/model_best.pth.tar,madry,linf,2,l1,1.0,127.5,10,25.5,71.988,90.716,61.974,86.162,1.3875837113189695,1.939734218597412,state_dict_ema,/groups/golan_neurogroup/bml_group/tomerash/advmodels/results/models/convnext_small_linf_8_init2/pgd_eval/pgd_validation_results.csv,convnext_small_linf_8_init2,convnext_small_linf_8_init2,linf,2,8.0,127.5,convnext_small_linf_8_init2,eps=8 init 2
2026-03-19T08:42:14,model_best,/home/ashtomer/projects/ares/results/models/convnext_small_linf_8_init2/model_best.pth.tar,madry,linf,2,l1,2.0,255.0,10,51.0,71.988,90.716,62.862,86.294,1.3875837113189695,1.8999537561798097,state_dict_ema,/groups/golan_neurogroup/bml_group/tomerash/advmodels/results/models/convnext_small_linf_8_init2/pgd_eval/pgd_validation_results.csv,convnext_small_linf_8_init2,convnext_small_linf_8_init2,linf,2,8.0,255.0,convnext_small_linf_8_init2,eps=8 init 2
2026-03-19T10:50:57,model_best,/home/ashtomer/projects/ares/results/models/convnext_small_linf_8_init2/model_best.pth.tar,madry,linf,2,l1,4.0,510.0,10,102.0,71.988,90.716,62.36,85.958,1.3875837113189695,1.9334806786346437,state_dict_ema,/groups/golan_neurogroup/bml_group/tomerash/advmodels/results/models/convnext_small_linf_8_init2/pgd_eval/pgd_validation_results.csv,convnext_small_linf_8_init2,convnext_small_linf_8_init2,linf,2,8.0,510.0,convnext_small_linf_8_init2,eps=8 init 2
2026-03-19T12:59:47,model_best,/home/ashtomer/projects/ares/results/models/convnext_small_linf_8_init2/model_best.pth.tar,madry,linf,2,l1,8.0,1020.0,10,204.0,71.988,90.716,62.29,85.792,1.3875837113189695,1.954128209075928,state_dict_ema,/groups/golan_neurogroup/bml_group/tomerash/advmodels/results/models/convnext_small_linf_8_init2/pgd_eval/pgd_validation_results.csv,convnext_small_linf_8_init2,convnext_small_linf_8_init2,linf,2,8.0,1020.0,convnext_small_linf_8_init2,eps=8 init 2
2026-03-19T15:08:48,model_best,/home/ashtomer/projects/ares/results/models/convnext_small_linf_8_init2/model_best.pth.tar,madry,linf,2,l1,16.0,2040.0,10,408.0,71.988,90.716,63.078,86.256,1.3875837113189695,1.9158398001861567,state_dict_ema,/groups/golan_neurogroup/bml_group/tomerash/advmodels/results/models/convnext_small_linf_8_init2/pgd_eval/pgd_validation_results.csv,convnext_small_linf_8_init2,convnext_small_linf_8_init2,linf,2,8.0,2040.0,convnext_small_linf_8_init2,eps=8 init 2
2026-03-09T12:58:42,model_best,results/models/convnext_small_linf_8_init3/model_best.pth.tar,madry,linf,3,linf,0.5,0.0019607843137254,10,0.000392156862745,80.838,95.312,24.34400000854492,52.49400000976563,0.842611985206604,6.341175707702637,state_dict_ema,/groups/golan_neurogroup/bml_group/tomerash/advmodels/results/models/convnext_small_linf_8_init3/pgd_eval/pgd_validation_results.csv,convnext_small_linf_8_init3,convnext_small_linf_8_init3,linf,3,8.0,0.00196078431372549,convnext_small_linf_8_init3,eps=8 init 3
2026-03-09T13:48:53,model_best,results/models/convnext_small_linf_8_init3/model_best.pth.tar,madry,linf,3,linf,1.0,0.0039215686274509,10,0.0007843137254901,80.838,95.312,7.575999995727539,18.420000001220703,0.842611985206604,11.130899417114255,state_dict_ema,/groups/golan_neurogroup/bml_group/tomerash/advmodels/results/models/convnext_small_linf_8_init3/pgd_eval/pgd_validation_results.csv,convnext_small_linf_8_init3,convnext_small_linf_8_init3,linf,3,8.0,0.00392156862745098,convnext_small_linf_8_init3,eps=8 init 3
2026-03-09T14:39:01,model_best,results/models/convnext_small_linf_8_init3/model_best.pth.tar,madry,linf,3,linf,2.0,0.0078431372549019,10,0.0015686274509803,80.838,95.312,1.0800000003051755,3.0559999989318847,0.842611985206604,15.010692581176755,state_dict_ema,/groups/golan_neurogroup/bml_group/tomerash/advmodels/results/models/convnext_small_linf_8_init3/pgd_eval/pgd_validation_results.csv,convnext_small_linf_8_init3,convnext_small_linf_8_init3,linf,3,8.0,0.00784313725490196,convnext_small_linf_8_init3,eps=8 init 3
2026-03-09T15:29:07,model_best,results/models/convnext_small_linf_8_init3/model_best.pth.tar,madry,linf,3,linf,4.0,0.0156862745098039,10,0.0031372549019607,80.838,95.312,0.2219999999427795,0.5120000003051758,0.842611985206604,21.032670685424804,state_dict_ema,/groups/golan_neurogroup/bml_group/tomerash/advmodels/results/models/convnext_small_linf_8_init3/pgd_eval/pgd_validation_results.csv,convnext_small_linf_8_init3,convnext_small_linf_8_init3,linf,3,8.0,0.01568627450980392,convnext_small_linf_8_init3,eps=8 init 3
2026-03-09T16:19:13,model_best,results/models/convnext_small_linf_8_init3/model_best.pth.tar,madry,linf,3,linf,8.0,0.0313725490196078,10,0.0062745098039215,80.838,95.312,0.0,0.0,0.842611985206604,24.269303597412108,state_dict_ema,/groups/golan_neurogroup/bml_group/tomerash/advmodels/results/models/convnext_small_linf_8_init3/pgd_eval/pgd_validation_results.csv,convnext_small_linf_8_init3,convnext_small_linf_8_init3,linf,3,8.0,0.03137254901960784,convnext_small_linf_8_init3,eps=8 init 3
2026-03-09T17:09:16,model_best,results/models/convnext_small_linf_8_init3/model_best.pth.tar,madry,linf,3,linf,16.0,0.0627450980392156,10,0.0125490196078431,80.838,95.312,0.0,0.0,0.842611985206604,22.369710766601564,state_dict_ema,/groups/golan_neurogroup/bml_group/tomerash/advmodels/results/models/convnext_small_linf_8_init3/pgd_eval/pgd_validation_results.csv,convnext_small_linf_8_init3,convnext_small_linf_8_init3,linf,3,8.0,0.06274509803921569,convnext_small_linf_8_init3,eps=8 init 3
2026-03-09T17:59:26,model_best,results/models/convnext_small_linf_8_init3/model_best.pth.tar,madry,linf,3,l2,0.5,0.5,10,0.1,80.838,95.312,22.87,50.075999985351565,0.842611985206604,6.630217734222412,state_dict_ema,/groups/golan_neurogroup/bml_group/tomerash/advmodels/results/models/convnext_small_linf_8_init3/pgd_eval/pgd_validation_results.csv,convnext_small_linf_8_init3,convnext_small_linf_8_init3,linf,3,8.0,0.5,convnext_small_linf_8_init3,eps=8 init 3
2026-03-09T18:49:33,model_best,results/models/convnext_small_linf_8_init3/model_best.pth.tar,madry,linf,3,l2,1.0,1.0,10,0.2,80.838,95.312,9.386000000305176,21.15399999633789,0.842611985206604,10.695909211730957,state_dict_ema,/groups/golan_neurogroup/bml_group/tomerash/advmodels/results/models/convnext_small_linf_8_init3/pgd_eval/pgd_validation_results.csv,convnext_small_linf_8_init3,convnext_small_linf_8_init3,linf,3,8.0,1.0,convnext_small_linf_8_init3,eps=8 init 3
2026-03-09T19:39:44,model_best,results/models/convnext_small_linf_8_init3/model_best.pth.tar,madry,linf,3,l2,2.0,2.0,10,0.4,80.838,95.312,2.993999999771118,6.900000000610351,0.842611985206604,13.985798879394531,state_dict_ema,/groups/golan_neurogroup/bml_group/tomerash/advmodels/results/models/convnext_small_linf_8_init3/pgd_eval/pgd_validation_results.csv,convnext_small_linf_8_init3,convnext_small_linf_8_init3,linf,3,8.0,2.0,convnext_small_linf_8_init3,eps=8 init 3
2026-03-09T20:29:57,model_best,results/models/convnext_small_linf_8_init3/model_best.pth.tar,madry,linf,3,l2,4.0,4.0,10,0.8,80.838,95.312,0.052,0.1199999999809265,0.842611985206604,20.77447489868164,state_dict_ema,/groups/golan_neurogroup/bml_group/tomerash/advmodels/results/models/convnext_small_linf_8_init3/pgd_eval/pgd_validation_results.csv,convnext_small_linf_8_init3,convnext_small_linf_8_init3,linf,3,8.0,4.0,convnext_small_linf_8_init3,eps=8 init 3
2026-03-09T21:20:08,model_best,results/models/convnext_small_linf_8_init3/model_best.pth.tar,madry,linf,3,l2,8.0,8.0,10,1.6,80.838,95.312,0.0,0.0,0.842611985206604,24.7571455859375,state_dict_ema,/groups/golan_neurogroup/bml_group/tomerash/advmodels/results/models/convnext_small_linf_8_init3/pgd_eval/pgd_validation_results.csv,convnext_small_linf_8_init3,convnext_small_linf_8_init3,linf,3,8.0,8.0,convnext_small_linf_8_init3,eps=8 init 3
2026-03-09T22:10:16,model_best,results/models/convnext_small_linf_8_init3/model_best.pth.tar,madry,linf,3,l2,16.0,16.0,10,3.2,80.838,95.312,0.0,0.0,0.842611985206604,23.320044766845704,state_dict_ema,/groups/golan_neurogroup/bml_group/tomerash/advmodels/results/models/convnext_small_linf_8_init3/pgd_eval/pgd_validation_results.csv,convnext_small_linf_8_init3,convnext_small_linf_8_init3,linf,3,8.0,16.0,convnext_small_linf_8_init3,eps=8 init 3
2026-03-09T23:01:14,model_best,results/models/convnext_small_linf_8_init3/model_best.pth.tar,madry,linf,3,l1,0.5,63.75,10,12.75,80.838,95.312,44.64200001831055,78.49200000488281,0.842611985206604,2.99883842666626,state_dict_ema,/groups/golan_neurogroup/bml_group/tomerash/advmodels/results/models/convnext_small_linf_8_init3/pgd_eval/pgd_validation_results.csv,convnext_small_linf_8_init3,convnext_small_linf_8_init3,linf,3,8.0,63.75,convnext_small_linf_8_init3,eps=8 init 3
2026-03-09T23:52:11,model_best,results/models/convnext_small_linf_8_init3/model_best.pth.tar,madry,linf,3,l1,1.0,127.5,10,25.5,80.838,95.312,45.668000017089845,78.78600002929687,0.842611985206604,2.8962523504638678,state_dict_ema,/groups/golan_neurogroup/bml_group/tomerash/advmodels/results/models/convnext_small_linf_8_init3/pgd_eval/pgd_validation_results.csv,convnext_small_linf_8_init3,convnext_small_linf_8_init3,linf,3,8.0,127.5,convnext_small_linf_8_init3,eps=8 init 3
2026-03-10T00:43:12,model_best,results/models/convnext_small_linf_8_init3/model_best.pth.tar,madry,linf,3,l1,2.0,255.0,10,51.0,80.838,95.312,50.96600001708985,80.54400002197265,0.842611985206604,2.550547852783203,state_dict_ema,/groups/golan_neurogroup/bml_group/tomerash/advmodels/results/models/convnext_small_linf_8_init3/pgd_eval/pgd_validation_results.csv,convnext_small_linf_8_init3,convnext_small_linf_8_init3,linf,3,8.0,255.0,convnext_small_linf_8_init3,eps=8 init 3
2026-03-10T01:34:12,model_best,results/models/convnext_small_linf_8_init3/model_best.pth.tar,madry,linf,3,l1,4.0,510.0,10,102.0,80.838,95.312,52.82600001220703,82.53799999023437,0.842611985206604,2.355723832702637,state_dict_ema,/groups/golan_neurogroup/bml_group/tomerash/advmodels/results/models/convnext_small_linf_8_init3/pgd_eval/pgd_validation_results.csv,convnext_small_linf_8_init3,convnext_small_linf_8_init3,linf,3,8.0,510.0,convnext_small_linf_8_init3,eps=8 init 3
2026-03-10T02:25:15,model_best,results/models/convnext_small_linf_8_init3/model_best.pth.tar,madry,linf,3,l1,8.0,1020.0,10,204.0,80.838,95.312,55.74400001220703,84.64000000244141,0.842611985206604,2.123183847579956,state_dict_ema,/groups/golan_neurogroup/bml_group/tomerash/advmodels/results/models/convnext_small_linf_8_init3/pgd_eval/pgd_validation_results.csv,convnext_small_linf_8_init3,convnext_small_linf_8_init3,linf,3,8.0,1020.0,convnext_small_linf_8_init3,eps=8 init 3
2026-03-10T03:16:12,model_best,results/models/convnext_small_linf_8_init3/model_best.pth.tar,madry,linf,3,l1,16.0,2040.0,10,408.0,80.838,95.312,59.46999999267578,85.14400000976562,0.842611985206604,1.936047613487244,state_dict_ema,/groups/golan_neurogroup/bml_group/tomerash/advmodels/results/models/convnext_small_linf_8_init3/pgd_eval/pgd_validation_results.csv,convnext_small_linf_8_init3,convnext_small_linf_8_init3,linf,3,8.0,2040.0,convnext_small_linf_8_init3,eps=8 init 3
