timestamp,model_name,checkpoint_path,category,train_norm,init,attack_norm,epsilon_input,epsilon_eval,attack_steps,attack_step,clean_top1,clean_top5,adv_top1,adv_top5,clean_loss,adv_loss,state_dict_used,_source_csv,_model_dir_name,l1_step_mode,l1_apgd_rho,model_dir,is_baseline,_parsed_category,_parsed_train_norm,_parsed_train_family,_parsed_init,_parsed_train_eps,train_family,train_eps,pgd_constrained_eps,model_id,eval_variant,model_label,plot_category
2026-02-16T02:43:34,model_best,results/models/convnext_small_l2trades_1_init1/model_best.pth.tar,trades,l2,1,linf,1.0,0.0039215686274509,10,0.0007843137254901,77.874,93.416,73.92800240234375,91.79800254882812,1.0348474890708923,1.211151940612793,state_dict_ema,/groups/golan_neurogroup/bml_group/tomerash/advmodels/results/models/convnext_small_l2trades_1_init1/pgd_validation_results.csv,convnext_small_l2trades_1_init1,,,convnext_small_l2trades_1_init1,False,trades,l2,l2,1,1.0,l2,1.0,0.00392156862745098,convnext_small_l2trades_1_init1,linf,eps=1 init 1,trades
2026-02-16T03:06:33,model_best,results/models/convnext_small_l2trades_1_init1/model_best.pth.tar,trades,l2,1,linf,2.0,0.0078431372549019,10,0.0015686274509803,77.874,93.416,70.15600228027344,90.13200236328125,1.0348474890708923,1.3838623737335205,state_dict_ema,/groups/golan_neurogroup/bml_group/tomerash/advmodels/results/models/convnext_small_l2trades_1_init1/pgd_validation_results.csv,convnext_small_l2trades_1_init1,,,convnext_small_l2trades_1_init1,False,trades,l2,l2,1,1.0,l2,1.0,0.00784313725490196,convnext_small_l2trades_1_init1,linf,eps=1 init 1,trades
2026-02-16T03:29:31,model_best,results/models/convnext_small_l2trades_1_init1/model_best.pth.tar,trades,l2,1,linf,4.0,0.0156862745098039,10,0.0031372549019607,77.874,93.416,62.33400182128906,86.40000236328125,1.0348474890708923,1.7770502056503297,state_dict_ema,/groups/golan_neurogroup/bml_group/tomerash/advmodels/results/models/convnext_small_l2trades_1_init1/pgd_validation_results.csv,convnext_small_l2trades_1_init1,,,convnext_small_l2trades_1_init1,False,trades,l2,l2,1,1.0,l2,1.0,0.01568627450980392,convnext_small_l2trades_1_init1,linf,eps=1 init 1,trades
2026-02-16T03:52:30,model_best,results/models/convnext_small_l2trades_1_init1/model_best.pth.tar,trades,l2,1,linf,8.0,0.0313725490196078,10,0.0062745098039215,77.874,93.416,46.69000126953125,76.39000229003906,1.0348474890708923,2.7920822620391847,state_dict_ema,/groups/golan_neurogroup/bml_group/tomerash/advmodels/results/models/convnext_small_l2trades_1_init1/pgd_validation_results.csv,convnext_small_l2trades_1_init1,,,convnext_small_l2trades_1_init1,False,trades,l2,l2,1,1.0,l2,1.0,0.03137254901960784,convnext_small_l2trades_1_init1,linf,eps=1 init 1,trades
2026-02-16T04:15:25,model_best,results/models/convnext_small_l2trades_1_init1/model_best.pth.tar,trades,l2,1,linf,16.0,0.0627450980392156,10,0.0125490196078431,77.874,93.416,24.914000714111328,51.27600145019531,1.0348474890708923,5.362797690429687,state_dict_ema,/groups/golan_neurogroup/bml_group/tomerash/advmodels/results/models/convnext_small_l2trades_1_init1/pgd_validation_results.csv,convnext_small_l2trades_1_init1,,,convnext_small_l2trades_1_init1,False,trades,l2,l2,1,1.0,l2,1.0,0.06274509803921569,convnext_small_l2trades_1_init1,linf,eps=1 init 1,trades
2026-02-16T05:01:24,model_best,results/models/convnext_small_l2trades_1_init1/model_best.pth.tar,trades,l2,1,l2,1.0,1.0,10,0.2,77.874,93.416,74.48400229492188,91.95400266601564,1.0348474890708923,1.1822474835968018,state_dict_ema,/groups/golan_neurogroup/bml_group/tomerash/advmodels/results/models/convnext_small_l2trades_1_init1/pgd_validation_results.csv,convnext_small_l2trades_1_init1,,,convnext_small_l2trades_1_init1,False,trades,l2,l2,1,1.0,l2,1.0,1.0,convnext_small_l2trades_1_init1,l2,eps=1 init 1,trades
2026-02-16T05:24:21,model_best,results/models/convnext_small_l2trades_1_init1/model_best.pth.tar,trades,l2,1,l2,2.0,2.0,10,0.4,77.874,93.416,70.92800215820313,90.39800252929687,1.0348474890708923,1.3394340621185303,state_dict_ema,/groups/golan_neurogroup/bml_group/tomerash/advmodels/results/models/convnext_small_l2trades_1_init1/pgd_validation_results.csv,convnext_small_l2trades_1_init1,,,convnext_small_l2trades_1_init1,False,trades,l2,l2,1,1.0,l2,1.0,2.0,convnext_small_l2trades_1_init1,l2,eps=1 init 1,trades
2026-02-16T05:47:19,model_best,results/models/convnext_small_l2trades_1_init1/model_best.pth.tar,trades,l2,1,l2,4.0,4.0,10,0.8,77.874,93.416,62.754001928710935,86.53800248046875,1.0348474890708923,1.7335698922729492,state_dict_ema,/groups/golan_neurogroup/bml_group/tomerash/advmodels/results/models/convnext_small_l2trades_1_init1/pgd_validation_results.csv,convnext_small_l2trades_1_init1,,,convnext_small_l2trades_1_init1,False,trades,l2,l2,1,1.0,l2,1.0,4.0,convnext_small_l2trades_1_init1,l2,eps=1 init 1,trades
2026-02-16T06:10:15,model_best,results/models/convnext_small_l2trades_1_init1/model_best.pth.tar,trades,l2,1,l2,8.0,8.0,10,1.6,77.874,93.416,46.19000115478516,76.07400227050782,1.0348474890708923,2.7665093882751464,state_dict_ema,/groups/golan_neurogroup/bml_group/tomerash/advmodels/results/models/convnext_small_l2trades_1_init1/pgd_validation_results.csv,convnext_small_l2trades_1_init1,,,convnext_small_l2trades_1_init1,False,trades,l2,l2,1,1.0,l2,1.0,8.0,convnext_small_l2trades_1_init1,l2,eps=1 init 1,trades
2026-02-16T06:33:15,model_best,results/models/convnext_small_l2trades_1_init1/model_best.pth.tar,trades,l2,1,l2,16.0,16.0,10,3.2,77.874,93.416,23.376000655975343,48.466001391601566,1.0348474890708923,5.562125725250244,state_dict_ema,/groups/golan_neurogroup/bml_group/tomerash/advmodels/results/models/convnext_small_l2trades_1_init1/pgd_validation_results.csv,convnext_small_l2trades_1_init1,,,convnext_small_l2trades_1_init1,False,trades,l2,l2,1,1.0,l2,1.0,16.0,convnext_small_l2trades_1_init1,l2,eps=1 init 1,trades
2026-02-16T07:19:38,model_best,results/models/convnext_small_l2trades_1_init1/model_best.pth.tar,trades,l2,1,l1,1.0,127.5,10,25.5,77.874,93.416,45.0600012890625,76.21200240234376,1.0348474890708923,2.789905190429688,state_dict_ema,/groups/golan_neurogroup/bml_group/tomerash/advmodels/results/models/convnext_small_l2trades_1_init1/pgd_validation_results.csv,convnext_small_l2trades_1_init1,,,convnext_small_l2trades_1_init1,False,trades,l2,l2,1,1.0,l2,1.0,127.5,convnext_small_l2trades_1_init1,l1,eps=1 init 1,trades
2026-02-16T07:42:50,model_best,results/models/convnext_small_l2trades_1_init1/model_best.pth.tar,trades,l2,1,l1,2.0,255.0,10,51.0,77.874,93.416,26.132000736694337,57.16600153076172,1.0348474890708923,4.714388343811035,state_dict_ema,/groups/golan_neurogroup/bml_group/tomerash/advmodels/results/models/convnext_small_l2trades_1_init1/pgd_validation_results.csv,convnext_small_l2trades_1_init1,,,convnext_small_l2trades_1_init1,False,trades,l2,l2,1,1.0,l2,1.0,255.0,convnext_small_l2trades_1_init1,l1,eps=1 init 1,trades
2026-02-16T08:06:00,model_best,results/models/convnext_small_l2trades_1_init1/model_best.pth.tar,trades,l2,1,l1,4.0,510.0,10,102.0,77.874,93.416,12.756000367126465,33.76000093505859,1.0348474890708923,7.2686164645385745,state_dict_ema,/groups/golan_neurogroup/bml_group/tomerash/advmodels/results/models/convnext_small_l2trades_1_init1/pgd_validation_results.csv,convnext_small_l2trades_1_init1,,,convnext_small_l2trades_1_init1,False,trades,l2,l2,1,1.0,l2,1.0,510.0,convnext_small_l2trades_1_init1,l1,eps=1 init 1,trades
2026-02-16T08:29:11,model_best,results/models/convnext_small_l2trades_1_init1/model_best.pth.tar,trades,l2,1,l1,8.0,1020.0,10,204.0,77.874,93.416,6.658000207214355,18.62800058166504,1.0348474890708923,8.932681741638184,state_dict_ema,/groups/golan_neurogroup/bml_group/tomerash/advmodels/results/models/convnext_small_l2trades_1_init1/pgd_validation_results.csv,convnext_small_l2trades_1_init1,,,convnext_small_l2trades_1_init1,False,trades,l2,l2,1,1.0,l2,1.0,1020.0,convnext_small_l2trades_1_init1,l1,eps=1 init 1,trades
2026-02-16T08:52:18,model_best,results/models/convnext_small_l2trades_1_init1/model_best.pth.tar,trades,l2,1,l1,16.0,2040.0,10,408.0,77.874,93.416,4.772000141601563,15.588000485534668,1.0348474890708923,9.13280725769043,state_dict_ema,/groups/golan_neurogroup/bml_group/tomerash/advmodels/results/models/convnext_small_l2trades_1_init1/pgd_validation_results.csv,convnext_small_l2trades_1_init1,,,convnext_small_l2trades_1_init1,False,trades,l2,l2,1,1.0,l2,1.0,2040.0,convnext_small_l2trades_1_init1,l1,eps=1 init 1,trades
2026-02-12T03:55:39,model_best,results/models/convnext_small_l2trades_1_init2/model_best.pth.tar,trades,l2,2,linf,1.0,0.0039215686274509,10,0.0007843137254901,77.2,93.046,73.13200240722657,91.57400263671876,0.9632071818161012,1.1452949982833862,state_dict_ema,/groups/golan_neurogroup/bml_group/tomerash/advmodels/results/models/convnext_small_l2trades_1_init2/pgd_validation_results.csv,convnext_small_l2trades_1_init2,,,convnext_small_l2trades_1_init2,False,trades,l2,l2,2,1.0,l2,1.0,0.00392156862745098,convnext_small_l2trades_1_init2,linf,eps=1 init 2,trades
2026-02-12T04:18:22,model_best,results/models/convnext_small_l2trades_1_init2/model_best.pth.tar,trades,l2,2,linf,2.0,0.0078431372549019,10,0.0015686274509803,77.2,93.046,69.33600197753906,90.07400241210938,0.9632071818161012,1.3313925377464295,state_dict_ema,/groups/golan_neurogroup/bml_group/tomerash/advmodels/results/models/convnext_small_l2trades_1_init2/pgd_validation_results.csv,convnext_small_l2trades_1_init2,,,convnext_small_l2trades_1_init2,False,trades,l2,l2,2,1.0,l2,1.0,0.00784313725490196,convnext_small_l2trades_1_init2,linf,eps=1 init 2,trades
2026-02-12T04:41:01,model_best,results/models/convnext_small_l2trades_1_init2/model_best.pth.tar,trades,l2,2,linf,4.0,0.0156862745098039,10,0.0031372549019607,77.2,93.046,60.96200155273438,86.572002421875,0.9632071818161012,1.773947332687378,state_dict_ema,/groups/golan_neurogroup/bml_group/tomerash/advmodels/results/models/convnext_small_l2trades_1_init2/pgd_validation_results.csv,convnext_small_l2trades_1_init2,,,convnext_small_l2trades_1_init2,False,trades,l2,l2,2,1.0,l2,1.0,0.01568627450980392,convnext_small_l2trades_1_init2,linf,eps=1 init 2,trades
2026-02-12T05:03:46,model_best,results/models/convnext_small_l2trades_1_init2/model_best.pth.tar,trades,l2,2,linf,8.0,0.0313725490196078,10,0.0062745098039215,77.2,93.046,42.85600135498047,77.31200256835938,0.9632071818161012,3.0135288776397706,state_dict_ema,/groups/golan_neurogroup/bml_group/tomerash/advmodels/results/models/convnext_small_l2trades_1_init2/pgd_validation_results.csv,convnext_small_l2trades_1_init2,,,convnext_small_l2trades_1_init2,False,trades,l2,l2,2,1.0,l2,1.0,0.03137254901960784,convnext_small_l2trades_1_init2,linf,eps=1 init 2,trades
2026-02-12T05:26:28,model_best,results/models/convnext_small_l2trades_1_init2/model_best.pth.tar,trades,l2,2,linf,16.0,0.0627450980392156,10,0.0125490196078431,77.2,93.046,17.310000504760744,52.346001484375,0.9632071818161012,6.516394162597656,state_dict_ema,/groups/golan_neurogroup/bml_group/tomerash/advmodels/results/models/convnext_small_l2trades_1_init2/pgd_validation_results.csv,convnext_small_l2trades_1_init2,,,convnext_small_l2trades_1_init2,False,trades,l2,l2,2,1.0,l2,1.0,0.06274509803921569,convnext_small_l2trades_1_init2,linf,eps=1 init 2,trades
2026-02-12T06:11:57,model_best,results/models/convnext_small_l2trades_1_init2/model_best.pth.tar,trades,l2,2,l2,1.0,1.0,10,0.2,77.2,93.046,73.74800235839844,91.78800256835936,0.9632071818161012,1.113604169330597,state_dict_ema,/groups/golan_neurogroup/bml_group/tomerash/advmodels/results/models/convnext_small_l2trades_1_init2/pgd_validation_results.csv,convnext_small_l2trades_1_init2,,,convnext_small_l2trades_1_init2,False,trades,l2,l2,2,1.0,l2,1.0,1.0,convnext_small_l2trades_1_init2,l2,eps=1 init 2,trades
2026-02-12T06:34:41,model_best,results/models/convnext_small_l2trades_1_init2/model_best.pth.tar,trades,l2,2,l2,2.0,2.0,10,0.4,77.2,93.046,70.002002109375,90.29200235351564,0.9632071818161012,1.2930395623016355,state_dict_ema,/groups/golan_neurogroup/bml_group/tomerash/advmodels/results/models/convnext_small_l2trades_1_init2/pgd_validation_results.csv,convnext_small_l2trades_1_init2,,,convnext_small_l2trades_1_init2,False,trades,l2,l2,2,1.0,l2,1.0,2.0,convnext_small_l2trades_1_init2,l2,eps=1 init 2,trades
2026-02-12T06:57:24,model_best,results/models/convnext_small_l2trades_1_init2/model_best.pth.tar,trades,l2,2,l2,4.0,4.0,10,0.8,77.2,93.046,61.31400172851563,86.67000240234375,0.9632071818161012,1.7423792127609252,state_dict_ema,/groups/golan_neurogroup/bml_group/tomerash/advmodels/results/models/convnext_small_l2trades_1_init2/pgd_validation_results.csv,convnext_small_l2trades_1_init2,,,convnext_small_l2trades_1_init2,False,trades,l2,l2,2,1.0,l2,1.0,4.0,convnext_small_l2trades_1_init2,l2,eps=1 init 2,trades
2026-02-12T07:20:07,model_best,results/models/convnext_small_l2trades_1_init2/model_best.pth.tar,trades,l2,2,l2,8.0,8.0,10,1.6,77.2,93.046,42.82600115722656,76.97200234375,0.9632071818161012,2.994888808441162,state_dict_ema,/groups/golan_neurogroup/bml_group/tomerash/advmodels/results/models/convnext_small_l2trades_1_init2/pgd_validation_results.csv,convnext_small_l2trades_1_init2,,,convnext_small_l2trades_1_init2,False,trades,l2,l2,2,1.0,l2,1.0,8.0,convnext_small_l2trades_1_init2,l2,eps=1 init 2,trades
2026-02-12T07:42:54,model_best,results/models/convnext_small_l2trades_1_init2/model_best.pth.tar,trades,l2,2,l2,16.0,16.0,10,3.2,77.2,93.046,15.822000442962649,49.49200145751953,0.9632071818161012,6.81286294708252,state_dict_ema,/groups/golan_neurogroup/bml_group/tomerash/advmodels/results/models/convnext_small_l2trades_1_init2/pgd_validation_results.csv,convnext_small_l2trades_1_init2,,,convnext_small_l2trades_1_init2,False,trades,l2,l2,2,1.0,l2,1.0,16.0,convnext_small_l2trades_1_init2,l2,eps=1 init 2,trades
2026-02-12T08:28:44,model_best,results/models/convnext_small_l2trades_1_init2/model_best.pth.tar,trades,l2,2,l1,1.0,127.5,10,25.5,77.2,93.046,43.184001203613285,77.47400251953125,0.9632071818161012,3.00386125541687,state_dict_ema,/groups/golan_neurogroup/bml_group/tomerash/advmodels/results/models/convnext_small_l2trades_1_init2/pgd_validation_results.csv,convnext_small_l2trades_1_init2,,,convnext_small_l2trades_1_init2,False,trades,l2,l2,2,1.0,l2,1.0,127.5,convnext_small_l2trades_1_init2,l1,eps=1 init 2,trades
2026-02-12T08:51:42,model_best,results/models/convnext_small_l2trades_1_init2/model_best.pth.tar,trades,l2,2,l1,2.0,255.0,10,51.0,77.2,93.046,21.54600059326172,60.97600174804688,0.9632071818161012,5.529831543579101,state_dict_ema,/groups/golan_neurogroup/bml_group/tomerash/advmodels/results/models/convnext_small_l2trades_1_init2/pgd_validation_results.csv,convnext_small_l2trades_1_init2,,,convnext_small_l2trades_1_init2,False,trades,l2,l2,2,1.0,l2,1.0,255.0,convnext_small_l2trades_1_init2,l1,eps=1 init 2,trades
2026-02-12T09:14:51,model_best,results/models/convnext_small_l2trades_1_init2/model_best.pth.tar,trades,l2,2,l1,4.0,510.0,10,102.0,77.2,93.046,7.890000255889893,39.14200114990234,0.9632071818161012,9.017626930541992,state_dict_ema,/groups/golan_neurogroup/bml_group/tomerash/advmodels/results/models/convnext_small_l2trades_1_init2/pgd_validation_results.csv,convnext_small_l2trades_1_init2,,,convnext_small_l2trades_1_init2,False,trades,l2,l2,2,1.0,l2,1.0,510.0,convnext_small_l2trades_1_init2,l1,eps=1 init 2,trades
2026-02-12T09:38:02,model_best,results/models/convnext_small_l2trades_1_init2/model_best.pth.tar,trades,l2,2,l1,8.0,1020.0,10,204.0,77.2,93.046,3.0980001068115235,24.24000063659668,0.9632071818161012,11.287151924743652,state_dict_ema,/groups/golan_neurogroup/bml_group/tomerash/advmodels/results/models/convnext_small_l2trades_1_init2/pgd_validation_results.csv,convnext_small_l2trades_1_init2,,,convnext_small_l2trades_1_init2,False,trades,l2,l2,2,1.0,l2,1.0,1020.0,convnext_small_l2trades_1_init2,l1,eps=1 init 2,trades
2026-02-12T10:00:58,model_best,results/models/convnext_small_l2trades_1_init2/model_best.pth.tar,trades,l2,2,l1,16.0,2040.0,10,408.0,77.2,93.046,1.9680000750732425,20.54200059448242,0.9632071818161012,11.554317103271485,state_dict_ema,/groups/golan_neurogroup/bml_group/tomerash/advmodels/results/models/convnext_small_l2trades_1_init2/pgd_validation_results.csv,convnext_small_l2trades_1_init2,,,convnext_small_l2trades_1_init2,False,trades,l2,l2,2,1.0,l2,1.0,2040.0,convnext_small_l2trades_1_init2,l1,eps=1 init 2,trades
2026-03-24T14:56:20,model_best,/home/ashtomer/projects/ares/results/models/convnext_small_l2trades_2_init1/model_best.pth.tar,trades,l2,1,linf,1.0,0.0039215686274509,10,0.0007843137254901,77.12,93.294,67.42,88.924,1.0492546143341064,1.455328229522705,state_dict_ema,/groups/golan_neurogroup/bml_group/tomerash/advmodels/results/models/convnext_small_l2trades_2_init1/pgd_eval/pgd_validation_results.csv,convnext_small_l2trades_2_init1,,,convnext_small_l2trades_2_init1,False,trades,l2,l2,1,2.0,l2,2.0,0.00392156862745098,convnext_small_l2trades_2_init1,linf,eps=2 init 1,trades
2026-03-24T16:55:24,model_best,/home/ashtomer/projects/ares/results/models/convnext_small_l2trades_2_init1/model_best.pth.tar,trades,l2,1,linf,2.0,0.0078431372549019,10,0.0015686274509803,77.12,93.294,57.108,83.58,1.0492546143341064,1.9422764739990237,state_dict_ema,/groups/golan_neurogroup/bml_group/tomerash/advmodels/results/models/convnext_small_l2trades_2_init1/pgd_eval/pgd_validation_results.csv,convnext_small_l2trades_2_init1,,,convnext_small_l2trades_2_init1,False,trades,l2,l2,1,2.0,l2,2.0,0.00784313725490196,convnext_small_l2trades_2_init1,linf,eps=2 init 1,trades
2026-03-24T18:54:51,model_best,/home/ashtomer/projects/ares/results/models/convnext_small_l2trades_2_init1/model_best.pth.tar,trades,l2,1,linf,4.0,0.0156862745098039,10,0.0031372549019607,77.12,93.294,36.032,68.498,1.0492546143341064,3.248204029846192,state_dict_ema,/groups/golan_neurogroup/bml_group/tomerash/advmodels/results/models/convnext_small_l2trades_2_init1/pgd_eval/pgd_validation_results.csv,convnext_small_l2trades_2_init1,,,convnext_small_l2trades_2_init1,False,trades,l2,l2,1,2.0,l2,2.0,0.01568627450980392,convnext_small_l2trades_2_init1,linf,eps=2 init 1,trades
2026-03-24T20:55:01,model_best,/home/ashtomer/projects/ares/results/models/convnext_small_l2trades_2_init1/model_best.pth.tar,trades,l2,1,linf,8.0,0.0313725490196078,10,0.0062745098039215,77.12,93.294,13.68,36.454,1.0492546143341064,6.703351049194336,state_dict_ema,/groups/golan_neurogroup/bml_group/tomerash/advmodels/results/models/convnext_small_l2trades_2_init1/pgd_eval/pgd_validation_results.csv,convnext_small_l2trades_2_init1,,,convnext_small_l2trades_2_init1,False,trades,l2,l2,1,2.0,l2,2.0,0.03137254901960784,convnext_small_l2trades_2_init1,linf,eps=2 init 1,trades
2026-03-24T22:53:32,model_best,/home/ashtomer/projects/ares/results/models/convnext_small_l2trades_2_init1/model_best.pth.tar,trades,l2,1,linf,16.0,0.0627450980392156,10,0.0125490196078431,77.12,93.294,1.746,4.946,1.0492546143341064,13.461994018249513,state_dict_ema,/groups/golan_neurogroup/bml_group/tomerash/advmodels/results/models/convnext_small_l2trades_2_init1/pgd_eval/pgd_validation_results.csv,convnext_small_l2trades_2_init1,,,convnext_small_l2trades_2_init1,False,trades,l2,l2,1,2.0,l2,2.0,0.06274509803921569,convnext_small_l2trades_2_init1,linf,eps=2 init 1,trades
2026-03-25T02:49:03,model_best,/home/ashtomer/projects/ares/results/models/convnext_small_l2trades_2_init1/model_best.pth.tar,trades,l2,1,l2,1.0,1.0,10,0.2,77.12,93.294,66.728,88.542,1.0492546143341064,1.4835930183410644,state_dict_ema,/groups/golan_neurogroup/bml_group/tomerash/advmodels/results/models/convnext_small_l2trades_2_init1/pgd_eval/pgd_validation_results.csv,convnext_small_l2trades_2_init1,,,convnext_small_l2trades_2_init1,False,trades,l2,l2,1,2.0,l2,2.0,1.0,convnext_small_l2trades_2_init1,l2,eps=2 init 1,trades
2026-03-25T04:46:50,model_best,/home/ashtomer/projects/ares/results/models/convnext_small_l2trades_2_init1/model_best.pth.tar,trades,l2,1,l2,2.0,2.0,10,0.4,77.12,93.294,55.566,82.728,1.0492546143341064,1.9986651236724853,state_dict_ema,/groups/golan_neurogroup/bml_group/tomerash/advmodels/results/models/convnext_small_l2trades_2_init1/pgd_eval/pgd_validation_results.csv,convnext_small_l2trades_2_init1,,,convnext_small_l2trades_2_init1,False,trades,l2,l2,1,2.0,l2,2.0,2.0,convnext_small_l2trades_2_init1,l2,eps=2 init 1,trades
2026-03-25T06:44:34,model_best,/home/ashtomer/projects/ares/results/models/convnext_small_l2trades_2_init1/model_best.pth.tar,trades,l2,1,l2,4.0,4.0,10,0.8,77.12,93.294,33.768,66.592,1.0492546143341064,3.373082265930176,state_dict_ema,/groups/golan_neurogroup/bml_group/tomerash/advmodels/results/models/convnext_small_l2trades_2_init1/pgd_eval/pgd_validation_results.csv,convnext_small_l2trades_2_init1,,,convnext_small_l2trades_2_init1,False,trades,l2,l2,1,2.0,l2,2.0,4.0,convnext_small_l2trades_2_init1,l2,eps=2 init 1,trades
2026-03-25T08:42:11,model_best,/home/ashtomer/projects/ares/results/models/convnext_small_l2trades_2_init1/model_best.pth.tar,trades,l2,1,l2,8.0,8.0,10,1.6,77.12,93.294,12.216,34.396,1.0492546143341064,6.935398758544922,state_dict_ema,/groups/golan_neurogroup/bml_group/tomerash/advmodels/results/models/convnext_small_l2trades_2_init1/pgd_eval/pgd_validation_results.csv,convnext_small_l2trades_2_init1,,,convnext_small_l2trades_2_init1,False,trades,l2,l2,1,2.0,l2,2.0,8.0,convnext_small_l2trades_2_init1,l2,eps=2 init 1,trades
2026-03-25T10:39:53,model_best,/home/ashtomer/projects/ares/results/models/convnext_small_l2trades_2_init1/model_best.pth.tar,trades,l2,1,l2,16.0,16.0,10,3.2,77.12,93.294,1.516,4.276,1.0492546143341064,14.055188380126951,state_dict_ema,/groups/golan_neurogroup/bml_group/tomerash/advmodels/results/models/convnext_small_l2trades_2_init1/pgd_eval/pgd_validation_results.csv,convnext_small_l2trades_2_init1,,,convnext_small_l2trades_2_init1,False,trades,l2,l2,1,2.0,l2,2.0,16.0,convnext_small_l2trades_2_init1,l2,eps=2 init 1,trades
2026-03-25T14:38:15,model_best,/home/ashtomer/projects/ares/results/models/convnext_small_l2trades_2_init1/model_best.pth.tar,trades,l2,1,l1,1.0,127.5,10,25.5,77.12,93.294,54.05,82.14,1.0492546143341064,2.0652316200256347,state_dict_ema,/groups/golan_neurogroup/bml_group/tomerash/advmodels/results/models/convnext_small_l2trades_2_init1/pgd_eval/pgd_validation_results.csv,convnext_small_l2trades_2_init1,,,convnext_small_l2trades_2_init1,False,trades,l2,l2,1,2.0,l2,2.0,127.5,convnext_small_l2trades_2_init1,l1,eps=2 init 1,trades
2026-03-25T16:37:14,model_best,/home/ashtomer/projects/ares/results/models/convnext_small_l2trades_2_init1/model_best.pth.tar,trades,l2,1,l1,2.0,255.0,10,51.0,77.12,93.294,47.246,77.698,1.0492546143341064,2.4305605909729,state_dict_ema,/groups/golan_neurogroup/bml_group/tomerash/advmodels/results/models/convnext_small_l2trades_2_init1/pgd_eval/pgd_validation_results.csv,convnext_small_l2trades_2_init1,,,convnext_small_l2trades_2_init1,False,trades,l2,l2,1,2.0,l2,2.0,255.0,convnext_small_l2trades_2_init1,l1,eps=2 init 1,trades
2026-03-25T18:36:31,model_best,/home/ashtomer/projects/ares/results/models/convnext_small_l2trades_2_init1/model_best.pth.tar,trades,l2,1,l1,4.0,510.0,10,102.0,77.12,93.294,44.102,75.546,1.0492546143341064,2.622826618347168,state_dict_ema,/groups/golan_neurogroup/bml_group/tomerash/advmodels/results/models/convnext_small_l2trades_2_init1/pgd_eval/pgd_validation_results.csv,convnext_small_l2trades_2_init1,,,convnext_small_l2trades_2_init1,False,trades,l2,l2,1,2.0,l2,2.0,510.0,convnext_small_l2trades_2_init1,l1,eps=2 init 1,trades
2026-03-25T20:36:30,model_best,/home/ashtomer/projects/ares/results/models/convnext_small_l2trades_2_init1/model_best.pth.tar,trades,l2,1,l1,8.0,1020.0,10,204.0,77.12,93.294,41.658,73.612,1.0492546143341064,2.752498935394287,state_dict_ema,/groups/golan_neurogroup/bml_group/tomerash/advmodels/results/models/convnext_small_l2trades_2_init1/pgd_eval/pgd_validation_results.csv,convnext_small_l2trades_2_init1,,,convnext_small_l2trades_2_init1,False,trades,l2,l2,1,2.0,l2,2.0,1020.0,convnext_small_l2trades_2_init1,l1,eps=2 init 1,trades
2026-03-25T22:37:53,model_best,/home/ashtomer/projects/ares/results/models/convnext_small_l2trades_2_init1/model_best.pth.tar,trades,l2,1,l1,16.0,2040.0,10,408.0,77.12,93.294,40.986,72.996,1.0492546143341064,2.80081611907959,state_dict_ema,/groups/golan_neurogroup/bml_group/tomerash/advmodels/results/models/convnext_small_l2trades_2_init1/pgd_eval/pgd_validation_results.csv,convnext_small_l2trades_2_init1,,,convnext_small_l2trades_2_init1,False,trades,l2,l2,1,2.0,l2,2.0,2040.0,convnext_small_l2trades_2_init1,l1,eps=2 init 1,trades
2026-03-26T02:28:34,model_best,/home/ashtomer/projects/ares/results/models/convnext_small_l2trades_2_init2/model_best.pth.tar,trades,l2,2,linf,1.0,0.0039215686274509,10,0.0007843137254901,77.346,93.286,67.394,88.982,1.038699496612549,1.4493071669006348,state_dict_ema,/groups/golan_neurogroup/bml_group/tomerash/advmodels/results/models/convnext_small_l2trades_2_init2/pgd_eval/pgd_validation_results.csv,convnext_small_l2trades_2_init2,,,convnext_small_l2trades_2_init2,False,trades,l2,l2,2,2.0,l2,2.0,0.00392156862745098,convnext_small_l2trades_2_init2,linf,eps=2 init 2,trades
2026-03-26T04:27:13,model_best,/home/ashtomer/projects/ares/results/models/convnext_small_l2trades_2_init2/model_best.pth.tar,trades,l2,2,linf,2.0,0.0078431372549019,10,0.0015686274509803,77.346,93.286,56.996,83.61,1.038699496612549,1.923397839126587,state_dict_ema,/groups/golan_neurogroup/bml_group/tomerash/advmodels/results/models/convnext_small_l2trades_2_init2/pgd_eval/pgd_validation_results.csv,convnext_small_l2trades_2_init2,,,convnext_small_l2trades_2_init2,False,trades,l2,l2,2,2.0,l2,2.0,0.00784313725490196,convnext_small_l2trades_2_init2,linf,eps=2 init 2,trades
2026-03-26T06:25:44,model_best,/home/ashtomer/projects/ares/results/models/convnext_small_l2trades_2_init2/model_best.pth.tar,trades,l2,2,linf,4.0,0.0156862745098039,10,0.0031372549019607,77.346,93.286,36.138,68.64,1.038699496612549,3.196815481414795,state_dict_ema,/groups/golan_neurogroup/bml_group/tomerash/advmodels/results/models/convnext_small_l2trades_2_init2/pgd_eval/pgd_validation_results.csv,convnext_small_l2trades_2_init2,,,convnext_small_l2trades_2_init2,False,trades,l2,l2,2,2.0,l2,2.0,0.01568627450980392,convnext_small_l2trades_2_init2,linf,eps=2 init 2,trades
2026-03-26T08:24:19,model_best,/home/ashtomer/projects/ares/results/models/convnext_small_l2trades_2_init2/model_best.pth.tar,trades,l2,2,linf,8.0,0.0313725490196078,10,0.0062745098039215,77.346,93.286,13.224,36.5,1.038699496612549,6.564389261169434,state_dict_ema,/groups/golan_neurogroup/bml_group/tomerash/advmodels/results/models/convnext_small_l2trades_2_init2/pgd_eval/pgd_validation_results.csv,convnext_small_l2trades_2_init2,,,convnext_small_l2trades_2_init2,False,trades,l2,l2,2,2.0,l2,2.0,0.03137254901960784,convnext_small_l2trades_2_init2,linf,eps=2 init 2,trades
2026-03-26T10:22:56,model_best,/home/ashtomer/projects/ares/results/models/convnext_small_l2trades_2_init2/model_best.pth.tar,trades,l2,2,linf,16.0,0.0627450980392156,10,0.0125490196078431,77.346,93.286,1.658,4.762,1.038699496612549,13.17389956237793,state_dict_ema,/groups/golan_neurogroup/bml_group/tomerash/advmodels/results/models/convnext_small_l2trades_2_init2/pgd_eval/pgd_validation_results.csv,convnext_small_l2trades_2_init2,,,convnext_small_l2trades_2_init2,False,trades,l2,l2,2,2.0,l2,2.0,0.06274509803921569,convnext_small_l2trades_2_init2,linf,eps=2 init 2,trades
2026-03-26T14:20:04,model_best,/home/ashtomer/projects/ares/results/models/convnext_small_l2trades_2_init2/model_best.pth.tar,trades,l2,2,l2,1.0,1.0,10,0.2,77.346,93.286,66.628,88.556,1.038699496612549,1.476071954345703,state_dict_ema,/groups/golan_neurogroup/bml_group/tomerash/advmodels/results/models/convnext_small_l2trades_2_init2/pgd_eval/pgd_validation_results.csv,convnext_small_l2trades_2_init2,,,convnext_small_l2trades_2_init2,False,trades,l2,l2,2,2.0,l2,2.0,1.0,convnext_small_l2trades_2_init2,l2,eps=2 init 2,trades
2026-03-26T16:18:45,model_best,/home/ashtomer/projects/ares/results/models/convnext_small_l2trades_2_init2/model_best.pth.tar,trades,l2,2,l2,2.0,2.0,10,0.4,77.346,93.286,55.316,82.644,1.038699496612549,1.9854107151031493,state_dict_ema,/groups/golan_neurogroup/bml_group/tomerash/advmodels/results/models/convnext_small_l2trades_2_init2/pgd_eval/pgd_validation_results.csv,convnext_small_l2trades_2_init2,,,convnext_small_l2trades_2_init2,False,trades,l2,l2,2,2.0,l2,2.0,2.0,convnext_small_l2trades_2_init2,l2,eps=2 init 2,trades
2026-03-26T18:17:17,model_best,/home/ashtomer/projects/ares/results/models/convnext_small_l2trades_2_init2/model_best.pth.tar,trades,l2,2,l2,4.0,4.0,10,0.8,77.346,93.286,33.528,66.67,1.038699496612549,3.336132752380371,state_dict_ema,/groups/golan_neurogroup/bml_group/tomerash/advmodels/results/models/convnext_small_l2trades_2_init2/pgd_eval/pgd_validation_results.csv,convnext_small_l2trades_2_init2,,,convnext_small_l2trades_2_init2,False,trades,l2,l2,2,2.0,l2,2.0,4.0,convnext_small_l2trades_2_init2,l2,eps=2 init 2,trades
2026-03-26T20:15:40,model_best,/home/ashtomer/projects/ares/results/models/convnext_small_l2trades_2_init2/model_best.pth.tar,trades,l2,2,l2,8.0,8.0,10,1.6,77.346,93.286,11.738,34.27,1.038699496612549,6.825562079467773,state_dict_ema,/groups/golan_neurogroup/bml_group/tomerash/advmodels/results/models/convnext_small_l2trades_2_init2/pgd_eval/pgd_validation_results.csv,convnext_small_l2trades_2_init2,,,convnext_small_l2trades_2_init2,False,trades,l2,l2,2,2.0,l2,2.0,8.0,convnext_small_l2trades_2_init2,l2,eps=2 init 2,trades
2026-03-26T22:14:06,model_best,/home/ashtomer/projects/ares/results/models/convnext_small_l2trades_2_init2/model_best.pth.tar,trades,l2,2,l2,16.0,16.0,10,3.2,77.346,93.286,1.63,4.592,1.038699496612549,13.548496420288084,state_dict_ema,/groups/golan_neurogroup/bml_group/tomerash/advmodels/results/models/convnext_small_l2trades_2_init2/pgd_eval/pgd_validation_results.csv,convnext_small_l2trades_2_init2,,,convnext_small_l2trades_2_init2,False,trades,l2,l2,2,2.0,l2,2.0,16.0,convnext_small_l2trades_2_init2,l2,eps=2 init 2,trades
2026-03-27T03:12:49,model_best,/home/ashtomer/projects/ares/results/models/convnext_small_l2trades_2_init2/model_best.pth.tar,trades,l2,2,l1,1.0,127.5,10,25.5,77.346,93.286,53.35,81.782,1.038699496612549,2.0714062840271,state_dict_ema,/groups/golan_neurogroup/bml_group/tomerash/advmodels/results/models/convnext_small_l2trades_2_init2/pgd_eval/pgd_validation_results.csv,convnext_small_l2trades_2_init2,,,convnext_small_l2trades_2_init2,False,trades,l2,l2,2,2.0,l2,2.0,127.5,convnext_small_l2trades_2_init2,l1,eps=2 init 2,trades
2026-03-27T05:12:26,model_best,/home/ashtomer/projects/ares/results/models/convnext_small_l2trades_2_init2/model_best.pth.tar,trades,l2,2,l1,2.0,255.0,10,51.0,77.346,93.286,46.042,77.164,1.038699496612549,2.4614229454040526,state_dict_ema,/groups/golan_neurogroup/bml_group/tomerash/advmodels/results/models/convnext_small_l2trades_2_init2/pgd_eval/pgd_validation_results.csv,convnext_small_l2trades_2_init2,,,convnext_small_l2trades_2_init2,False,trades,l2,l2,2,2.0,l2,2.0,255.0,convnext_small_l2trades_2_init2,l1,eps=2 init 2,trades
2026-03-27T07:11:57,model_best,/home/ashtomer/projects/ares/results/models/convnext_small_l2trades_2_init2/model_best.pth.tar,trades,l2,2,l1,4.0,510.0,10,102.0,77.346,93.286,43.216,75.074,1.038699496612549,2.632346282043457,state_dict_ema,/groups/golan_neurogroup/bml_group/tomerash/advmodels/results/models/convnext_small_l2trades_2_init2/pgd_eval/pgd_validation_results.csv,convnext_small_l2trades_2_init2,,,convnext_small_l2trades_2_init2,False,trades,l2,l2,2,2.0,l2,2.0,510.0,convnext_small_l2trades_2_init2,l1,eps=2 init 2,trades
2026-03-27T09:11:17,model_best,/home/ashtomer/projects/ares/results/models/convnext_small_l2trades_2_init2/model_best.pth.tar,trades,l2,2,l1,8.0,1020.0,10,204.0,77.346,93.286,40.684,73.438,1.038699496612549,2.7626257969665526,state_dict_ema,/groups/golan_neurogroup/bml_group/tomerash/advmodels/results/models/convnext_small_l2trades_2_init2/pgd_eval/pgd_validation_results.csv,convnext_small_l2trades_2_init2,,,convnext_small_l2trades_2_init2,False,trades,l2,l2,2,2.0,l2,2.0,1020.0,convnext_small_l2trades_2_init2,l1,eps=2 init 2,trades
2026-03-27T11:10:36,model_best,/home/ashtomer/projects/ares/results/models/convnext_small_l2trades_2_init2/model_best.pth.tar,trades,l2,2,l1,16.0,2040.0,10,408.0,77.346,93.286,39.966,72.714,1.038699496612549,2.807543967895508,state_dict_ema,/groups/golan_neurogroup/bml_group/tomerash/advmodels/results/models/convnext_small_l2trades_2_init2/pgd_eval/pgd_validation_results.csv,convnext_small_l2trades_2_init2,,,convnext_small_l2trades_2_init2,False,trades,l2,l2,2,2.0,l2,2.0,2040.0,convnext_small_l2trades_2_init2,l1,eps=2 init 2,trades
2026-03-26T02:40:20,model_best,/home/ashtomer/projects/ares/results/models/convnext_small_l2trades_4_init1/model_best.pth.tar,trades,l2,1,linf,1.0,0.0039215686274509,10,0.0007843137254901,76.488,92.832,66.956,88.484,1.0978559913635253,1.4927085208129882,state_dict_ema,/groups/golan_neurogroup/bml_group/tomerash/advmodels/results/models/convnext_small_l2trades_4_init1/pgd_eval/pgd_validation_results.csv,convnext_small_l2trades_4_init1,,,convnext_small_l2trades_4_init1,False,trades,l2,l2,1,4.0,l2,4.0,0.00392156862745098,convnext_small_l2trades_4_init1,linf,eps=4 init 1,trades
2026-03-26T04:40:05,model_best,/home/ashtomer/projects/ares/results/models/convnext_small_l2trades_4_init1/model_best.pth.tar,trades,l2,1,linf,2.0,0.0078431372549019,10,0.0015686274509803,76.488,92.832,57.634,83.422,1.0978559913635253,1.9015697514343264,state_dict_ema,/groups/golan_neurogroup/bml_group/tomerash/advmodels/results/models/convnext_small_l2trades_4_init1/pgd_eval/pgd_validation_results.csv,convnext_small_l2trades_4_init1,,,convnext_small_l2trades_4_init1,False,trades,l2,l2,1,4.0,l2,4.0,0.00784313725490196,convnext_small_l2trades_4_init1,linf,eps=4 init 1,trades
2026-03-26T06:38:30,model_best,/home/ashtomer/projects/ares/results/models/convnext_small_l2trades_4_init1/model_best.pth.tar,trades,l2,1,linf,4.0,0.0156862745098039,10,0.0031372549019607,76.488,92.832,38.302,69.93,1.0978559913635253,2.968845344543457,state_dict_ema,/groups/golan_neurogroup/bml_group/tomerash/advmodels/results/models/convnext_small_l2trades_4_init1/pgd_eval/pgd_validation_results.csv,convnext_small_l2trades_4_init1,,,convnext_small_l2trades_4_init1,False,trades,l2,l2,1,4.0,l2,4.0,0.01568627450980392,convnext_small_l2trades_4_init1,linf,eps=4 init 1,trades
2026-03-26T08:36:50,model_best,/home/ashtomer/projects/ares/results/models/convnext_small_l2trades_4_init1/model_best.pth.tar,trades,l2,1,linf,8.0,0.0313725490196078,10,0.0062745098039215,76.488,92.832,14.72,39.616,1.0978559913635253,5.796053840026856,state_dict_ema,/groups/golan_neurogroup/bml_group/tomerash/advmodels/results/models/convnext_small_l2trades_4_init1/pgd_eval/pgd_validation_results.csv,convnext_small_l2trades_4_init1,,,convnext_small_l2trades_4_init1,False,trades,l2,l2,1,4.0,l2,4.0,0.03137254901960784,convnext_small_l2trades_4_init1,linf,eps=4 init 1,trades
2026-03-26T10:34:53,model_best,/home/ashtomer/projects/ares/results/models/convnext_small_l2trades_4_init1/model_best.pth.tar,trades,l2,1,linf,16.0,0.0627450980392156,10,0.0125490196078431,76.488,92.832,2.24,7.11,1.0978559913635253,11.825884394226074,state_dict_ema,/groups/golan_neurogroup/bml_group/tomerash/advmodels/results/models/convnext_small_l2trades_4_init1/pgd_eval/pgd_validation_results.csv,convnext_small_l2trades_4_init1,,,convnext_small_l2trades_4_init1,False,trades,l2,l2,1,4.0,l2,4.0,0.06274509803921569,convnext_small_l2trades_4_init1,linf,eps=4 init 1,trades
2026-03-26T14:29:46,model_best,/home/ashtomer/projects/ares/results/models/convnext_small_l2trades_4_init1/model_best.pth.tar,trades,l2,1,l2,1.0,1.0,10,0.2,76.488,92.832,66.506,88.236,1.0978559913635253,1.5124085421752929,state_dict_ema,/groups/golan_neurogroup/bml_group/tomerash/advmodels/results/models/convnext_small_l2trades_4_init1/pgd_eval/pgd_validation_results.csv,convnext_small_l2trades_4_init1,,,convnext_small_l2trades_4_init1,False,trades,l2,l2,1,4.0,l2,4.0,1.0,convnext_small_l2trades_4_init1,l2,eps=4 init 1,trades
2026-03-26T16:26:45,model_best,/home/ashtomer/projects/ares/results/models/convnext_small_l2trades_4_init1/model_best.pth.tar,trades,l2,1,l2,2.0,2.0,10,0.4,76.488,92.832,56.352,82.642,1.0978559913635253,1.94715727722168,state_dict_ema,/groups/golan_neurogroup/bml_group/tomerash/advmodels/results/models/convnext_small_l2trades_4_init1/pgd_eval/pgd_validation_results.csv,convnext_small_l2trades_4_init1,,,convnext_small_l2trades_4_init1,False,trades,l2,l2,1,4.0,l2,4.0,2.0,convnext_small_l2trades_4_init1,l2,eps=4 init 1,trades
2026-03-26T18:23:52,model_best,/home/ashtomer/projects/ares/results/models/convnext_small_l2trades_4_init1/model_best.pth.tar,trades,l2,1,l2,4.0,4.0,10,0.8,76.488,92.832,35.788,67.974,1.0978559913635253,3.0801448947143557,state_dict_ema,/groups/golan_neurogroup/bml_group/tomerash/advmodels/results/models/convnext_small_l2trades_4_init1/pgd_eval/pgd_validation_results.csv,convnext_small_l2trades_4_init1,,,convnext_small_l2trades_4_init1,False,trades,l2,l2,1,4.0,l2,4.0,4.0,convnext_small_l2trades_4_init1,l2,eps=4 init 1,trades
2026-03-26T20:21:01,model_best,/home/ashtomer/projects/ares/results/models/convnext_small_l2trades_4_init1/model_best.pth.tar,trades,l2,1,l2,8.0,8.0,10,1.6,76.488,92.832,12.798,37.714,1.0978559913635253,5.984685877380371,state_dict_ema,/groups/golan_neurogroup/bml_group/tomerash/advmodels/results/models/convnext_small_l2trades_4_init1/pgd_eval/pgd_validation_results.csv,convnext_small_l2trades_4_init1,,,convnext_small_l2trades_4_init1,False,trades,l2,l2,1,4.0,l2,4.0,8.0,convnext_small_l2trades_4_init1,l2,eps=4 init 1,trades
2026-03-26T22:18:21,model_best,/home/ashtomer/projects/ares/results/models/convnext_small_l2trades_4_init1/model_best.pth.tar,trades,l2,1,l2,16.0,16.0,10,3.2,76.488,92.832,1.89,6.318,1.0978559913635253,12.169547805175782,state_dict_ema,/groups/golan_neurogroup/bml_group/tomerash/advmodels/results/models/convnext_small_l2trades_4_init1/pgd_eval/pgd_validation_results.csv,convnext_small_l2trades_4_init1,,,convnext_small_l2trades_4_init1,False,trades,l2,l2,1,4.0,l2,4.0,16.0,convnext_small_l2trades_4_init1,l2,eps=4 init 1,trades
2026-03-27T03:14:25,model_best,/home/ashtomer/projects/ares/results/models/convnext_small_l2trades_4_init1/model_best.pth.tar,trades,l2,1,l1,1.0,127.5,10,25.5,76.488,92.832,53.072,81.072,1.0978559913635253,2.0982626762390137,state_dict_ema,/groups/golan_neurogroup/bml_group/tomerash/advmodels/results/models/convnext_small_l2trades_4_init1/pgd_eval/pgd_validation_results.csv,convnext_small_l2trades_4_init1,,,convnext_small_l2trades_4_init1,False,trades,l2,l2,1,4.0,l2,4.0,127.5,convnext_small_l2trades_4_init1,l1,eps=4 init 1,trades
2026-03-27T05:12:06,model_best,/home/ashtomer/projects/ares/results/models/convnext_small_l2trades_4_init1/model_best.pth.tar,trades,l2,1,l1,2.0,255.0,10,51.0,76.488,92.832,46.5,76.8,1.0978559913635253,2.4331641886901854,state_dict_ema,/groups/golan_neurogroup/bml_group/tomerash/advmodels/results/models/convnext_small_l2trades_4_init1/pgd_eval/pgd_validation_results.csv,convnext_small_l2trades_4_init1,,,convnext_small_l2trades_4_init1,False,trades,l2,l2,1,4.0,l2,4.0,255.0,convnext_small_l2trades_4_init1,l1,eps=4 init 1,trades
2026-03-27T07:10:20,model_best,/home/ashtomer/projects/ares/results/models/convnext_small_l2trades_4_init1/model_best.pth.tar,trades,l2,1,l1,4.0,510.0,10,102.0,76.488,92.832,43.624,74.79,1.0978559913635253,2.590482526550293,state_dict_ema,/groups/golan_neurogroup/bml_group/tomerash/advmodels/results/models/convnext_small_l2trades_4_init1/pgd_eval/pgd_validation_results.csv,convnext_small_l2trades_4_init1,,,convnext_small_l2trades_4_init1,False,trades,l2,l2,1,4.0,l2,4.0,510.0,convnext_small_l2trades_4_init1,l1,eps=4 init 1,trades
2026-03-27T09:09:19,model_best,/home/ashtomer/projects/ares/results/models/convnext_small_l2trades_4_init1/model_best.pth.tar,trades,l2,1,l1,8.0,1020.0,10,204.0,76.488,92.832,43.26,74.39,1.0978559913635253,2.6161143167114256,state_dict_ema,/groups/golan_neurogroup/bml_group/tomerash/advmodels/results/models/convnext_small_l2trades_4_init1/pgd_eval/pgd_validation_results.csv,convnext_small_l2trades_4_init1,,,convnext_small_l2trades_4_init1,False,trades,l2,l2,1,4.0,l2,4.0,1020.0,convnext_small_l2trades_4_init1,l1,eps=4 init 1,trades
2026-03-27T11:08:34,model_best,/home/ashtomer/projects/ares/results/models/convnext_small_l2trades_4_init1/model_best.pth.tar,trades,l2,1,l1,16.0,2040.0,10,408.0,76.488,92.832,43.002,74.098,1.0978559913635253,2.6438171348571777,state_dict_ema,/groups/golan_neurogroup/bml_group/tomerash/advmodels/results/models/convnext_small_l2trades_4_init1/pgd_eval/pgd_validation_results.csv,convnext_small_l2trades_4_init1,,,convnext_small_l2trades_4_init1,False,trades,l2,l2,1,4.0,l2,4.0,2040.0,convnext_small_l2trades_4_init1,l1,eps=4 init 1,trades
2026-03-26T04:05:23,model_best,/home/ashtomer/projects/ares/results/models/convnext_small_l2trades_4_init2/model_best.pth.tar,trades,l2,2,linf,1.0,0.0039215686274509,10,0.0007843137254901,76.316,92.84,66.732,88.428,1.1045715354156491,1.4969414861297607,state_dict_ema,/groups/golan_neurogroup/bml_group/tomerash/advmodels/results/models/convnext_small_l2trades_4_init2/pgd_eval/pgd_validation_results.csv,convnext_small_l2trades_4_init2,,,convnext_small_l2trades_4_init2,False,trades,l2,l2,2,4.0,l2,4.0,0.00392156862745098,convnext_small_l2trades_4_init2,linf,eps=4 init 2,trades
2026-03-26T06:05:33,model_best,/home/ashtomer/projects/ares/results/models/convnext_small_l2trades_4_init2/model_best.pth.tar,trades,l2,2,linf,2.0,0.0078431372549019,10,0.0015686274509803,76.316,92.84,57.376,83.326,1.1045715354156491,1.9091382228088376,state_dict_ema,/groups/golan_neurogroup/bml_group/tomerash/advmodels/results/models/convnext_small_l2trades_4_init2/pgd_eval/pgd_validation_results.csv,convnext_small_l2trades_4_init2,,,convnext_small_l2trades_4_init2,False,trades,l2,l2,2,4.0,l2,4.0,0.00784313725490196,convnext_small_l2trades_4_init2,linf,eps=4 init 2,trades
2026-03-26T08:05:20,model_best,/home/ashtomer/projects/ares/results/models/convnext_small_l2trades_4_init2/model_best.pth.tar,trades,l2,2,linf,4.0,0.0156862745098039,10,0.0031372549019607,76.316,92.84,38.278,69.826,1.1045715354156491,2.9791594717407226,state_dict_ema,/groups/golan_neurogroup/bml_group/tomerash/advmodels/results/models/convnext_small_l2trades_4_init2/pgd_eval/pgd_validation_results.csv,convnext_small_l2trades_4_init2,,,convnext_small_l2trades_4_init2,False,trades,l2,l2,2,4.0,l2,4.0,0.01568627450980392,convnext_small_l2trades_4_init2,linf,eps=4 init 2,trades
2026-03-26T10:04:32,model_best,/home/ashtomer/projects/ares/results/models/convnext_small_l2trades_4_init2/model_best.pth.tar,trades,l2,2,linf,8.0,0.0313725490196078,10,0.0062745098039215,76.316,92.84,14.798,39.916,1.1045715354156491,5.781084717407227,state_dict_ema,/groups/golan_neurogroup/bml_group/tomerash/advmodels/results/models/convnext_small_l2trades_4_init2/pgd_eval/pgd_validation_results.csv,convnext_small_l2trades_4_init2,,,convnext_small_l2trades_4_init2,False,trades,l2,l2,2,4.0,l2,4.0,0.03137254901960784,convnext_small_l2trades_4_init2,linf,eps=4 init 2,trades
2026-03-26T12:03:53,model_best,/home/ashtomer/projects/ares/results/models/convnext_small_l2trades_4_init2/model_best.pth.tar,trades,l2,2,linf,16.0,0.0627450980392156,10,0.0125490196078431,76.316,92.84,2.302,7.186,1.1045715354156491,11.75591826171875,state_dict_ema,/groups/golan_neurogroup/bml_group/tomerash/advmodels/results/models/convnext_small_l2trades_4_init2/pgd_eval/pgd_validation_results.csv,convnext_small_l2trades_4_init2,,,convnext_small_l2trades_4_init2,False,trades,l2,l2,2,4.0,l2,4.0,0.06274509803921569,convnext_small_l2trades_4_init2,linf,eps=4 init 2,trades
2026-03-26T16:04:06,model_best,/home/ashtomer/projects/ares/results/models/convnext_small_l2trades_4_init2/model_best.pth.tar,trades,l2,2,l2,1.0,1.0,10,0.2,76.316,92.84,66.174,88.038,1.1045715354156491,1.5162723446655273,state_dict_ema,/groups/golan_neurogroup/bml_group/tomerash/advmodels/results/models/convnext_small_l2trades_4_init2/pgd_eval/pgd_validation_results.csv,convnext_small_l2trades_4_init2,,,convnext_small_l2trades_4_init2,False,trades,l2,l2,2,4.0,l2,4.0,1.0,convnext_small_l2trades_4_init2,l2,eps=4 init 2,trades
2026-03-26T18:04:22,model_best,/home/ashtomer/projects/ares/results/models/convnext_small_l2trades_4_init2/model_best.pth.tar,trades,l2,2,l2,2.0,2.0,10,0.4,76.316,92.84,56.226,82.542,1.1045715354156491,1.9523744452667235,state_dict_ema,/groups/golan_neurogroup/bml_group/tomerash/advmodels/results/models/convnext_small_l2trades_4_init2/pgd_eval/pgd_validation_results.csv,convnext_small_l2trades_4_init2,,,convnext_small_l2trades_4_init2,False,trades,l2,l2,2,4.0,l2,4.0,2.0,convnext_small_l2trades_4_init2,l2,eps=4 init 2,trades
2026-03-26T20:05:00,model_best,/home/ashtomer/projects/ares/results/models/convnext_small_l2trades_4_init2/model_best.pth.tar,trades,l2,2,l2,4.0,4.0,10,0.8,76.316,92.84,35.934,67.94,1.1045715354156491,3.0823524351501463,state_dict_ema,/groups/golan_neurogroup/bml_group/tomerash/advmodels/results/models/convnext_small_l2trades_4_init2/pgd_eval/pgd_validation_results.csv,convnext_small_l2trades_4_init2,,,convnext_small_l2trades_4_init2,False,trades,l2,l2,2,4.0,l2,4.0,4.0,convnext_small_l2trades_4_init2,l2,eps=4 init 2,trades
2026-03-26T22:05:33,model_best,/home/ashtomer/projects/ares/results/models/convnext_small_l2trades_4_init2/model_best.pth.tar,trades,l2,2,l2,8.0,8.0,10,1.6,76.316,92.84,12.86,37.842,1.1045715354156491,5.968106722412109,state_dict_ema,/groups/golan_neurogroup/bml_group/tomerash/advmodels/results/models/convnext_small_l2trades_4_init2/pgd_eval/pgd_validation_results.csv,convnext_small_l2trades_4_init2,,,convnext_small_l2trades_4_init2,False,trades,l2,l2,2,4.0,l2,4.0,8.0,convnext_small_l2trades_4_init2,l2,eps=4 init 2,trades
2026-03-27T00:05:55,model_best,/home/ashtomer/projects/ares/results/models/convnext_small_l2trades_4_init2/model_best.pth.tar,trades,l2,2,l2,16.0,16.0,10,3.2,76.316,92.84,1.942,6.444,1.1045715354156491,12.090757119750975,state_dict_ema,/groups/golan_neurogroup/bml_group/tomerash/advmodels/results/models/convnext_small_l2trades_4_init2/pgd_eval/pgd_validation_results.csv,convnext_small_l2trades_4_init2,,,convnext_small_l2trades_4_init2,False,trades,l2,l2,2,4.0,l2,4.0,16.0,convnext_small_l2trades_4_init2,l2,eps=4 init 2,trades
2026-03-27T05:08:20,model_best,/home/ashtomer/projects/ares/results/models/convnext_small_l2trades_4_init2/model_best.pth.tar,trades,l2,2,l1,1.0,127.5,10,25.5,76.316,92.84,52.728,80.786,1.1045715354156491,2.115624303436279,state_dict_ema,/groups/golan_neurogroup/bml_group/tomerash/advmodels/results/models/convnext_small_l2trades_4_init2/pgd_eval/pgd_validation_results.csv,convnext_small_l2trades_4_init2,,,convnext_small_l2trades_4_init2,False,trades,l2,l2,2,4.0,l2,4.0,127.5,convnext_small_l2trades_4_init2,l1,eps=4 init 2,trades
2026-03-27T07:09:07,model_best,/home/ashtomer/projects/ares/results/models/convnext_small_l2trades_4_init2/model_best.pth.tar,trades,l2,2,l1,2.0,255.0,10,51.0,76.316,92.84,46.056,76.684,1.1045715354156491,2.455363592834473,state_dict_ema,/groups/golan_neurogroup/bml_group/tomerash/advmodels/results/models/convnext_small_l2trades_4_init2/pgd_eval/pgd_validation_results.csv,convnext_small_l2trades_4_init2,,,convnext_small_l2trades_4_init2,False,trades,l2,l2,2,4.0,l2,4.0,255.0,convnext_small_l2trades_4_init2,l1,eps=4 init 2,trades
2026-03-27T09:09:26,model_best,/home/ashtomer/projects/ares/results/models/convnext_small_l2trades_4_init2/model_best.pth.tar,trades,l2,2,l1,4.0,510.0,10,102.0,76.316,92.84,43.436,74.832,1.1045715354156491,2.5924678715515137,state_dict_ema,/groups/golan_neurogroup/bml_group/tomerash/advmodels/results/models/convnext_small_l2trades_4_init2/pgd_eval/pgd_validation_results.csv,convnext_small_l2trades_4_init2,,,convnext_small_l2trades_4_init2,False,trades,l2,l2,2,4.0,l2,4.0,510.0,convnext_small_l2trades_4_init2,l1,eps=4 init 2,trades
2026-03-27T11:09:22,model_best,/home/ashtomer/projects/ares/results/models/convnext_small_l2trades_4_init2/model_best.pth.tar,trades,l2,2,l1,8.0,1020.0,10,204.0,76.316,92.84,42.76,74.18,1.1045715354156491,2.6366808839416502,state_dict_ema,/groups/golan_neurogroup/bml_group/tomerash/advmodels/results/models/convnext_small_l2trades_4_init2/pgd_eval/pgd_validation_results.csv,convnext_small_l2trades_4_init2,,,convnext_small_l2trades_4_init2,False,trades,l2,l2,2,4.0,l2,4.0,1020.0,convnext_small_l2trades_4_init2,l1,eps=4 init 2,trades
2026-03-27T13:09:35,model_best,/home/ashtomer/projects/ares/results/models/convnext_small_l2trades_4_init2/model_best.pth.tar,trades,l2,2,l1,16.0,2040.0,10,408.0,76.316,92.84,41.81,73.484,1.1045715354156491,2.683335051879882,state_dict_ema,/groups/golan_neurogroup/bml_group/tomerash/advmodels/results/models/convnext_small_l2trades_4_init2/pgd_eval/pgd_validation_results.csv,convnext_small_l2trades_4_init2,,,convnext_small_l2trades_4_init2,False,trades,l2,l2,2,4.0,l2,4.0,2040.0,convnext_small_l2trades_4_init2,l1,eps=4 init 2,trades
2026-03-27T15:15:46,model_best,/home/ashtomer/projects/ares/results/models/convnext_small_l2trades_8_init1/model_best.pth.tar,trades,l2,1,linf,1.0,0.0039215686274509,10,0.0007843137254901,75.38,92.352,60.242,83.87,1.2252126288604737,1.9133677919006349,state_dict_ema,/groups/golan_neurogroup/bml_group/tomerash/advmodels/results/models/convnext_small_l2trades_8_init1/pgd_eval/pgd_validation_results.csv,convnext_small_l2trades_8_init1,,,convnext_small_l2trades_8_init1,False,trades,l2,l2,1,8.0,l2,8.0,0.00392156862745098,convnext_small_l2trades_8_init1,linf,eps=8 init 1,trades
2026-03-27T17:18:37,model_best,/home/ashtomer/projects/ares/results/models/convnext_small_l2trades_8_init1/model_best.pth.tar,trades,l2,1,linf,2.0,0.0078431372549019,10,0.0015686274509803,75.38,92.352,47.624,74.734,1.2252126288604737,2.6256539447021483,state_dict_ema,/groups/golan_neurogroup/bml_group/tomerash/advmodels/results/models/convnext_small_l2trades_8_init1/pgd_eval/pgd_validation_results.csv,convnext_small_l2trades_8_init1,,,convnext_small_l2trades_8_init1,False,trades,l2,l2,1,8.0,l2,8.0,0.00784313725490196,convnext_small_l2trades_8_init1,linf,eps=8 init 1,trades
2026-03-27T19:21:35,model_best,/home/ashtomer/projects/ares/results/models/convnext_small_l2trades_8_init1/model_best.pth.tar,trades,l2,1,linf,4.0,0.0156862745098039,10,0.0031372549019607,75.38,92.352,29.188,57.594,1.2252126288604737,4.037580797424316,state_dict_ema,/groups/golan_neurogroup/bml_group/tomerash/advmodels/results/models/convnext_small_l2trades_8_init1/pgd_eval/pgd_validation_results.csv,convnext_small_l2trades_8_init1,,,convnext_small_l2trades_8_init1,False,trades,l2,l2,1,8.0,l2,8.0,0.01568627450980392,convnext_small_l2trades_8_init1,linf,eps=8 init 1,trades
2026-03-27T21:24:44,model_best,/home/ashtomer/projects/ares/results/models/convnext_small_l2trades_8_init1/model_best.pth.tar,trades,l2,1,linf,8.0,0.0313725490196078,10,0.0062745098039215,75.38,92.352,12.66,34.338,1.2252126288604737,6.278897141113282,state_dict_ema,/groups/golan_neurogroup/bml_group/tomerash/advmodels/results/models/convnext_small_l2trades_8_init1/pgd_eval/pgd_validation_results.csv,convnext_small_l2trades_8_init1,,,convnext_small_l2trades_8_init1,False,trades,l2,l2,1,8.0,l2,8.0,0.03137254901960784,convnext_small_l2trades_8_init1,linf,eps=8 init 1,trades
2026-03-27T23:28:06,model_best,/home/ashtomer/projects/ares/results/models/convnext_small_l2trades_8_init1/model_best.pth.tar,trades,l2,1,linf,16.0,0.0627450980392156,10,0.0125490196078431,75.38,92.352,3.146,10.228,1.2252126288604737,9.918815331726076,state_dict_ema,/groups/golan_neurogroup/bml_group/tomerash/advmodels/results/models/convnext_small_l2trades_8_init1/pgd_eval/pgd_validation_results.csv,convnext_small_l2trades_8_init1,,,convnext_small_l2trades_8_init1,False,trades,l2,l2,1,8.0,l2,8.0,0.06274509803921569,convnext_small_l2trades_8_init1,linf,eps=8 init 1,trades
2026-03-28T03:33:33,model_best,/home/ashtomer/projects/ares/results/models/convnext_small_l2trades_8_init1/model_best.pth.tar,trades,l2,1,l2,1.0,1.0,10,0.2,75.38,92.352,60.582,83.996,1.2252126288604737,1.8896858834075927,state_dict_ema,/groups/golan_neurogroup/bml_group/tomerash/advmodels/results/models/convnext_small_l2trades_8_init1/pgd_eval/pgd_validation_results.csv,convnext_small_l2trades_8_init1,,,convnext_small_l2trades_8_init1,False,trades,l2,l2,1,8.0,l2,8.0,1.0,convnext_small_l2trades_8_init1,l2,eps=8 init 1,trades
2026-03-28T05:36:17,model_best,/home/ashtomer/projects/ares/results/models/convnext_small_l2trades_8_init1/model_best.pth.tar,trades,l2,1,l2,2.0,2.0,10,0.4,75.38,92.352,48.218,75.318,1.2252126288604737,2.557536397705078,state_dict_ema,/groups/golan_neurogroup/bml_group/tomerash/advmodels/results/models/convnext_small_l2trades_8_init1/pgd_eval/pgd_validation_results.csv,convnext_small_l2trades_8_init1,,,convnext_small_l2trades_8_init1,False,trades,l2,l2,1,8.0,l2,8.0,2.0,convnext_small_l2trades_8_init1,l2,eps=8 init 1,trades
2026-03-28T07:38:59,model_best,/home/ashtomer/projects/ares/results/models/convnext_small_l2trades_8_init1/model_best.pth.tar,trades,l2,1,l2,4.0,4.0,10,0.8,75.38,92.352,32.778,61.75,1.2252126288604737,3.574682165222168,state_dict_ema,/groups/golan_neurogroup/bml_group/tomerash/advmodels/results/models/convnext_small_l2trades_8_init1/pgd_eval/pgd_validation_results.csv,convnext_small_l2trades_8_init1,,,convnext_small_l2trades_8_init1,False,trades,l2,l2,1,8.0,l2,8.0,4.0,convnext_small_l2trades_8_init1,l2,eps=8 init 1,trades
2026-03-28T09:41:44,model_best,/home/ashtomer/projects/ares/results/models/convnext_small_l2trades_8_init1/model_best.pth.tar,trades,l2,1,l2,8.0,8.0,10,1.6,75.38,92.352,13.316,36.79,1.2252126288604737,5.719046208801269,state_dict_ema,/groups/golan_neurogroup/bml_group/tomerash/advmodels/results/models/convnext_small_l2trades_8_init1/pgd_eval/pgd_validation_results.csv,convnext_small_l2trades_8_init1,,,convnext_small_l2trades_8_init1,False,trades,l2,l2,1,8.0,l2,8.0,8.0,convnext_small_l2trades_8_init1,l2,eps=8 init 1,trades
2026-03-28T11:44:31,model_best,/home/ashtomer/projects/ares/results/models/convnext_small_l2trades_8_init1/model_best.pth.tar,trades,l2,1,l2,16.0,16.0,10,3.2,75.38,92.352,2.662,9.554,1.2252126288604737,9.960417430419922,state_dict_ema,/groups/golan_neurogroup/bml_group/tomerash/advmodels/results/models/convnext_small_l2trades_8_init1/pgd_eval/pgd_validation_results.csv,convnext_small_l2trades_8_init1,,,convnext_small_l2trades_8_init1,False,trades,l2,l2,1,8.0,l2,8.0,16.0,convnext_small_l2trades_8_init1,l2,eps=8 init 1,trades
2026-03-28T15:52:16,model_best,/home/ashtomer/projects/ares/results/models/convnext_small_l2trades_8_init1/model_best.pth.tar,trades,l2,1,l1,1.0,127.5,10,25.5,75.38,92.352,53.106,80.402,1.2252126288604737,2.176790046310425,state_dict_ema,/groups/golan_neurogroup/bml_group/tomerash/advmodels/results/models/convnext_small_l2trades_8_init1/pgd_eval/pgd_validation_results.csv,convnext_small_l2trades_8_init1,,,convnext_small_l2trades_8_init1,False,trades,l2,l2,1,8.0,l2,8.0,127.5,convnext_small_l2trades_8_init1,l1,eps=8 init 1,trades
2026-03-28T17:56:23,model_best,/home/ashtomer/projects/ares/results/models/convnext_small_l2trades_8_init1/model_best.pth.tar,trades,l2,1,l1,2.0,255.0,10,51.0,75.38,92.352,45.584,75.796,1.2252126288604737,2.5329730726623536,state_dict_ema,/groups/golan_neurogroup/bml_group/tomerash/advmodels/results/models/convnext_small_l2trades_8_init1/pgd_eval/pgd_validation_results.csv,convnext_small_l2trades_8_init1,,,convnext_small_l2trades_8_init1,False,trades,l2,l2,1,8.0,l2,8.0,255.0,convnext_small_l2trades_8_init1,l1,eps=8 init 1,trades
2026-03-28T20:00:36,model_best,/home/ashtomer/projects/ares/results/models/convnext_small_l2trades_8_init1/model_best.pth.tar,trades,l2,1,l1,4.0,510.0,10,102.0,75.38,92.352,42.694,74.168,1.2252126288604737,2.6630227931213377,state_dict_ema,/groups/golan_neurogroup/bml_group/tomerash/advmodels/results/models/convnext_small_l2trades_8_init1/pgd_eval/pgd_validation_results.csv,convnext_small_l2trades_8_init1,,,convnext_small_l2trades_8_init1,False,trades,l2,l2,1,8.0,l2,8.0,510.0,convnext_small_l2trades_8_init1,l1,eps=8 init 1,trades
2026-03-28T22:04:30,model_best,/home/ashtomer/projects/ares/results/models/convnext_small_l2trades_8_init1/model_best.pth.tar,trades,l2,1,l1,8.0,1020.0,10,204.0,75.38,92.352,42.758,74.264,1.2252126288604737,2.655081404571533,state_dict_ema,/groups/golan_neurogroup/bml_group/tomerash/advmodels/results/models/convnext_small_l2trades_8_init1/pgd_eval/pgd_validation_results.csv,convnext_small_l2trades_8_init1,,,convnext_small_l2trades_8_init1,False,trades,l2,l2,1,8.0,l2,8.0,1020.0,convnext_small_l2trades_8_init1,l1,eps=8 init 1,trades
2026-03-29T00:08:39,model_best,/home/ashtomer/projects/ares/results/models/convnext_small_l2trades_8_init1/model_best.pth.tar,trades,l2,1,l1,16.0,2040.0,10,408.0,75.38,92.352,44.234,75.362,1.2252126288604737,2.580242159576416,state_dict_ema,/groups/golan_neurogroup/bml_group/tomerash/advmodels/results/models/convnext_small_l2trades_8_init1/pgd_eval/pgd_validation_results.csv,convnext_small_l2trades_8_init1,,,convnext_small_l2trades_8_init1,False,trades,l2,l2,1,8.0,l2,8.0,2040.0,convnext_small_l2trades_8_init1,l1,eps=8 init 1,trades
2026-03-27T15:23:11,model_best,/home/ashtomer/projects/ares/results/models/convnext_small_l2trades_8_init2/model_best.pth.tar,trades,l2,2,linf,1.0,0.0039215686274509,10,0.0007843137254901,75.468,92.362,60.322,83.874,1.2238935415649417,1.9084480198669436,state_dict_ema,/groups/golan_neurogroup/bml_group/tomerash/advmodels/results/models/convnext_small_l2trades_8_init2/pgd_eval/pgd_validation_results.csv,convnext_small_l2trades_8_init2,,,convnext_small_l2trades_8_init2,False,trades,l2,l2,2,8.0,l2,8.0,0.00392156862745098,convnext_small_l2trades_8_init2,linf,eps=8 init 2,trades
2026-03-27T17:28:39,model_best,/home/ashtomer/projects/ares/results/models/convnext_small_l2trades_8_init2/model_best.pth.tar,trades,l2,2,linf,2.0,0.0078431372549019,10,0.0015686274509803,75.468,92.362,47.622,74.766,1.2238935415649417,2.619930389099121,state_dict_ema,/groups/golan_neurogroup/bml_group/tomerash/advmodels/results/models/convnext_small_l2trades_8_init2/pgd_eval/pgd_validation_results.csv,convnext_small_l2trades_8_init2,,,convnext_small_l2trades_8_init2,False,trades,l2,l2,2,8.0,l2,8.0,0.00784313725490196,convnext_small_l2trades_8_init2,linf,eps=8 init 2,trades
2026-03-27T19:34:07,model_best,/home/ashtomer/projects/ares/results/models/convnext_small_l2trades_8_init2/model_best.pth.tar,trades,l2,2,linf,4.0,0.0156862745098039,10,0.0031372549019607,75.468,92.362,29.17,57.496,1.2238935415649417,4.034780076599121,state_dict_ema,/groups/golan_neurogroup/bml_group/tomerash/advmodels/results/models/convnext_small_l2trades_8_init2/pgd_eval/pgd_validation_results.csv,convnext_small_l2trades_8_init2,,,convnext_small_l2trades_8_init2,False,trades,l2,l2,2,8.0,l2,8.0,0.01568627450980392,convnext_small_l2trades_8_init2,linf,eps=8 init 2,trades
2026-03-27T21:39:53,model_best,/home/ashtomer/projects/ares/results/models/convnext_small_l2trades_8_init2/model_best.pth.tar,trades,l2,2,linf,8.0,0.0313725490196078,10,0.0062745098039215,75.468,92.362,12.546,34.22,1.2238935415649417,6.276190234985352,state_dict_ema,/groups/golan_neurogroup/bml_group/tomerash/advmodels/results/models/convnext_small_l2trades_8_init2/pgd_eval/pgd_validation_results.csv,convnext_small_l2trades_8_init2,,,convnext_small_l2trades_8_init2,False,trades,l2,l2,2,8.0,l2,8.0,0.03137254901960784,convnext_small_l2trades_8_init2,linf,eps=8 init 2,trades
2026-03-27T23:45:18,model_best,/home/ashtomer/projects/ares/results/models/convnext_small_l2trades_8_init2/model_best.pth.tar,trades,l2,2,linf,16.0,0.0627450980392156,10,0.0125490196078431,75.468,92.362,3.05,10.278,1.2238935415649417,9.896362373352051,state_dict_ema,/groups/golan_neurogroup/bml_group/tomerash/advmodels/results/models/convnext_small_l2trades_8_init2/pgd_eval/pgd_validation_results.csv,convnext_small_l2trades_8_init2,,,convnext_small_l2trades_8_init2,False,trades,l2,l2,2,8.0,l2,8.0,0.06274509803921569,convnext_small_l2trades_8_init2,linf,eps=8 init 2,trades
2026-03-28T03:55:53,model_best,/home/ashtomer/projects/ares/results/models/convnext_small_l2trades_8_init2/model_best.pth.tar,trades,l2,2,l2,1.0,1.0,10,0.2,75.468,92.362,60.62,83.992,1.2238935415649417,1.8859508647155765,state_dict_ema,/groups/golan_neurogroup/bml_group/tomerash/advmodels/results/models/convnext_small_l2trades_8_init2/pgd_eval/pgd_validation_results.csv,convnext_small_l2trades_8_init2,,,convnext_small_l2trades_8_init2,False,trades,l2,l2,2,8.0,l2,8.0,1.0,convnext_small_l2trades_8_init2,l2,eps=8 init 2,trades
2026-03-28T06:01:14,model_best,/home/ashtomer/projects/ares/results/models/convnext_small_l2trades_8_init2/model_best.pth.tar,trades,l2,2,l2,2.0,2.0,10,0.4,75.468,92.362,48.356,75.288,1.2238935415649417,2.553526979827881,state_dict_ema,/groups/golan_neurogroup/bml_group/tomerash/advmodels/results/models/convnext_small_l2trades_8_init2/pgd_eval/pgd_validation_results.csv,convnext_small_l2trades_8_init2,,,convnext_small_l2trades_8_init2,False,trades,l2,l2,2,8.0,l2,8.0,2.0,convnext_small_l2trades_8_init2,l2,eps=8 init 2,trades
2026-03-28T08:06:37,model_best,/home/ashtomer/projects/ares/results/models/convnext_small_l2trades_8_init2/model_best.pth.tar,trades,l2,2,l2,4.0,4.0,10,0.8,75.468,92.362,32.91,61.802,1.2238935415649417,3.561294827270508,state_dict_ema,/groups/golan_neurogroup/bml_group/tomerash/advmodels/results/models/convnext_small_l2trades_8_init2/pgd_eval/pgd_validation_results.csv,convnext_small_l2trades_8_init2,,,convnext_small_l2trades_8_init2,False,trades,l2,l2,2,8.0,l2,8.0,4.0,convnext_small_l2trades_8_init2,l2,eps=8 init 2,trades
2026-03-28T10:12:01,model_best,/home/ashtomer/projects/ares/results/models/convnext_small_l2trades_8_init2/model_best.pth.tar,trades,l2,2,l2,8.0,8.0,10,1.6,75.468,92.362,13.44,36.872,1.2238935415649417,5.705498852386475,state_dict_ema,/groups/golan_neurogroup/bml_group/tomerash/advmodels/results/models/convnext_small_l2trades_8_init2/pgd_eval/pgd_validation_results.csv,convnext_small_l2trades_8_init2,,,convnext_small_l2trades_8_init2,False,trades,l2,l2,2,8.0,l2,8.0,8.0,convnext_small_l2trades_8_init2,l2,eps=8 init 2,trades
2026-03-28T12:17:30,model_best,/home/ashtomer/projects/ares/results/models/convnext_small_l2trades_8_init2/model_best.pth.tar,trades,l2,2,l2,16.0,16.0,10,3.2,75.468,92.362,2.584,9.526,1.2238935415649417,9.939364496765135,state_dict_ema,/groups/golan_neurogroup/bml_group/tomerash/advmodels/results/models/convnext_small_l2trades_8_init2/pgd_eval/pgd_validation_results.csv,convnext_small_l2trades_8_init2,,,convnext_small_l2trades_8_init2,False,trades,l2,l2,2,8.0,l2,8.0,16.0,convnext_small_l2trades_8_init2,l2,eps=8 init 2,trades
2026-03-28T16:30:41,model_best,/home/ashtomer/projects/ares/results/models/convnext_small_l2trades_8_init2/model_best.pth.tar,trades,l2,2,l1,1.0,127.5,10,25.5,75.468,92.362,53.18,80.356,1.2238935415649417,2.176030438308716,state_dict_ema,/groups/golan_neurogroup/bml_group/tomerash/advmodels/results/models/convnext_small_l2trades_8_init2/pgd_eval/pgd_validation_results.csv,convnext_small_l2trades_8_init2,,,convnext_small_l2trades_8_init2,False,trades,l2,l2,2,8.0,l2,8.0,127.5,convnext_small_l2trades_8_init2,l1,eps=8 init 2,trades
2026-03-28T18:37:32,model_best,/home/ashtomer/projects/ares/results/models/convnext_small_l2trades_8_init2/model_best.pth.tar,trades,l2,2,l1,2.0,255.0,10,51.0,75.468,92.362,45.586,75.702,1.2238935415649417,2.533107760314941,state_dict_ema,/groups/golan_neurogroup/bml_group/tomerash/advmodels/results/models/convnext_small_l2trades_8_init2/pgd_eval/pgd_validation_results.csv,convnext_small_l2trades_8_init2,,,convnext_small_l2trades_8_init2,False,trades,l2,l2,2,8.0,l2,8.0,255.0,convnext_small_l2trades_8_init2,l1,eps=8 init 2,trades
2026-03-28T20:44:14,model_best,/home/ashtomer/projects/ares/results/models/convnext_small_l2trades_8_init2/model_best.pth.tar,trades,l2,2,l1,4.0,510.0,10,102.0,75.468,92.362,42.69,74.144,1.2238935415649417,2.665771654815674,state_dict_ema,/groups/golan_neurogroup/bml_group/tomerash/advmodels/results/models/convnext_small_l2trades_8_init2/pgd_eval/pgd_validation_results.csv,convnext_small_l2trades_8_init2,,,convnext_small_l2trades_8_init2,False,trades,l2,l2,2,8.0,l2,8.0,510.0,convnext_small_l2trades_8_init2,l1,eps=8 init 2,trades
2026-03-28T22:50:48,model_best,/home/ashtomer/projects/ares/results/models/convnext_small_l2trades_8_init2/model_best.pth.tar,trades,l2,2,l1,8.0,1020.0,10,204.0,75.468,92.362,42.704,74.296,1.2238935415649417,2.657827368011475,state_dict_ema,/groups/golan_neurogroup/bml_group/tomerash/advmodels/results/models/convnext_small_l2trades_8_init2/pgd_eval/pgd_validation_results.csv,convnext_small_l2trades_8_init2,,,convnext_small_l2trades_8_init2,False,trades,l2,l2,2,8.0,l2,8.0,1020.0,convnext_small_l2trades_8_init2,l1,eps=8 init 2,trades
2026-03-29T00:57:17,model_best,/home/ashtomer/projects/ares/results/models/convnext_small_l2trades_8_init2/model_best.pth.tar,trades,l2,2,l1,16.0,2040.0,10,408.0,75.468,92.362,44.188,74.99,1.2238935415649417,2.5905977574920653,state_dict_ema,/groups/golan_neurogroup/bml_group/tomerash/advmodels/results/models/convnext_small_l2trades_8_init2/pgd_eval/pgd_validation_results.csv,convnext_small_l2trades_8_init2,,,convnext_small_l2trades_8_init2,False,trades,l2,l2,2,8.0,l2,8.0,2040.0,convnext_small_l2trades_8_init2,l1,eps=8 init 2,trades
2026-03-27T17:07:57,model_best,/home/ashtomer/projects/ares/results/models/convnext_small_linftrades_1_init1/model_best.pth.tar,trades,linf,1,linf,1.0,0.0039215686274509,10,0.0007843137254901,80.274,94.764,43.396,75.588,0.93643309425354,3.371763829498291,state_dict_ema,/groups/golan_neurogroup/bml_group/tomerash/advmodels/results/models/convnext_small_linftrades_1_init1/pgd_eval/pgd_validation_results.csv,convnext_small_linftrades_1_init1,,,convnext_small_linftrades_1_init1,False,trades,linf,linf,1,1.0,linf,1.0,0.00392156862745098,convnext_small_linftrades_1_init1,linf,eps=1 init 1,trades
2026-03-27T19:06:30,model_best,/home/ashtomer/projects/ares/results/models/convnext_small_linftrades_1_init1/model_best.pth.tar,trades,linf,1,linf,2.0,0.0078431372549019,10,0.0015686274509803,80.274,94.764,46.464,77.31,0.93643309425354,3.105019990234375,state_dict_ema,/groups/golan_neurogroup/bml_group/tomerash/advmodels/results/models/convnext_small_linftrades_1_init1/pgd_eval/pgd_validation_results.csv,convnext_small_linftrades_1_init1,,,convnext_small_linftrades_1_init1,False,trades,linf,linf,1,1.0,linf,1.0,0.00784313725490196,convnext_small_linftrades_1_init1,linf,eps=1 init 1,trades
2026-03-27T21:05:18,model_best,/home/ashtomer/projects/ares/results/models/convnext_small_linftrades_1_init1/model_best.pth.tar,trades,linf,1,linf,4.0,0.0156862745098039,10,0.0031372549019607,80.274,94.764,35.382,65.632,0.93643309425354,4.401028980407715,state_dict_ema,/groups/golan_neurogroup/bml_group/tomerash/advmodels/results/models/convnext_small_linftrades_1_init1/pgd_eval/pgd_validation_results.csv,convnext_small_linftrades_1_init1,,,convnext_small_linftrades_1_init1,False,trades,linf,linf,1,1.0,linf,1.0,0.01568627450980392,convnext_small_linftrades_1_init1,linf,eps=1 init 1,trades
2026-03-27T23:03:49,model_best,/home/ashtomer/projects/ares/results/models/convnext_small_linftrades_1_init1/model_best.pth.tar,trades,linf,1,linf,8.0,0.0313725490196078,10,0.0062745098039215,80.274,94.764,9.428,21.304,0.93643309425354,10.111233746032717,state_dict_ema,/groups/golan_neurogroup/bml_group/tomerash/advmodels/results/models/convnext_small_linftrades_1_init1/pgd_eval/pgd_validation_results.csv,convnext_small_linftrades_1_init1,,,convnext_small_linftrades_1_init1,False,trades,linf,linf,1,1.0,linf,1.0,0.03137254901960784,convnext_small_linftrades_1_init1,linf,eps=1 init 1,trades
2026-03-28T01:02:05,model_best,/home/ashtomer/projects/ares/results/models/convnext_small_linftrades_1_init1/model_best.pth.tar,trades,linf,1,linf,16.0,0.0627450980392156,10,0.0125490196078431,80.274,94.764,0.126,0.522,0.93643309425354,17.16678089477539,state_dict_ema,/groups/golan_neurogroup/bml_group/tomerash/advmodels/results/models/convnext_small_linftrades_1_init1/pgd_eval/pgd_validation_results.csv,convnext_small_linftrades_1_init1,,,convnext_small_linftrades_1_init1,False,trades,linf,linf,1,1.0,linf,1.0,0.06274509803921569,convnext_small_linftrades_1_init1,linf,eps=1 init 1,trades
2026-03-28T04:58:18,model_best,/home/ashtomer/projects/ares/results/models/convnext_small_linftrades_1_init1/model_best.pth.tar,trades,linf,1,l2,1.0,1.0,10,0.2,80.274,94.764,57.326,84.628,0.93643309425354,2.2122053091430662,state_dict_ema,/groups/golan_neurogroup/bml_group/tomerash/advmodels/results/models/convnext_small_linftrades_1_init1/pgd_eval/pgd_validation_results.csv,convnext_small_linftrades_1_init1,,,convnext_small_linftrades_1_init1,False,trades,linf,linf,1,1.0,linf,1.0,1.0,convnext_small_linftrades_1_init1,l2,eps=1 init 1,trades
2026-03-28T06:56:27,model_best,/home/ashtomer/projects/ares/results/models/convnext_small_linftrades_1_init1/model_best.pth.tar,trades,linf,1,l2,2.0,2.0,10,0.4,80.274,94.764,50.862,80.22,0.93643309425354,2.7216235806274414,state_dict_ema,/groups/golan_neurogroup/bml_group/tomerash/advmodels/results/models/convnext_small_linftrades_1_init1/pgd_eval/pgd_validation_results.csv,convnext_small_linftrades_1_init1,,,convnext_small_linftrades_1_init1,False,trades,linf,linf,1,1.0,linf,1.0,2.0,convnext_small_linftrades_1_init1,l2,eps=1 init 1,trades
2026-03-28T08:54:59,model_best,/home/ashtomer/projects/ares/results/models/convnext_small_linftrades_1_init1/model_best.pth.tar,trades,linf,1,l2,4.0,4.0,10,0.8,80.274,94.764,49.046,78.77,0.93643309425354,2.8298543139648435,state_dict_ema,/groups/golan_neurogroup/bml_group/tomerash/advmodels/results/models/convnext_small_linftrades_1_init1/pgd_eval/pgd_validation_results.csv,convnext_small_linftrades_1_init1,,,convnext_small_linftrades_1_init1,False,trades,linf,linf,1,1.0,linf,1.0,4.0,convnext_small_linftrades_1_init1,l2,eps=1 init 1,trades
2026-03-28T10:53:56,model_best,/home/ashtomer/projects/ares/results/models/convnext_small_linftrades_1_init1/model_best.pth.tar,trades,linf,1,l2,8.0,8.0,10,1.6,80.274,94.764,42.794,73.692,0.93643309425354,3.321806486663818,state_dict_ema,/groups/golan_neurogroup/bml_group/tomerash/advmodels/results/models/convnext_small_linftrades_1_init1/pgd_eval/pgd_validation_results.csv,convnext_small_linftrades_1_init1,,,convnext_small_linftrades_1_init1,False,trades,linf,linf,1,1.0,linf,1.0,8.0,convnext_small_linftrades_1_init1,l2,eps=1 init 1,trades
2026-03-28T12:52:52,model_best,/home/ashtomer/projects/ares/results/models/convnext_small_linftrades_1_init1/model_best.pth.tar,trades,linf,1,l2,16.0,16.0,10,3.2,80.274,94.764,7.036,16.112,0.93643309425354,10.741144602661134,state_dict_ema,/groups/golan_neurogroup/bml_group/tomerash/advmodels/results/models/convnext_small_linftrades_1_init1/pgd_eval/pgd_validation_results.csv,convnext_small_linftrades_1_init1,,,convnext_small_linftrades_1_init1,False,trades,linf,linf,1,1.0,linf,1.0,16.0,convnext_small_linftrades_1_init1,l2,eps=1 init 1,trades
2026-03-28T16:52:18,model_best,/home/ashtomer/projects/ares/results/models/convnext_small_linftrades_1_init1/model_best.pth.tar,trades,linf,1,l1,1.0,127.5,10,25.5,80.274,94.764,76.07,93.092,0.93643309425354,1.1434664818572997,state_dict_ema,/groups/golan_neurogroup/bml_group/tomerash/advmodels/results/models/convnext_small_linftrades_1_init1/pgd_eval/pgd_validation_results.csv,convnext_small_linftrades_1_init1,,,convnext_small_linftrades_1_init1,False,trades,linf,linf,1,1.0,linf,1.0,127.5,convnext_small_linftrades_1_init1,l1,eps=1 init 1,trades
2026-03-28T18:51:17,model_best,/home/ashtomer/projects/ares/results/models/convnext_small_linftrades_1_init1/model_best.pth.tar,trades,linf,1,l1,2.0,255.0,10,51.0,80.274,94.764,76.238,93.172,0.93643309425354,1.128583451538086,state_dict_ema,/groups/golan_neurogroup/bml_group/tomerash/advmodels/results/models/convnext_small_linftrades_1_init1/pgd_eval/pgd_validation_results.csv,convnext_small_linftrades_1_init1,,,convnext_small_linftrades_1_init1,False,trades,linf,linf,1,1.0,linf,1.0,255.0,convnext_small_linftrades_1_init1,l1,eps=1 init 1,trades
2026-03-28T20:50:07,model_best,/home/ashtomer/projects/ares/results/models/convnext_small_linftrades_1_init1/model_best.pth.tar,trades,linf,1,l1,4.0,510.0,10,102.0,80.274,94.764,76.294,93.152,0.93643309425354,1.12962836227417,state_dict_ema,/groups/golan_neurogroup/bml_group/tomerash/advmodels/results/models/convnext_small_linftrades_1_init1/pgd_eval/pgd_validation_results.csv,convnext_small_linftrades_1_init1,,,convnext_small_linftrades_1_init1,False,trades,linf,linf,1,1.0,linf,1.0,510.0,convnext_small_linftrades_1_init1,l1,eps=1 init 1,trades
2026-03-28T22:49:49,model_best,/home/ashtomer/projects/ares/results/models/convnext_small_linftrades_1_init1/model_best.pth.tar,trades,linf,1,l1,8.0,1020.0,10,204.0,80.274,94.764,76.156,93.024,0.93643309425354,1.1360001664733888,state_dict_ema,/groups/golan_neurogroup/bml_group/tomerash/advmodels/results/models/convnext_small_linftrades_1_init1/pgd_eval/pgd_validation_results.csv,convnext_small_linftrades_1_init1,,,convnext_small_linftrades_1_init1,False,trades,linf,linf,1,1.0,linf,1.0,1020.0,convnext_small_linftrades_1_init1,l1,eps=1 init 1,trades
2026-03-29T00:49:08,model_best,/home/ashtomer/projects/ares/results/models/convnext_small_linftrades_1_init1/model_best.pth.tar,trades,linf,1,l1,16.0,2040.0,10,408.0,80.274,94.764,75.95,92.932,0.93643309425354,1.1447762337493896,state_dict_ema,/groups/golan_neurogroup/bml_group/tomerash/advmodels/results/models/convnext_small_linftrades_1_init1/pgd_eval/pgd_validation_results.csv,convnext_small_linftrades_1_init1,,,convnext_small_linftrades_1_init1,False,trades,linf,linf,1,1.0,linf,1.0,2040.0,convnext_small_linftrades_1_init1,l1,eps=1 init 1,trades
2026-03-29T04:26:19,model_best,/home/ashtomer/projects/ares/results/models/convnext_small_linftrades_1_init2/model_best.pth.tar,trades,linf,2,linf,1.0,0.0039215686274509,10,0.0007843137254901,80.774,95.162,33.424,68.308,0.8615746535110473,4.4061234649658205,state_dict_ema,/groups/golan_neurogroup/bml_group/tomerash/advmodels/results/models/convnext_small_linftrades_1_init2/pgd_eval/pgd_validation_results.csv,convnext_small_linftrades_1_init2,,,convnext_small_linftrades_1_init2,False,trades,linf,linf,2,1.0,linf,1.0,0.00392156862745098,convnext_small_linftrades_1_init2,linf,eps=1 init 2,trades
2026-03-29T06:33:42,model_best,/home/ashtomer/projects/ares/results/models/convnext_small_linftrades_1_init2/model_best.pth.tar,trades,linf,2,linf,2.0,0.0078431372549019,10,0.0015686274509803,80.774,95.162,37.11,71.524,0.8615746535110473,3.9517009030151367,state_dict_ema,/groups/golan_neurogroup/bml_group/tomerash/advmodels/results/models/convnext_small_linftrades_1_init2/pgd_eval/pgd_validation_results.csv,convnext_small_linftrades_1_init2,,,convnext_small_linftrades_1_init2,False,trades,linf,linf,2,1.0,linf,1.0,0.00784313725490196,convnext_small_linftrades_1_init2,linf,eps=1 init 2,trades
2026-03-29T08:41:03,model_best,/home/ashtomer/projects/ares/results/models/convnext_small_linftrades_1_init2/model_best.pth.tar,trades,linf,2,linf,4.0,0.0156862745098039,10,0.0031372549019607,80.774,95.162,22.8,49.69,0.8615746535110473,6.580040515136719,state_dict_ema,/groups/golan_neurogroup/bml_group/tomerash/advmodels/results/models/convnext_small_linftrades_1_init2/pgd_eval/pgd_validation_results.csv,convnext_small_linftrades_1_init2,,,convnext_small_linftrades_1_init2,False,trades,linf,linf,2,1.0,linf,1.0,0.01568627450980392,convnext_small_linftrades_1_init2,linf,eps=1 init 2,trades
2026-03-29T10:48:26,model_best,/home/ashtomer/projects/ares/results/models/convnext_small_linftrades_1_init2/model_best.pth.tar,trades,linf,2,linf,8.0,0.0313725490196078,10,0.0062745098039215,80.774,95.162,1.956,6.006,0.8615746535110473,14.375550416259763,state_dict_ema,/groups/golan_neurogroup/bml_group/tomerash/advmodels/results/models/convnext_small_linftrades_1_init2/pgd_eval/pgd_validation_results.csv,convnext_small_linftrades_1_init2,,,convnext_small_linftrades_1_init2,False,trades,linf,linf,2,1.0,linf,1.0,0.03137254901960784,convnext_small_linftrades_1_init2,linf,eps=1 init 2,trades
2026-03-29T12:57:12,model_best,/home/ashtomer/projects/ares/results/models/convnext_small_linftrades_1_init2/model_best.pth.tar,trades,linf,2,linf,16.0,0.0627450980392156,10,0.0125490196078431,80.774,95.162,0.02,0.178,0.8615746535110473,18.991811494750976,state_dict_ema,/groups/golan_neurogroup/bml_group/tomerash/advmodels/results/models/convnext_small_linftrades_1_init2/pgd_eval/pgd_validation_results.csv,convnext_small_linftrades_1_init2,,,convnext_small_linftrades_1_init2,False,trades,linf,linf,2,1.0,linf,1.0,0.06274509803921569,convnext_small_linftrades_1_init2,linf,eps=1 init 2,trades
2026-03-29T17:13:30,model_best,/home/ashtomer/projects/ares/results/models/convnext_small_linftrades_1_init2/model_best.pth.tar,trades,linf,2,l2,1.0,1.0,10,0.2,80.774,95.162,40.758,73.738,0.8615746535110473,3.659238712921143,state_dict_ema,/groups/golan_neurogroup/bml_group/tomerash/advmodels/results/models/convnext_small_linftrades_1_init2/pgd_eval/pgd_validation_results.csv,convnext_small_linftrades_1_init2,,,convnext_small_linftrades_1_init2,False,trades,linf,linf,2,1.0,linf,1.0,1.0,convnext_small_linftrades_1_init2,l2,eps=1 init 2,trades
2026-03-29T19:22:45,model_best,/home/ashtomer/projects/ares/results/models/convnext_small_linftrades_1_init2/model_best.pth.tar,trades,linf,2,l2,2.0,2.0,10,0.4,80.774,95.162,33.576,66.668,0.8615746535110473,4.530813572692871,state_dict_ema,/groups/golan_neurogroup/bml_group/tomerash/advmodels/results/models/convnext_small_linftrades_1_init2/pgd_eval/pgd_validation_results.csv,convnext_small_linftrades_1_init2,,,convnext_small_linftrades_1_init2,False,trades,linf,linf,2,1.0,linf,1.0,2.0,convnext_small_linftrades_1_init2,l2,eps=1 init 2,trades
2026-03-29T21:31:31,model_best,/home/ashtomer/projects/ares/results/models/convnext_small_linftrades_1_init2/model_best.pth.tar,trades,linf,2,l2,4.0,4.0,10,0.8,80.774,95.162,30.918,62.578,0.8615746535110473,4.939151632995605,state_dict_ema,/groups/golan_neurogroup/bml_group/tomerash/advmodels/results/models/convnext_small_linftrades_1_init2/pgd_eval/pgd_validation_results.csv,convnext_small_linftrades_1_init2,,,convnext_small_linftrades_1_init2,False,trades,linf,linf,2,1.0,linf,1.0,4.0,convnext_small_linftrades_1_init2,l2,eps=1 init 2,trades
2026-03-29T23:39:59,model_best,/home/ashtomer/projects/ares/results/models/convnext_small_linftrades_1_init2/model_best.pth.tar,trades,linf,2,l2,8.0,8.0,10,1.6,80.774,95.162,13.852,31.138,0.8615746535110473,8.915274878540039,state_dict_ema,/groups/golan_neurogroup/bml_group/tomerash/advmodels/results/models/convnext_small_linftrades_1_init2/pgd_eval/pgd_validation_results.csv,convnext_small_linftrades_1_init2,,,convnext_small_linftrades_1_init2,False,trades,linf,linf,2,1.0,linf,1.0,8.0,convnext_small_linftrades_1_init2,l2,eps=1 init 2,trades
2026-03-30T01:48:20,model_best,/home/ashtomer/projects/ares/results/models/convnext_small_linftrades_1_init2/model_best.pth.tar,trades,linf,2,l2,16.0,16.0,10,3.2,80.774,95.162,1.658,5.35,0.8615746535110473,14.283640327148438,state_dict_ema,/groups/golan_neurogroup/bml_group/tomerash/advmodels/results/models/convnext_small_linftrades_1_init2/pgd_eval/pgd_validation_results.csv,convnext_small_linftrades_1_init2,,,convnext_small_linftrades_1_init2,False,trades,linf,linf,2,1.0,linf,1.0,16.0,convnext_small_linftrades_1_init2,l2,eps=1 init 2,trades
2026-03-30T06:06:17,model_best,/home/ashtomer/projects/ares/results/models/convnext_small_linftrades_1_init2/model_best.pth.tar,trades,linf,2,l1,1.0,127.5,10,25.5,80.774,95.162,73.952,92.616,0.8615746535110473,1.1780748468780518,state_dict_ema,/groups/golan_neurogroup/bml_group/tomerash/advmodels/results/models/convnext_small_linftrades_1_init2/pgd_eval/pgd_validation_results.csv,convnext_small_linftrades_1_init2,,,convnext_small_linftrades_1_init2,False,trades,linf,linf,2,1.0,linf,1.0,127.5,convnext_small_linftrades_1_init2,l1,eps=1 init 2,trades
2026-03-30T08:15:06,model_best,/home/ashtomer/projects/ares/results/models/convnext_small_linftrades_1_init2/model_best.pth.tar,trades,linf,2,l1,2.0,255.0,10,51.0,80.774,95.162,73.656,92.5,0.8615746535110473,1.1888759105682374,state_dict_ema,/groups/golan_neurogroup/bml_group/tomerash/advmodels/results/models/convnext_small_linftrades_1_init2/pgd_eval/pgd_validation_results.csv,convnext_small_linftrades_1_init2,,,convnext_small_linftrades_1_init2,False,trades,linf,linf,2,1.0,linf,1.0,255.0,convnext_small_linftrades_1_init2,l1,eps=1 init 2,trades
2026-03-30T10:24:05,model_best,/home/ashtomer/projects/ares/results/models/convnext_small_linftrades_1_init2/model_best.pth.tar,trades,linf,2,l1,4.0,510.0,10,102.0,80.774,95.162,74.062,92.516,0.8615746535110473,1.1696108461761474,state_dict_ema,/groups/golan_neurogroup/bml_group/tomerash/advmodels/results/models/convnext_small_linftrades_1_init2/pgd_eval/pgd_validation_results.csv,convnext_small_linftrades_1_init2,,,convnext_small_linftrades_1_init2,False,trades,linf,linf,2,1.0,linf,1.0,510.0,convnext_small_linftrades_1_init2,l1,eps=1 init 2,trades
2026-03-30T12:33:29,model_best,/home/ashtomer/projects/ares/results/models/convnext_small_linftrades_1_init2/model_best.pth.tar,trades,linf,2,l1,8.0,1020.0,10,204.0,80.774,95.162,75.078,92.852,0.8615746535110473,1.123435600738525,state_dict_ema,/groups/golan_neurogroup/bml_group/tomerash/advmodels/results/models/convnext_small_linftrades_1_init2/pgd_eval/pgd_validation_results.csv,convnext_small_linftrades_1_init2,,,convnext_small_linftrades_1_init2,False,trades,linf,linf,2,1.0,linf,1.0,1020.0,convnext_small_linftrades_1_init2,l1,eps=1 init 2,trades
2026-03-30T14:42:55,model_best,/home/ashtomer/projects/ares/results/models/convnext_small_linftrades_1_init2/model_best.pth.tar,trades,linf,2,l1,16.0,2040.0,10,408.0,80.774,95.162,75.842,93.064,0.8615746535110473,1.0915364600372317,state_dict_ema,/groups/golan_neurogroup/bml_group/tomerash/advmodels/results/models/convnext_small_linftrades_1_init2/pgd_eval/pgd_validation_results.csv,convnext_small_linftrades_1_init2,,,convnext_small_linftrades_1_init2,False,trades,linf,linf,2,1.0,linf,1.0,2040.0,convnext_small_linftrades_1_init2,l1,eps=1 init 2,trades
2026-03-29T05:13:25,model_best,/home/ashtomer/projects/ares/results/models/convnext_small_linftrades_2_init1/model_best.pth.tar,trades,linf,1,linf,1.0,0.0039215686274509,10,0.0007843137254901,78.426,93.994,69.092,90.162,0.979771086807251,1.3566404568481445,state_dict_ema,/groups/golan_neurogroup/bml_group/tomerash/advmodels/results/models/convnext_small_linftrades_2_init1/pgd_eval/pgd_validation_results.csv,convnext_small_linftrades_2_init1,,,convnext_small_linftrades_2_init1,False,trades,linf,linf,1,2.0,linf,2.0,0.00392156862745098,convnext_small_linftrades_2_init1,linf,eps=2 init 1,trades
2026-03-29T07:24:48,model_best,/home/ashtomer/projects/ares/results/models/convnext_small_linftrades_2_init1/model_best.pth.tar,trades,linf,1,linf,2.0,0.0078431372549019,10,0.0015686274509803,78.426,93.994,59.814,85.448,0.979771086807251,1.7643219038391114,state_dict_ema,/groups/golan_neurogroup/bml_group/tomerash/advmodels/results/models/convnext_small_linftrades_2_init1/pgd_eval/pgd_validation_results.csv,convnext_small_linftrades_2_init1,,,convnext_small_linftrades_2_init1,False,trades,linf,linf,1,2.0,linf,2.0,0.00784313725490196,convnext_small_linftrades_2_init1,linf,eps=2 init 1,trades
2026-03-29T09:35:59,model_best,/home/ashtomer/projects/ares/results/models/convnext_small_linftrades_2_init1/model_best.pth.tar,trades,linf,1,linf,4.0,0.0156862745098039,10,0.0031372549019607,78.426,93.994,40.14,72.7,0.979771086807251,2.8628969271850586,state_dict_ema,/groups/golan_neurogroup/bml_group/tomerash/advmodels/results/models/convnext_small_linftrades_2_init1/pgd_eval/pgd_validation_results.csv,convnext_small_linftrades_2_init1,,,convnext_small_linftrades_2_init1,False,trades,linf,linf,1,2.0,linf,2.0,0.01568627450980392,convnext_small_linftrades_2_init1,linf,eps=2 init 1,trades
2026-03-29T11:47:37,model_best,/home/ashtomer/projects/ares/results/models/convnext_small_linftrades_2_init1/model_best.pth.tar,trades,linf,1,linf,8.0,0.0313725490196078,10,0.0062745098039215,78.426,93.994,16.196,43.092,0.979771086807251,5.746605516204834,state_dict_ema,/groups/golan_neurogroup/bml_group/tomerash/advmodels/results/models/convnext_small_linftrades_2_init1/pgd_eval/pgd_validation_results.csv,convnext_small_linftrades_2_init1,,,convnext_small_linftrades_2_init1,False,trades,linf,linf,1,2.0,linf,2.0,0.03137254901960784,convnext_small_linftrades_2_init1,linf,eps=2 init 1,trades
2026-03-29T13:59:18,model_best,/home/ashtomer/projects/ares/results/models/convnext_small_linftrades_2_init1/model_best.pth.tar,trades,linf,1,linf,16.0,0.0627450980392156,10,0.0125490196078431,78.426,93.994,2.354,7.432,0.979771086807251,11.585024460144044,state_dict_ema,/groups/golan_neurogroup/bml_group/tomerash/advmodels/results/models/convnext_small_linftrades_2_init1/pgd_eval/pgd_validation_results.csv,convnext_small_linftrades_2_init1,,,convnext_small_linftrades_2_init1,False,trades,linf,linf,1,2.0,linf,2.0,0.06274509803921569,convnext_small_linftrades_2_init1,linf,eps=2 init 1,trades
2026-03-29T18:23:02,model_best,/home/ashtomer/projects/ares/results/models/convnext_small_linftrades_2_init1/model_best.pth.tar,trades,linf,1,l2,1.0,1.0,10,0.2,78.426,93.994,64.21,87.816,0.979771086807251,1.5574571687316894,state_dict_ema,/groups/golan_neurogroup/bml_group/tomerash/advmodels/results/models/convnext_small_linftrades_2_init1/pgd_eval/pgd_validation_results.csv,convnext_small_linftrades_2_init1,,,convnext_small_linftrades_2_init1,False,trades,linf,linf,1,2.0,linf,2.0,1.0,convnext_small_linftrades_2_init1,l2,eps=2 init 1,trades
2026-03-29T20:35:00,model_best,/home/ashtomer/projects/ares/results/models/convnext_small_linftrades_2_init1/model_best.pth.tar,trades,linf,1,l2,2.0,2.0,10,0.4,78.426,93.994,48.688,79.396,0.979771086807251,2.294591920928955,state_dict_ema,/groups/golan_neurogroup/bml_group/tomerash/advmodels/results/models/convnext_small_linftrades_2_init1/pgd_eval/pgd_validation_results.csv,convnext_small_linftrades_2_init1,,,convnext_small_linftrades_2_init1,False,trades,linf,linf,1,2.0,linf,2.0,2.0,convnext_small_linftrades_2_init1,l2,eps=2 init 1,trades
2026-03-29T22:46:42,model_best,/home/ashtomer/projects/ares/results/models/convnext_small_linftrades_2_init1/model_best.pth.tar,trades,linf,1,l2,4.0,4.0,10,0.8,78.426,93.994,24.694,57.802,0.979771086807251,4.23496454864502,state_dict_ema,/groups/golan_neurogroup/bml_group/tomerash/advmodels/results/models/convnext_small_linftrades_2_init1/pgd_eval/pgd_validation_results.csv,convnext_small_linftrades_2_init1,,,convnext_small_linftrades_2_init1,False,trades,linf,linf,1,2.0,linf,2.0,4.0,convnext_small_linftrades_2_init1,l2,eps=2 init 1,trades
2026-03-30T00:58:11,model_best,/home/ashtomer/projects/ares/results/models/convnext_small_linftrades_2_init1/model_best.pth.tar,trades,linf,1,l2,8.0,8.0,10,1.6,78.426,93.994,6.964,23.352,0.979771086807251,8.4019880368042,state_dict_ema,/groups/golan_neurogroup/bml_group/tomerash/advmodels/results/models/convnext_small_linftrades_2_init1/pgd_eval/pgd_validation_results.csv,convnext_small_linftrades_2_init1,,,convnext_small_linftrades_2_init1,False,trades,linf,linf,1,2.0,linf,2.0,8.0,convnext_small_linftrades_2_init1,l2,eps=2 init 1,trades
2026-03-30T03:09:59,model_best,/home/ashtomer/projects/ares/results/models/convnext_small_linftrades_2_init1/model_best.pth.tar,trades,linf,1,l2,16.0,16.0,10,3.2,78.426,93.994,0.712,2.396,0.979771086807251,13.878230669250488,state_dict_ema,/groups/golan_neurogroup/bml_group/tomerash/advmodels/results/models/convnext_small_linftrades_2_init1/pgd_eval/pgd_validation_results.csv,convnext_small_linftrades_2_init1,,,convnext_small_linftrades_2_init1,False,trades,linf,linf,1,2.0,linf,2.0,16.0,convnext_small_linftrades_2_init1,l2,eps=2 init 1,trades
2026-03-30T07:35:05,model_best,/home/ashtomer/projects/ares/results/models/convnext_small_linftrades_2_init1/model_best.pth.tar,trades,linf,1,l1,1.0,127.5,10,25.5,78.426,93.994,37.41,72.074,0.979771086807251,3.008617755889893,state_dict_ema,/groups/golan_neurogroup/bml_group/tomerash/advmodels/results/models/convnext_small_linftrades_2_init1/pgd_eval/pgd_validation_results.csv,convnext_small_linftrades_2_init1,,,convnext_small_linftrades_2_init1,False,trades,linf,linf,1,2.0,linf,2.0,127.5,convnext_small_linftrades_2_init1,l1,eps=2 init 1,trades
2026-03-30T09:47:43,model_best,/home/ashtomer/projects/ares/results/models/convnext_small_linftrades_2_init1/model_best.pth.tar,trades,linf,1,l1,2.0,255.0,10,51.0,78.426,93.994,36.298,71.038,0.979771086807251,3.065296333618164,state_dict_ema,/groups/golan_neurogroup/bml_group/tomerash/advmodels/results/models/convnext_small_linftrades_2_init1/pgd_eval/pgd_validation_results.csv,convnext_small_linftrades_2_init1,,,convnext_small_linftrades_2_init1,False,trades,linf,linf,1,2.0,linf,2.0,255.0,convnext_small_linftrades_2_init1,l1,eps=2 init 1,trades
2026-03-30T12:00:41,model_best,/home/ashtomer/projects/ares/results/models/convnext_small_linftrades_2_init1/model_best.pth.tar,trades,linf,1,l1,4.0,510.0,10,102.0,78.426,93.994,37.572,72.19,0.979771086807251,2.9575742764282227,state_dict_ema,/groups/golan_neurogroup/bml_group/tomerash/advmodels/results/models/convnext_small_linftrades_2_init1/pgd_eval/pgd_validation_results.csv,convnext_small_linftrades_2_init1,,,convnext_small_linftrades_2_init1,False,trades,linf,linf,1,2.0,linf,2.0,510.0,convnext_small_linftrades_2_init1,l1,eps=2 init 1,trades
2026-03-30T14:13:44,model_best,/home/ashtomer/projects/ares/results/models/convnext_small_linftrades_2_init1/model_best.pth.tar,trades,linf,1,l1,8.0,1020.0,10,204.0,78.426,93.994,38.596,73.078,0.979771086807251,2.866297396850586,state_dict_ema,/groups/golan_neurogroup/bml_group/tomerash/advmodels/results/models/convnext_small_linftrades_2_init1/pgd_eval/pgd_validation_results.csv,convnext_small_linftrades_2_init1,,,convnext_small_linftrades_2_init1,False,trades,linf,linf,1,2.0,linf,2.0,1020.0,convnext_small_linftrades_2_init1,l1,eps=2 init 1,trades
2026-03-30T16:26:23,model_best,/home/ashtomer/projects/ares/results/models/convnext_small_linftrades_2_init1/model_best.pth.tar,trades,linf,1,l1,16.0,2040.0,10,408.0,78.426,93.994,39.694,73.614,0.979771086807251,2.8005446618652345,state_dict_ema,/groups/golan_neurogroup/bml_group/tomerash/advmodels/results/models/convnext_small_linftrades_2_init1/pgd_eval/pgd_validation_results.csv,convnext_small_linftrades_2_init1,,,convnext_small_linftrades_2_init1,False,trades,linf,linf,1,2.0,linf,2.0,2040.0,convnext_small_linftrades_2_init1,l1,eps=2 init 1,trades
2026-03-29T05:18:37,model_best,/home/ashtomer/projects/ares/results/models/convnext_small_linftrades_2_init2/model_best.pth.tar,trades,linf,2,linf,1.0,0.0039215686274509,10,0.0007843137254901,78.516,93.996,69.386,90.23,0.9762244326782228,1.349163454437256,state_dict_ema,/groups/golan_neurogroup/bml_group/tomerash/advmodels/results/models/convnext_small_linftrades_2_init2/pgd_eval/pgd_validation_results.csv,convnext_small_linftrades_2_init2,,,convnext_small_linftrades_2_init2,False,trades,linf,linf,2,2.0,linf,2.0,0.00392156862745098,convnext_small_linftrades_2_init2,linf,eps=2 init 2,trades
2026-03-29T07:28:16,model_best,/home/ashtomer/projects/ares/results/models/convnext_small_linftrades_2_init2/model_best.pth.tar,trades,linf,2,linf,2.0,0.0078431372549019,10,0.0015686274509803,78.516,93.996,60.168,85.58,0.9762244326782228,1.7578676008605958,state_dict_ema,/groups/golan_neurogroup/bml_group/tomerash/advmodels/results/models/convnext_small_linftrades_2_init2/pgd_eval/pgd_validation_results.csv,convnext_small_linftrades_2_init2,,,convnext_small_linftrades_2_init2,False,trades,linf,linf,2,2.0,linf,2.0,0.00784313725490196,convnext_small_linftrades_2_init2,linf,eps=2 init 2,trades
2026-03-29T09:37:45,model_best,/home/ashtomer/projects/ares/results/models/convnext_small_linftrades_2_init2/model_best.pth.tar,trades,linf,2,linf,4.0,0.0156862745098039,10,0.0031372549019607,78.516,93.996,40.516,73.122,0.9762244326782228,2.8632616816711427,state_dict_ema,/groups/golan_neurogroup/bml_group/tomerash/advmodels/results/models/convnext_small_linftrades_2_init2/pgd_eval/pgd_validation_results.csv,convnext_small_linftrades_2_init2,,,convnext_small_linftrades_2_init2,False,trades,linf,linf,2,2.0,linf,2.0,0.01568627450980392,convnext_small_linftrades_2_init2,linf,eps=2 init 2,trades
2026-03-29T11:47:16,model_best,/home/ashtomer/projects/ares/results/models/convnext_small_linftrades_2_init2/model_best.pth.tar,trades,linf,2,linf,8.0,0.0313725490196078,10,0.0062745098039215,78.516,93.996,16.69,43.682,0.9762244326782228,5.773101453552246,state_dict_ema,/groups/golan_neurogroup/bml_group/tomerash/advmodels/results/models/convnext_small_linftrades_2_init2/pgd_eval/pgd_validation_results.csv,convnext_small_linftrades_2_init2,,,convnext_small_linftrades_2_init2,False,trades,linf,linf,2,2.0,linf,2.0,0.03137254901960784,convnext_small_linftrades_2_init2,linf,eps=2 init 2,trades
2026-03-29T13:56:59,model_best,/home/ashtomer/projects/ares/results/models/convnext_small_linftrades_2_init2/model_best.pth.tar,trades,linf,2,linf,16.0,0.0627450980392156,10,0.0125490196078431,78.516,93.996,2.514,7.7,0.9762244326782228,11.698805180358889,state_dict_ema,/groups/golan_neurogroup/bml_group/tomerash/advmodels/results/models/convnext_small_linftrades_2_init2/pgd_eval/pgd_validation_results.csv,convnext_small_linftrades_2_init2,,,convnext_small_linftrades_2_init2,False,trades,linf,linf,2,2.0,linf,2.0,0.06274509803921569,convnext_small_linftrades_2_init2,linf,eps=2 init 2,trades
2026-03-29T18:16:42,model_best,/home/ashtomer/projects/ares/results/models/convnext_small_linftrades_2_init2/model_best.pth.tar,trades,linf,2,l2,1.0,1.0,10,0.2,78.516,93.996,64.54,87.914,0.9762244326782228,1.5497695411682129,state_dict_ema,/groups/golan_neurogroup/bml_group/tomerash/advmodels/results/models/convnext_small_linftrades_2_init2/pgd_eval/pgd_validation_results.csv,convnext_small_linftrades_2_init2,,,convnext_small_linftrades_2_init2,False,trades,linf,linf,2,2.0,linf,2.0,1.0,convnext_small_linftrades_2_init2,l2,eps=2 init 2,trades
2026-03-29T20:27:08,model_best,/home/ashtomer/projects/ares/results/models/convnext_small_linftrades_2_init2/model_best.pth.tar,trades,linf,2,l2,2.0,2.0,10,0.4,78.516,93.996,49.118,79.652,0.9762244326782228,2.293866072387696,state_dict_ema,/groups/golan_neurogroup/bml_group/tomerash/advmodels/results/models/convnext_small_linftrades_2_init2/pgd_eval/pgd_validation_results.csv,convnext_small_linftrades_2_init2,,,convnext_small_linftrades_2_init2,False,trades,linf,linf,2,2.0,linf,2.0,2.0,convnext_small_linftrades_2_init2,l2,eps=2 init 2,trades
2026-03-29T22:37:52,model_best,/home/ashtomer/projects/ares/results/models/convnext_small_linftrades_2_init2/model_best.pth.tar,trades,linf,2,l2,4.0,4.0,10,0.8,78.516,93.996,25.1,58.068,0.9762244326782228,4.259814397735596,state_dict_ema,/groups/golan_neurogroup/bml_group/tomerash/advmodels/results/models/convnext_small_linftrades_2_init2/pgd_eval/pgd_validation_results.csv,convnext_small_linftrades_2_init2,,,convnext_small_linftrades_2_init2,False,trades,linf,linf,2,2.0,linf,2.0,4.0,convnext_small_linftrades_2_init2,l2,eps=2 init 2,trades
2026-03-30T00:48:11,model_best,/home/ashtomer/projects/ares/results/models/convnext_small_linftrades_2_init2/model_best.pth.tar,trades,linf,2,l2,8.0,8.0,10,1.6,78.516,93.996,7.31,23.604,0.9762244326782228,8.493185567016601,state_dict_ema,/groups/golan_neurogroup/bml_group/tomerash/advmodels/results/models/convnext_small_linftrades_2_init2/pgd_eval/pgd_validation_results.csv,convnext_small_linftrades_2_init2,,,convnext_small_linftrades_2_init2,False,trades,linf,linf,2,2.0,linf,2.0,8.0,convnext_small_linftrades_2_init2,l2,eps=2 init 2,trades
2026-03-30T02:58:47,model_best,/home/ashtomer/projects/ares/results/models/convnext_small_linftrades_2_init2/model_best.pth.tar,trades,linf,2,l2,16.0,16.0,10,3.2,78.516,93.996,0.71,2.352,0.9762244326782228,14.067529726867676,state_dict_ema,/groups/golan_neurogroup/bml_group/tomerash/advmodels/results/models/convnext_small_linftrades_2_init2/pgd_eval/pgd_validation_results.csv,convnext_small_linftrades_2_init2,,,convnext_small_linftrades_2_init2,False,trades,linf,linf,2,2.0,linf,2.0,16.0,convnext_small_linftrades_2_init2,l2,eps=2 init 2,trades
2026-03-30T07:21:42,model_best,/home/ashtomer/projects/ares/results/models/convnext_small_linftrades_2_init2/model_best.pth.tar,trades,linf,2,l1,1.0,127.5,10,25.5,78.516,93.996,37.586,72.094,0.9762244326782228,3.033120258331299,state_dict_ema,/groups/golan_neurogroup/bml_group/tomerash/advmodels/results/models/convnext_small_linftrades_2_init2/pgd_eval/pgd_validation_results.csv,convnext_small_linftrades_2_init2,,,convnext_small_linftrades_2_init2,False,trades,linf,linf,2,2.0,linf,2.0,127.5,convnext_small_linftrades_2_init2,l1,eps=2 init 2,trades
2026-03-30T09:32:56,model_best,/home/ashtomer/projects/ares/results/models/convnext_small_linftrades_2_init2/model_best.pth.tar,trades,linf,2,l1,2.0,255.0,10,51.0,78.516,93.996,35.918,70.814,0.9762244326782228,3.1056316593933104,state_dict_ema,/groups/golan_neurogroup/bml_group/tomerash/advmodels/results/models/convnext_small_linftrades_2_init2/pgd_eval/pgd_validation_results.csv,convnext_small_linftrades_2_init2,,,convnext_small_linftrades_2_init2,False,trades,linf,linf,2,2.0,linf,2.0,255.0,convnext_small_linftrades_2_init2,l1,eps=2 init 2,trades
2026-03-30T11:44:22,model_best,/home/ashtomer/projects/ares/results/models/convnext_small_linftrades_2_init2/model_best.pth.tar,trades,linf,2,l1,4.0,510.0,10,102.0,78.516,93.996,37.038,71.846,0.9762244326782228,3.001891997833252,state_dict_ema,/groups/golan_neurogroup/bml_group/tomerash/advmodels/results/models/convnext_small_linftrades_2_init2/pgd_eval/pgd_validation_results.csv,convnext_small_linftrades_2_init2,,,convnext_small_linftrades_2_init2,False,trades,linf,linf,2,2.0,linf,2.0,510.0,convnext_small_linftrades_2_init2,l1,eps=2 init 2,trades
2026-03-30T13:56:14,model_best,/home/ashtomer/projects/ares/results/models/convnext_small_linftrades_2_init2/model_best.pth.tar,trades,linf,2,l1,8.0,1020.0,10,204.0,78.516,93.996,38.3,72.544,0.9762244326782228,2.905167059020996,state_dict_ema,/groups/golan_neurogroup/bml_group/tomerash/advmodels/results/models/convnext_small_linftrades_2_init2/pgd_eval/pgd_validation_results.csv,convnext_small_linftrades_2_init2,,,convnext_small_linftrades_2_init2,False,trades,linf,linf,2,2.0,linf,2.0,1020.0,convnext_small_linftrades_2_init2,l1,eps=2 init 2,trades
2026-03-30T16:07:25,model_best,/home/ashtomer/projects/ares/results/models/convnext_small_linftrades_2_init2/model_best.pth.tar,trades,linf,2,l1,16.0,2040.0,10,408.0,78.516,93.996,39.488,73.312,0.9762244326782228,2.834478972320557,state_dict_ema,/groups/golan_neurogroup/bml_group/tomerash/advmodels/results/models/convnext_small_linftrades_2_init2/pgd_eval/pgd_validation_results.csv,convnext_small_linftrades_2_init2,,,convnext_small_linftrades_2_init2,False,trades,linf,linf,2,2.0,linf,2.0,2040.0,convnext_small_linftrades_2_init2,l1,eps=2 init 2,trades
2026-03-30T16:52:06,model_best,/home/ashtomer/projects/ares/results/models/convnext_small_linftrades_4_init1/model_best.pth.tar,trades,linf,1,linf,1.0,0.0039215686274509,10,0.0007843137254901,75.362,91.782,67.124,88.456,1.0713527194213868,1.4751635598754882,state_dict_ema,/groups/golan_neurogroup/bml_group/tomerash/advmodels/results/models/convnext_small_linftrades_4_init1/pgd_eval/pgd_validation_results.csv,convnext_small_linftrades_4_init1,l2_norm,,convnext_small_linftrades_4_init1,False,trades,linf,linf,1,4.0,linf,4.0,0.00392156862745098,convnext_small_linftrades_4_init1,linf,eps=4 init 1,trades
2026-03-30T18:59:33,model_best,/home/ashtomer/projects/ares/results/models/convnext_small_linftrades_4_init1/model_best.pth.tar,trades,linf,1,linf,2.0,0.0078431372549019,10,0.0015686274509803,75.362,91.782,57.946,84.274,1.0713527194213868,1.982623250427246,state_dict_ema,/groups/golan_neurogroup/bml_group/tomerash/advmodels/results/models/convnext_small_linftrades_4_init1/pgd_eval/pgd_validation_results.csv,convnext_small_linftrades_4_init1,l2_norm,,convnext_small_linftrades_4_init1,False,trades,linf,linf,1,4.0,linf,4.0,0.00784313725490196,convnext_small_linftrades_4_init1,linf,eps=4 init 1,trades
2026-03-30T21:07:12,model_best,/home/ashtomer/projects/ares/results/models/convnext_small_linftrades_4_init1/model_best.pth.tar,trades,linf,1,linf,4.0,0.0156862745098039,10,0.0031372549019607,75.362,91.782,38.922,74.1,1.0713527194213868,3.407265540466309,state_dict_ema,/groups/golan_neurogroup/bml_group/tomerash/advmodels/results/models/convnext_small_linftrades_4_init1/pgd_eval/pgd_validation_results.csv,convnext_small_linftrades_4_init1,l2_norm,,convnext_small_linftrades_4_init1,False,trades,linf,linf,1,4.0,linf,4.0,0.01568627450980392,convnext_small_linftrades_4_init1,linf,eps=4 init 1,trades
2026-03-30T23:15:36,model_best,/home/ashtomer/projects/ares/results/models/convnext_small_linftrades_4_init1/model_best.pth.tar,trades,linf,1,linf,8.0,0.0313725490196078,10,0.0062745098039215,75.362,91.782,13.28,49.384,1.0713527194213868,7.553437457580566,state_dict_ema,/groups/golan_neurogroup/bml_group/tomerash/advmodels/results/models/convnext_small_linftrades_4_init1/pgd_eval/pgd_validation_results.csv,convnext_small_linftrades_4_init1,l2_norm,,convnext_small_linftrades_4_init1,False,trades,linf,linf,1,4.0,linf,4.0,0.03137254901960784,convnext_small_linftrades_4_init1,linf,eps=4 init 1,trades
2026-03-31T01:31:05,model_best,/home/ashtomer/projects/ares/results/models/convnext_small_linftrades_4_init1/model_best.pth.tar,trades,linf,1,linf,16.0,0.0627450980392156,10,0.0125490196078431,75.362,91.782,1.352,13.606,1.0713527194213868,16.37453678833008,state_dict_ema,/groups/golan_neurogroup/bml_group/tomerash/advmodels/results/models/convnext_small_linftrades_4_init1/pgd_eval/pgd_validation_results.csv,convnext_small_linftrades_4_init1,l2_norm,,convnext_small_linftrades_4_init1,False,trades,linf,linf,1,4.0,linf,4.0,0.06274509803921569,convnext_small_linftrades_4_init1,linf,eps=4 init 1,trades
2026-03-31T03:46:09,model_best,/home/ashtomer/projects/ares/results/models/convnext_small_linftrades_4_init1/model_best.pth.tar,trades,linf,1,l2,1.0,1.0,10,0.2,75.362,91.782,62.95,86.632,1.0713527194213868,1.6941065286254884,state_dict_ema,/groups/golan_neurogroup/bml_group/tomerash/advmodels/results/models/convnext_small_linftrades_4_init1/pgd_eval/pgd_validation_results.csv,convnext_small_linftrades_4_init1,l2_norm,,convnext_small_linftrades_4_init1,False,trades,linf,linf,1,4.0,linf,4.0,1.0,convnext_small_linftrades_4_init1,l2,eps=4 init 1,trades
2026-03-31T06:00:20,model_best,/home/ashtomer/projects/ares/results/models/convnext_small_linftrades_4_init1/model_best.pth.tar,trades,linf,1,l2,2.0,2.0,10,0.4,75.362,91.782,48.284,79.588,1.0713527194213868,2.6141459463500976,state_dict_ema,/groups/golan_neurogroup/bml_group/tomerash/advmodels/results/models/convnext_small_linftrades_4_init1/pgd_eval/pgd_validation_results.csv,convnext_small_linftrades_4_init1,l2_norm,,convnext_small_linftrades_4_init1,False,trades,linf,linf,1,4.0,linf,4.0,2.0,convnext_small_linftrades_4_init1,l2,eps=4 init 1,trades
2026-03-31T08:13:32,model_best,/home/ashtomer/projects/ares/results/models/convnext_small_linftrades_4_init1/model_best.pth.tar,trades,linf,1,l2,4.0,4.0,10,0.8,75.362,91.782,23.46,61.746,1.0713527194213868,5.336208294067383,state_dict_ema,/groups/golan_neurogroup/bml_group/tomerash/advmodels/results/models/convnext_small_linftrades_4_init1/pgd_eval/pgd_validation_results.csv,convnext_small_linftrades_4_init1,l2_norm,,convnext_small_linftrades_4_init1,False,trades,linf,linf,1,4.0,linf,4.0,4.0,convnext_small_linftrades_4_init1,l2,eps=4 init 1,trades
2026-03-31T10:24:11,model_best,/home/ashtomer/projects/ares/results/models/convnext_small_linftrades_4_init1/model_best.pth.tar,trades,linf,1,l2,8.0,8.0,10,1.6,75.362,91.782,4.572,29.308,1.0713527194213868,11.784144002075196,state_dict_ema,/groups/golan_neurogroup/bml_group/tomerash/advmodels/results/models/convnext_small_linftrades_4_init1/pgd_eval/pgd_validation_results.csv,convnext_small_linftrades_4_init1,l2_norm,,convnext_small_linftrades_4_init1,False,trades,linf,linf,1,4.0,linf,4.0,8.0,convnext_small_linftrades_4_init1,l2,eps=4 init 1,trades
2026-03-31T12:31:05,model_best,/home/ashtomer/projects/ares/results/models/convnext_small_linftrades_4_init1/model_best.pth.tar,trades,linf,1,l2,16.0,16.0,10,3.2,75.362,91.782,0.306,4.69,1.0713527194213868,20.273709170532225,state_dict_ema,/groups/golan_neurogroup/bml_group/tomerash/advmodels/results/models/convnext_small_linftrades_4_init1/pgd_eval/pgd_validation_results.csv,convnext_small_linftrades_4_init1,l2_norm,,convnext_small_linftrades_4_init1,False,trades,linf,linf,1,4.0,linf,4.0,16.0,convnext_small_linftrades_4_init1,l2,eps=4 init 1,trades
2026-03-31T14:39:12,model_best,/home/ashtomer/projects/ares/results/models/convnext_small_linftrades_4_init1/model_best.pth.tar,trades,linf,1,l1,1.0,127.5,10,25.5,75.362,91.782,35.362,72.004,1.0713527194213868,3.665072616882324,state_dict_ema,/groups/golan_neurogroup/bml_group/tomerash/advmodels/results/models/convnext_small_linftrades_4_init1/pgd_eval/pgd_validation_results.csv,convnext_small_linftrades_4_init1,l2_norm,,convnext_small_linftrades_4_init1,False,trades,linf,linf,1,4.0,linf,4.0,127.5,convnext_small_linftrades_4_init1,l1,eps=4 init 1,trades
2026-03-31T16:48:52,model_best,/home/ashtomer/projects/ares/results/models/convnext_small_linftrades_4_init1/model_best.pth.tar,trades,linf,1,l1,2.0,255.0,10,51.0,75.362,91.782,31.34,69.006,1.0713527194213868,4.006811165924073,state_dict_ema,/groups/golan_neurogroup/bml_group/tomerash/advmodels/results/models/convnext_small_linftrades_4_init1/pgd_eval/pgd_validation_results.csv,convnext_small_linftrades_4_init1,l2_norm,,convnext_small_linftrades_4_init1,False,trades,linf,linf,1,4.0,linf,4.0,255.0,convnext_small_linftrades_4_init1,l1,eps=4 init 1,trades
2026-03-31T18:59:08,model_best,/home/ashtomer/projects/ares/results/models/convnext_small_linftrades_4_init1/model_best.pth.tar,trades,linf,1,l1,4.0,510.0,10,102.0,75.362,91.782,31.054,68.692,1.0713527194213868,3.961289978637695,state_dict_ema,/groups/golan_neurogroup/bml_group/tomerash/advmodels/results/models/convnext_small_linftrades_4_init1/pgd_eval/pgd_validation_results.csv,convnext_small_linftrades_4_init1,l2_norm,,convnext_small_linftrades_4_init1,False,trades,linf,linf,1,4.0,linf,4.0,510.0,convnext_small_linftrades_4_init1,l1,eps=4 init 1,trades
2026-03-31T21:08:05,model_best,/home/ashtomer/projects/ares/results/models/convnext_small_linftrades_4_init1/model_best.pth.tar,trades,linf,1,l1,8.0,1020.0,10,204.0,75.362,91.782,31.786,68.898,1.0713527194213868,3.828798464508057,state_dict_ema,/groups/golan_neurogroup/bml_group/tomerash/advmodels/results/models/convnext_small_linftrades_4_init1/pgd_eval/pgd_validation_results.csv,convnext_small_linftrades_4_init1,l2_norm,,convnext_small_linftrades_4_init1,False,trades,linf,linf,1,4.0,linf,4.0,1020.0,convnext_small_linftrades_4_init1,l1,eps=4 init 1,trades
2026-03-31T23:16:42,model_best,/home/ashtomer/projects/ares/results/models/convnext_small_linftrades_4_init1/model_best.pth.tar,trades,linf,1,l1,16.0,2040.0,10,408.0,75.362,91.782,32.59,69.298,1.0713527194213868,3.726435502319336,state_dict_ema,/groups/golan_neurogroup/bml_group/tomerash/advmodels/results/models/convnext_small_linftrades_4_init1/pgd_eval/pgd_validation_results.csv,convnext_small_linftrades_4_init1,l2_norm,,convnext_small_linftrades_4_init1,False,trades,linf,linf,1,4.0,linf,4.0,2040.0,convnext_small_linftrades_4_init1,l1,eps=4 init 1,trades
2026-03-30T18:18:57,model_best,/home/ashtomer/projects/ares/results/models/convnext_small_linftrades_4_init2/model_best.pth.tar,trades,linf,2,linf,1.0,0.0039215686274509,10,0.0007843137254901,80.772,95.176,31.686,64.806,0.8498494737625122,4.757386531677246,state_dict_ema,/groups/golan_neurogroup/bml_group/tomerash/advmodels/results/models/convnext_small_linftrades_4_init2/pgd_eval/pgd_validation_results.csv,convnext_small_linftrades_4_init2,l2_norm,,convnext_small_linftrades_4_init2,False,trades,linf,linf,2,4.0,linf,4.0,0.00392156862745098,convnext_small_linftrades_4_init2,linf,eps=4 init 2,trades
2026-03-30T20:30:17,model_best,/home/ashtomer/projects/ares/results/models/convnext_small_linftrades_4_init2/model_best.pth.tar,trades,linf,2,linf,2.0,0.0078431372549019,10,0.0015686274509803,80.772,95.176,7.198,20.988,0.8498494737625122,10.529429689636231,state_dict_ema,/groups/golan_neurogroup/bml_group/tomerash/advmodels/results/models/convnext_small_linftrades_4_init2/pgd_eval/pgd_validation_results.csv,convnext_small_linftrades_4_init2,l2_norm,,convnext_small_linftrades_4_init2,False,trades,linf,linf,2,4.0,linf,4.0,0.00784313725490196,convnext_small_linftrades_4_init2,linf,eps=4 init 2,trades
2026-03-30T22:40:46,model_best,/home/ashtomer/projects/ares/results/models/convnext_small_linftrades_4_init2/model_best.pth.tar,trades,linf,2,linf,4.0,0.0156862745098039,10,0.0031372549019607,80.772,95.176,0.236,1.266,0.8498494737625122,15.511828650512696,state_dict_ema,/groups/golan_neurogroup/bml_group/tomerash/advmodels/results/models/convnext_small_linftrades_4_init2/pgd_eval/pgd_validation_results.csv,convnext_small_linftrades_4_init2,l2_norm,,convnext_small_linftrades_4_init2,False,trades,linf,linf,2,4.0,linf,4.0,0.01568627450980392,convnext_small_linftrades_4_init2,linf,eps=4 init 2,trades
2026-03-31T00:51:36,model_best,/home/ashtomer/projects/ares/results/models/convnext_small_linftrades_4_init2/model_best.pth.tar,trades,linf,2,linf,8.0,0.0313725490196078,10,0.0062745098039215,80.772,95.176,0.548,2.264,0.8498494737625122,14.068363119506836,state_dict_ema,/groups/golan_neurogroup/bml_group/tomerash/advmodels/results/models/convnext_small_linftrades_4_init2/pgd_eval/pgd_validation_results.csv,convnext_small_linftrades_4_init2,l2_norm,,convnext_small_linftrades_4_init2,False,trades,linf,linf,2,4.0,linf,4.0,0.03137254901960784,convnext_small_linftrades_4_init2,linf,eps=4 init 2,trades
2026-03-31T03:02:35,model_best,/home/ashtomer/projects/ares/results/models/convnext_small_linftrades_4_init2/model_best.pth.tar,trades,linf,2,linf,16.0,0.0627450980392156,10,0.0125490196078431,80.772,95.176,0.752,2.244,0.8498494737625122,13.34507955078125,state_dict_ema,/groups/golan_neurogroup/bml_group/tomerash/advmodels/results/models/convnext_small_linftrades_4_init2/pgd_eval/pgd_validation_results.csv,convnext_small_linftrades_4_init2,l2_norm,,convnext_small_linftrades_4_init2,False,trades,linf,linf,2,4.0,linf,4.0,0.06274509803921569,convnext_small_linftrades_4_init2,linf,eps=4 init 2,trades
2026-03-31T05:13:31,model_best,/home/ashtomer/projects/ares/results/models/convnext_small_linftrades_4_init2/model_best.pth.tar,trades,linf,2,l2,1.0,1.0,10,0.2,80.772,95.176,20.062,46.766,0.8498494737625122,6.967507192993164,state_dict_ema,/groups/golan_neurogroup/bml_group/tomerash/advmodels/results/models/convnext_small_linftrades_4_init2/pgd_eval/pgd_validation_results.csv,convnext_small_linftrades_4_init2,l2_norm,,convnext_small_linftrades_4_init2,False,trades,linf,linf,2,4.0,linf,4.0,1.0,convnext_small_linftrades_4_init2,l2,eps=4 init 2,trades
2026-03-31T07:24:14,model_best,/home/ashtomer/projects/ares/results/models/convnext_small_linftrades_4_init2/model_best.pth.tar,trades,linf,2,l2,2.0,2.0,10,0.4,80.772,95.176,7.694,18.464,0.8498494737625122,11.114602517089844,state_dict_ema,/groups/golan_neurogroup/bml_group/tomerash/advmodels/results/models/convnext_small_linftrades_4_init2/pgd_eval/pgd_validation_results.csv,convnext_small_linftrades_4_init2,l2_norm,,convnext_small_linftrades_4_init2,False,trades,linf,linf,2,4.0,linf,4.0,2.0,convnext_small_linftrades_4_init2,l2,eps=4 init 2,trades
2026-03-31T09:34:20,model_best,/home/ashtomer/projects/ares/results/models/convnext_small_linftrades_4_init2/model_best.pth.tar,trades,linf,2,l2,4.0,4.0,10,0.8,80.772,95.176,2.348,5.862,0.8498494737625122,13.504252758789065,state_dict_ema,/groups/golan_neurogroup/bml_group/tomerash/advmodels/results/models/convnext_small_linftrades_4_init2/pgd_eval/pgd_validation_results.csv,convnext_small_linftrades_4_init2,l2_norm,,convnext_small_linftrades_4_init2,False,trades,linf,linf,2,4.0,linf,4.0,4.0,convnext_small_linftrades_4_init2,l2,eps=4 init 2,trades
2026-03-31T11:44:20,model_best,/home/ashtomer/projects/ares/results/models/convnext_small_linftrades_4_init2/model_best.pth.tar,trades,linf,2,l2,8.0,8.0,10,1.6,80.772,95.176,5.03,13.154,0.8498494737625122,10.710774548339844,state_dict_ema,/groups/golan_neurogroup/bml_group/tomerash/advmodels/results/models/convnext_small_linftrades_4_init2/pgd_eval/pgd_validation_results.csv,convnext_small_linftrades_4_init2,l2_norm,,convnext_small_linftrades_4_init2,False,trades,linf,linf,2,4.0,linf,4.0,8.0,convnext_small_linftrades_4_init2,l2,eps=4 init 2,trades
2026-03-31T13:54:00,model_best,/home/ashtomer/projects/ares/results/models/convnext_small_linftrades_4_init2/model_best.pth.tar,trades,linf,2,l2,16.0,16.0,10,3.2,80.772,95.176,2.482,7.154,0.8498494737625122,10.83009533203125,state_dict_ema,/groups/golan_neurogroup/bml_group/tomerash/advmodels/results/models/convnext_small_linftrades_4_init2/pgd_eval/pgd_validation_results.csv,convnext_small_linftrades_4_init2,l2_norm,,convnext_small_linftrades_4_init2,False,trades,linf,linf,2,4.0,linf,4.0,16.0,convnext_small_linftrades_4_init2,l2,eps=4 init 2,trades
2026-02-17T06:09:22,model_best,results/models/convnext_small_linftrades_4_init2/model_best.pth.tar,trades,linf,2,linf,1.0,0.0039215686274509,10,0.0007843137254901,80.774,95.176,66.73800197753906,90.0280025390625,0.849850616645813,1.522552899093628,state_dict_ema,/groups/golan_neurogroup/bml_group/tomerash/advmodels/results/models/convnext_small_linftrades_4_init2/pgd_validation_results.csv,convnext_small_linftrades_4_init2,,,convnext_small_linftrades_4_init2,False,trades,linf,linf,2,4.0,linf,4.0,0.00392156862745098,convnext_small_linftrades_4_init2,linf,eps=4 init 2,trades
2026-02-17T06:31:52,model_best,results/models/convnext_small_linftrades_4_init2/model_best.pth.tar,trades,linf,2,linf,2.0,0.0078431372549019,10,0.0015686274509803,80.774,95.176,51.24800132080078,81.52600250976562,0.849850616645813,2.5609628086853027,state_dict_ema,/groups/golan_neurogroup/bml_group/tomerash/advmodels/results/models/convnext_small_linftrades_4_init2/pgd_validation_results.csv,convnext_small_linftrades_4_init2,,,convnext_small_linftrades_4_init2,False,trades,linf,linf,2,4.0,linf,4.0,0.00784313725490196,convnext_small_linftrades_4_init2,linf,eps=4 init 2,trades
2026-02-17T06:54:19,model_best,results/models/convnext_small_linftrades_4_init2/model_best.pth.tar,trades,linf,2,linf,4.0,0.0156862745098039,10,0.0031372549019607,80.774,95.176,18.822000555267334,40.83000124389648,0.849850616645813,7.517556257629394,state_dict_ema,/groups/golan_neurogroup/bml_group/tomerash/advmodels/results/models/convnext_small_linftrades_4_init2/pgd_validation_results.csv,convnext_small_linftrades_4_init2,,,convnext_small_linftrades_4_init2,False,trades,linf,linf,2,4.0,linf,4.0,0.01568627450980392,convnext_small_linftrades_4_init2,linf,eps=4 init 2,trades
2026-02-17T07:16:45,model_best,results/models/convnext_small_linftrades_4_init2/model_best.pth.tar,trades,linf,2,linf,8.0,0.0313725490196078,10,0.0062745098039215,80.774,95.176,0.5460000260925293,1.7840000633239743,0.849850616645813,15.09211548461914,state_dict_ema,/groups/golan_neurogroup/bml_group/tomerash/advmodels/results/models/convnext_small_linftrades_4_init2/pgd_validation_results.csv,convnext_small_linftrades_4_init2,,,convnext_small_linftrades_4_init2,False,trades,linf,linf,2,4.0,linf,4.0,0.03137254901960784,convnext_small_linftrades_4_init2,linf,eps=4 init 2,trades
2026-02-17T07:39:07,model_best,results/models/convnext_small_linftrades_4_init2/model_best.pth.tar,trades,linf,2,linf,16.0,0.0627450980392156,10,0.0125490196078431,80.774,95.176,0.5180000225830078,1.7620000729370118,0.849850616645813,14.224741295776369,state_dict_ema,/groups/golan_neurogroup/bml_group/tomerash/advmodels/results/models/convnext_small_linftrades_4_init2/pgd_validation_results.csv,convnext_small_linftrades_4_init2,,,convnext_small_linftrades_4_init2,False,trades,linf,linf,2,4.0,linf,4.0,0.06274509803921569,convnext_small_linftrades_4_init2,linf,eps=4 init 2,trades
2026-02-17T08:23:59,model_best,results/models/convnext_small_linftrades_4_init2/model_best.pth.tar,trades,linf,2,l2,1.0,1.0,10,0.2,80.774,95.176,57.62200170898438,85.54400243164062,0.849850616645813,2.05717477935791,state_dict_ema,/groups/golan_neurogroup/bml_group/tomerash/advmodels/results/models/convnext_small_linftrades_4_init2/pgd_validation_results.csv,convnext_small_linftrades_4_init2,,,convnext_small_linftrades_4_init2,False,trades,linf,linf,2,4.0,linf,4.0,1.0,convnext_small_linftrades_4_init2,l2,eps=4 init 2,trades
2026-02-17T08:46:24,model_best,results/models/convnext_small_linftrades_4_init2/model_best.pth.tar,trades,linf,2,l2,2.0,2.0,10,0.4,80.774,95.176,38.16000103759766,69.6400020703125,0.849850616645813,3.954472359924317,state_dict_ema,/groups/golan_neurogroup/bml_group/tomerash/advmodels/results/models/convnext_small_linftrades_4_init2/pgd_validation_results.csv,convnext_small_linftrades_4_init2,,,convnext_small_linftrades_4_init2,False,trades,linf,linf,2,4.0,linf,4.0,2.0,convnext_small_linftrades_4_init2,l2,eps=4 init 2,trades
2026-02-17T09:08:48,model_best,results/models/convnext_small_linftrades_4_init2/model_best.pth.tar,trades,linf,2,l2,4.0,4.0,10,0.8,80.774,95.176,12.720000363464356,25.38400064300537,0.849850616645813,9.835833175354004,state_dict_ema,/groups/golan_neurogroup/bml_group/tomerash/advmodels/results/models/convnext_small_linftrades_4_init2/pgd_validation_results.csv,convnext_small_linftrades_4_init2,,,convnext_small_linftrades_4_init2,False,trades,linf,linf,2,4.0,linf,4.0,4.0,convnext_small_linftrades_4_init2,l2,eps=4 init 2,trades
2026-02-17T09:31:10,model_best,results/models/convnext_small_linftrades_4_init2/model_best.pth.tar,trades,linf,2,l2,8.0,8.0,10,1.6,80.774,95.176,1.816000078125,4.668000137023926,0.849850616645813,13.932582192687988,state_dict_ema,/groups/golan_neurogroup/bml_group/tomerash/advmodels/results/models/convnext_small_linftrades_4_init2/pgd_validation_results.csv,convnext_small_linftrades_4_init2,,,convnext_small_linftrades_4_init2,False,trades,linf,linf,2,4.0,linf,4.0,8.0,convnext_small_linftrades_4_init2,l2,eps=4 init 2,trades
2026-02-17T09:53:33,model_best,results/models/convnext_small_linftrades_4_init2/model_best.pth.tar,trades,linf,2,l2,16.0,16.0,10,3.2,80.774,95.176,6.188000191955567,15.910000491333008,0.849850616645813,10.006351055908205,state_dict_ema,/groups/golan_neurogroup/bml_group/tomerash/advmodels/results/models/convnext_small_linftrades_4_init2/pgd_validation_results.csv,convnext_small_linftrades_4_init2,,,convnext_small_linftrades_4_init2,False,trades,linf,linf,2,4.0,linf,4.0,16.0,convnext_small_linftrades_4_init2,l2,eps=4 init 2,trades
2026-03-31T16:04:30,model_best,/home/ashtomer/projects/ares/results/models/convnext_small_linftrades_4_init2/model_best.pth.tar,trades,linf,2,l1,1.0,127.5,10,25.5,80.772,95.176,67.126,89.614,0.8498494737625122,1.4985695487976074,state_dict_ema,/groups/golan_neurogroup/bml_group/tomerash/advmodels/results/models/convnext_small_linftrades_4_init2/pgd_eval/pgd_validation_results.csv,convnext_small_linftrades_4_init2,l2_norm,,convnext_small_linftrades_4_init2,False,trades,linf,linf,2,4.0,linf,4.0,127.5,convnext_small_linftrades_4_init2,l1,eps=4 init 2,trades
2026-03-31T18:15:14,model_best,/home/ashtomer/projects/ares/results/models/convnext_small_linftrades_4_init2/model_best.pth.tar,trades,linf,2,l1,2.0,255.0,10,51.0,80.772,95.176,68.72,90.028,0.8498494737625122,1.422583762512207,state_dict_ema,/groups/golan_neurogroup/bml_group/tomerash/advmodels/results/models/convnext_small_linftrades_4_init2/pgd_eval/pgd_validation_results.csv,convnext_small_linftrades_4_init2,l2_norm,,convnext_small_linftrades_4_init2,False,trades,linf,linf,2,4.0,linf,4.0,255.0,convnext_small_linftrades_4_init2,l1,eps=4 init 2,trades
2026-03-31T20:25:53,model_best,/home/ashtomer/projects/ares/results/models/convnext_small_linftrades_4_init2/model_best.pth.tar,trades,linf,2,l1,4.0,510.0,10,102.0,80.772,95.176,68.376,89.726,0.8498494737625122,1.443360733795166,state_dict_ema,/groups/golan_neurogroup/bml_group/tomerash/advmodels/results/models/convnext_small_linftrades_4_init2/pgd_eval/pgd_validation_results.csv,convnext_small_linftrades_4_init2,l2_norm,,convnext_small_linftrades_4_init2,False,trades,linf,linf,2,4.0,linf,4.0,510.0,convnext_small_linftrades_4_init2,l1,eps=4 init 2,trades
2026-03-31T22:36:38,model_best,/home/ashtomer/projects/ares/results/models/convnext_small_linftrades_4_init2/model_best.pth.tar,trades,linf,2,l1,8.0,1020.0,10,204.0,80.772,95.176,69.57,90.216,0.8498494737625122,1.3863344766998291,state_dict_ema,/groups/golan_neurogroup/bml_group/tomerash/advmodels/results/models/convnext_small_linftrades_4_init2/pgd_eval/pgd_validation_results.csv,convnext_small_linftrades_4_init2,l2_norm,,convnext_small_linftrades_4_init2,False,trades,linf,linf,2,4.0,linf,4.0,1020.0,convnext_small_linftrades_4_init2,l1,eps=4 init 2,trades
2026-04-01T00:47:15,model_best,/home/ashtomer/projects/ares/results/models/convnext_small_linftrades_4_init2/model_best.pth.tar,trades,linf,2,l1,16.0,2040.0,10,408.0,80.772,95.176,69.34,90.494,0.8498494737625122,1.393683139038086,state_dict_ema,/groups/golan_neurogroup/bml_group/tomerash/advmodels/results/models/convnext_small_linftrades_4_init2/pgd_eval/pgd_validation_results.csv,convnext_small_linftrades_4_init2,l2_norm,,convnext_small_linftrades_4_init2,False,trades,linf,linf,2,4.0,linf,4.0,2040.0,convnext_small_linftrades_4_init2,l1,eps=4 init 2,trades
2026-02-17T10:38:45,model_best,results/models/convnext_small_linftrades_4_init2/model_best.pth.tar,trades,linf,2,l1,1.0,127.5,10,25.5,80.774,95.176,45.77800123046875,77.71400254882812,0.849850616645813,2.8457141319274903,state_dict_ema,/groups/golan_neurogroup/bml_group/tomerash/advmodels/results/models/convnext_small_linftrades_4_init2/pgd_validation_results.csv,convnext_small_linftrades_4_init2,,,convnext_small_linftrades_4_init2,False,trades,linf,linf,2,4.0,linf,4.0,127.5,convnext_small_linftrades_4_init2,l1,eps=4 init 2,trades
2026-02-17T11:01:23,model_best,results/models/convnext_small_linftrades_4_init2/model_best.pth.tar,trades,linf,2,l1,2.0,255.0,10,51.0,80.774,95.176,43.34000115600586,75.31200255371094,0.849850616645813,2.932073888244629,state_dict_ema,/groups/golan_neurogroup/bml_group/tomerash/advmodels/results/models/convnext_small_linftrades_4_init2/pgd_validation_results.csv,convnext_small_linftrades_4_init2,,,convnext_small_linftrades_4_init2,False,trades,linf,linf,2,4.0,linf,4.0,255.0,convnext_small_linftrades_4_init2,l1,eps=4 init 2,trades
2026-02-17T11:24:01,model_best,results/models/convnext_small_linftrades_4_init2/model_best.pth.tar,trades,linf,2,l1,4.0,510.0,10,102.0,80.774,95.176,41.22800110107422,73.25800237792969,0.849850616645813,2.96067009552002,state_dict_ema,/groups/golan_neurogroup/bml_group/tomerash/advmodels/results/models/convnext_small_linftrades_4_init2/pgd_validation_results.csv,convnext_small_linftrades_4_init2,,,convnext_small_linftrades_4_init2,False,trades,linf,linf,2,4.0,linf,4.0,510.0,convnext_small_linftrades_4_init2,l1,eps=4 init 2,trades
2026-02-17T11:46:44,model_best,results/models/convnext_small_linftrades_4_init2/model_best.pth.tar,trades,linf,2,l1,8.0,1020.0,10,204.0,80.774,95.176,39.99200111328125,72.19000217773437,0.849850616645813,2.950717741394043,state_dict_ema,/groups/golan_neurogroup/bml_group/tomerash/advmodels/results/models/convnext_small_linftrades_4_init2/pgd_validation_results.csv,convnext_small_linftrades_4_init2,,,convnext_small_linftrades_4_init2,False,trades,linf,linf,2,4.0,linf,4.0,1020.0,convnext_small_linftrades_4_init2,l1,eps=4 init 2,trades
2026-02-17T12:09:29,model_best,results/models/convnext_small_linftrades_4_init2/model_best.pth.tar,trades,linf,2,l1,16.0,2040.0,10,408.0,80.774,95.176,45.05400129272461,75.74800232421875,0.849850616645813,2.640075143890381,state_dict_ema,/groups/golan_neurogroup/bml_group/tomerash/advmodels/results/models/convnext_small_linftrades_4_init2/pgd_validation_results.csv,convnext_small_linftrades_4_init2,,,convnext_small_linftrades_4_init2,False,trades,linf,linf,2,4.0,linf,4.0,2040.0,convnext_small_linftrades_4_init2,l1,eps=4 init 2,trades
2026-03-30T18:39:27,model_best,/home/ashtomer/projects/ares/results/models/convnext_small_linftrades_8_init1/model_best.pth.tar,trades,linf,1,linf,1.0,0.0039215686274509,10,0.0007843137254901,76.882,93.038,36.916,74.698,0.979186816253662,3.7280353370666495,state_dict_ema,/groups/golan_neurogroup/bml_group/tomerash/advmodels/results/models/convnext_small_linftrades_8_init1/pgd_eval/pgd_validation_results.csv,convnext_small_linftrades_8_init1,l2_norm,,convnext_small_linftrades_8_init1,False,trades,linf,linf,1,8.0,linf,8.0,0.00392156862745098,convnext_small_linftrades_8_init1,linf,eps=8 init 1,trades
2026-03-30T20:50:51,model_best,/home/ashtomer/projects/ares/results/models/convnext_small_linftrades_8_init1/model_best.pth.tar,trades,linf,1,linf,2.0,0.0078431372549019,10,0.0015686274509803,76.882,93.038,12.924,52.716,0.979186816253662,7.894775263061524,state_dict_ema,/groups/golan_neurogroup/bml_group/tomerash/advmodels/results/models/convnext_small_linftrades_8_init1/pgd_eval/pgd_validation_results.csv,convnext_small_linftrades_8_init1,l2_norm,,convnext_small_linftrades_8_init1,False,trades,linf,linf,1,8.0,linf,8.0,0.00784313725490196,convnext_small_linftrades_8_init1,linf,eps=8 init 1,trades
2026-03-30T23:02:18,model_best,/home/ashtomer/projects/ares/results/models/convnext_small_linftrades_8_init1/model_best.pth.tar,trades,linf,1,linf,4.0,0.0156862745098039,10,0.0031372549019607,76.882,93.038,1.886,22.362,0.979186816253662,14.83945678100586,state_dict_ema,/groups/golan_neurogroup/bml_group/tomerash/advmodels/results/models/convnext_small_linftrades_8_init1/pgd_eval/pgd_validation_results.csv,convnext_small_linftrades_8_init1,l2_norm,,convnext_small_linftrades_8_init1,False,trades,linf,linf,1,8.0,linf,8.0,0.01568627450980392,convnext_small_linftrades_8_init1,linf,eps=8 init 1,trades
2026-03-31T01:15:11,model_best,/home/ashtomer/projects/ares/results/models/convnext_small_linftrades_8_init1/model_best.pth.tar,trades,linf,1,linf,8.0,0.0313725490196078,10,0.0062745098039215,76.882,93.038,0.144,5.708,0.979186816253662,20.115347490844727,state_dict_ema,/groups/golan_neurogroup/bml_group/tomerash/advmodels/results/models/convnext_small_linftrades_8_init1/pgd_eval/pgd_validation_results.csv,convnext_small_linftrades_8_init1,l2_norm,,convnext_small_linftrades_8_init1,False,trades,linf,linf,1,8.0,linf,8.0,0.03137254901960784,convnext_small_linftrades_8_init1,linf,eps=8 init 1,trades
2026-03-31T03:27:06,model_best,/home/ashtomer/projects/ares/results/models/convnext_small_linftrades_8_init1/model_best.pth.tar,trades,linf,1,linf,16.0,0.0627450980392156,10,0.0125490196078431,76.882,93.038,0.026,2.294,0.979186816253662,21.59969956176758,state_dict_ema,/groups/golan_neurogroup/bml_group/tomerash/advmodels/results/models/convnext_small_linftrades_8_init1/pgd_eval/pgd_validation_results.csv,convnext_small_linftrades_8_init1,l2_norm,,convnext_small_linftrades_8_init1,False,trades,linf,linf,1,8.0,linf,8.0,0.06274509803921569,convnext_small_linftrades_8_init1,linf,eps=8 init 1,trades
2026-03-31T05:38:44,model_best,/home/ashtomer/projects/ares/results/models/convnext_small_linftrades_8_init1/model_best.pth.tar,trades,linf,1,l2,1.0,1.0,10,0.2,76.882,93.038,25.43,66.668,0.979186816253662,5.065604629516602,state_dict_ema,/groups/golan_neurogroup/bml_group/tomerash/advmodels/results/models/convnext_small_linftrades_8_init1/pgd_eval/pgd_validation_results.csv,convnext_small_linftrades_8_init1,l2_norm,,convnext_small_linftrades_8_init1,False,trades,linf,linf,1,8.0,linf,8.0,1.0,convnext_small_linftrades_8_init1,l2,eps=8 init 1,trades
2026-03-31T07:50:04,model_best,/home/ashtomer/projects/ares/results/models/convnext_small_linftrades_8_init1/model_best.pth.tar,trades,linf,1,l2,2.0,2.0,10,0.4,76.882,93.038,6.106,38.64,0.979186816253662,10.61542954650879,state_dict_ema,/groups/golan_neurogroup/bml_group/tomerash/advmodels/results/models/convnext_small_linftrades_8_init1/pgd_eval/pgd_validation_results.csv,convnext_small_linftrades_8_init1,l2_norm,,convnext_small_linftrades_8_init1,False,trades,linf,linf,1,8.0,linf,8.0,2.0,convnext_small_linftrades_8_init1,l2,eps=8 init 1,trades
2026-03-31T10:00:59,model_best,/home/ashtomer/projects/ares/results/models/convnext_small_linftrades_8_init1/model_best.pth.tar,trades,linf,1,l2,4.0,4.0,10,0.8,76.882,93.038,0.994,13.698,0.979186816253662,17.287792056884765,state_dict_ema,/groups/golan_neurogroup/bml_group/tomerash/advmodels/results/models/convnext_small_linftrades_8_init1/pgd_eval/pgd_validation_results.csv,convnext_small_linftrades_8_init1,l2_norm,,convnext_small_linftrades_8_init1,False,trades,linf,linf,1,8.0,linf,8.0,4.0,convnext_small_linftrades_8_init1,l2,eps=8 init 1,trades
2026-03-31T12:11:49,model_best,/home/ashtomer/projects/ares/results/models/convnext_small_linftrades_8_init1/model_best.pth.tar,trades,linf,1,l2,8.0,8.0,10,1.6,76.882,93.038,0.188,4.49,0.979186816253662,21.391844423828125,state_dict_ema,/groups/golan_neurogroup/bml_group/tomerash/advmodels/results/models/convnext_small_linftrades_8_init1/pgd_eval/pgd_validation_results.csv,convnext_small_linftrades_8_init1,l2_norm,,convnext_small_linftrades_8_init1,False,trades,linf,linf,1,8.0,linf,8.0,8.0,convnext_small_linftrades_8_init1,l2,eps=8 init 1,trades
2026-03-31T14:22:42,model_best,/home/ashtomer/projects/ares/results/models/convnext_small_linftrades_8_init1/model_best.pth.tar,trades,linf,1,l2,16.0,16.0,10,3.2,76.882,93.038,0.11,3.148,0.979186816253662,21.058602127685543,state_dict_ema,/groups/golan_neurogroup/bml_group/tomerash/advmodels/results/models/convnext_small_linftrades_8_init1/pgd_eval/pgd_validation_results.csv,convnext_small_linftrades_8_init1,l2_norm,,convnext_small_linftrades_8_init1,False,trades,linf,linf,1,8.0,linf,8.0,16.0,convnext_small_linftrades_8_init1,l2,eps=8 init 1,trades
2026-03-31T16:34:34,model_best,/home/ashtomer/projects/ares/results/models/convnext_small_linftrades_8_init1/model_best.pth.tar,trades,linf,1,l1,1.0,127.5,10,25.5,76.882,93.038,51.28,81.894,0.979186816253662,2.359518363189697,state_dict_ema,/groups/golan_neurogroup/bml_group/tomerash/advmodels/results/models/convnext_small_linftrades_8_init1/pgd_eval/pgd_validation_results.csv,convnext_small_linftrades_8_init1,l2_norm,,convnext_small_linftrades_8_init1,False,trades,linf,linf,1,8.0,linf,8.0,127.5,convnext_small_linftrades_8_init1,l1,eps=8 init 1,trades
2026-03-31T18:46:53,model_best,/home/ashtomer/projects/ares/results/models/convnext_small_linftrades_8_init1/model_best.pth.tar,trades,linf,1,l1,2.0,255.0,10,51.0,76.882,93.038,57.34,84.36,0.979186816253662,1.9771993466186524,state_dict_ema,/groups/golan_neurogroup/bml_group/tomerash/advmodels/results/models/convnext_small_linftrades_8_init1/pgd_eval/pgd_validation_results.csv,convnext_small_linftrades_8_init1,l2_norm,,convnext_small_linftrades_8_init1,False,trades,linf,linf,1,8.0,linf,8.0,255.0,convnext_small_linftrades_8_init1,l1,eps=8 init 1,trades
2026-03-31T20:59:09,model_best,/home/ashtomer/projects/ares/results/models/convnext_small_linftrades_8_init1/model_best.pth.tar,trades,linf,1,l1,4.0,510.0,10,102.0,76.882,93.038,61.81,85.93,0.979186816253662,1.720943540802002,state_dict_ema,/groups/golan_neurogroup/bml_group/tomerash/advmodels/results/models/convnext_small_linftrades_8_init1/pgd_eval/pgd_validation_results.csv,convnext_small_linftrades_8_init1,l2_norm,,convnext_small_linftrades_8_init1,False,trades,linf,linf,1,8.0,linf,8.0,510.0,convnext_small_linftrades_8_init1,l1,eps=8 init 1,trades
2026-03-31T23:11:17,model_best,/home/ashtomer/projects/ares/results/models/convnext_small_linftrades_8_init1/model_best.pth.tar,trades,linf,1,l1,8.0,1020.0,10,204.0,76.882,93.038,62.522,86.144,0.979186816253662,1.6801533681488037,state_dict_ema,/groups/golan_neurogroup/bml_group/tomerash/advmodels/results/models/convnext_small_linftrades_8_init1/pgd_eval/pgd_validation_results.csv,convnext_small_linftrades_8_init1,l2_norm,,convnext_small_linftrades_8_init1,False,trades,linf,linf,1,8.0,linf,8.0,1020.0,convnext_small_linftrades_8_init1,l1,eps=8 init 1,trades
2026-04-01T01:23:44,model_best,/home/ashtomer/projects/ares/results/models/convnext_small_linftrades_8_init1/model_best.pth.tar,trades,linf,1,l1,16.0,2040.0,10,408.0,76.882,93.038,62.788,86.316,0.979186816253662,1.659918152618408,state_dict_ema,/groups/golan_neurogroup/bml_group/tomerash/advmodels/results/models/convnext_small_linftrades_8_init1/pgd_eval/pgd_validation_results.csv,convnext_small_linftrades_8_init1,l2_norm,,convnext_small_linftrades_8_init1,False,trades,linf,linf,1,8.0,linf,8.0,2040.0,convnext_small_linftrades_8_init1,l1,eps=8 init 1,trades
2026-04-01T01:23:19,model_best,/home/ashtomer/projects/ares/results/models/convnext_small_linftrades_8_init2/model_best.pth.tar,trades,linf,2,linf,1.0,0.0039215686274509,10,0.0007843137254901,78.204,93.52,44.544,74.12,1.0571447080993652,3.190638603515625,state_dict_ema,/groups/golan_neurogroup/bml_group/tomerash/advmodels/results/models/convnext_small_linftrades_8_init2/pgd_eval/pgd_validation_results.csv,convnext_small_linftrades_8_init2,l2_norm,,convnext_small_linftrades_8_init2,False,trades,linf,linf,2,8.0,linf,8.0,0.00392156862745098,convnext_small_linftrades_8_init2,linf,eps=8 init 2,trades
2026-04-01T03:28:07,model_best,/home/ashtomer/projects/ares/results/models/convnext_small_linftrades_8_init2/model_best.pth.tar,trades,linf,2,linf,2.0,0.0078431372549019,10,0.0015686274509803,78.204,93.52,19.908,47.83,1.0571447080993652,6.2504632754516605,state_dict_ema,/groups/golan_neurogroup/bml_group/tomerash/advmodels/results/models/convnext_small_linftrades_8_init2/pgd_eval/pgd_validation_results.csv,convnext_small_linftrades_8_init2,l2_norm,,convnext_small_linftrades_8_init2,False,trades,linf,linf,2,8.0,linf,8.0,0.00784313725490196,convnext_small_linftrades_8_init2,linf,eps=8 init 2,trades
2026-04-01T05:32:56,model_best,/home/ashtomer/projects/ares/results/models/convnext_small_linftrades_8_init2/model_best.pth.tar,trades,linf,2,linf,4.0,0.0156862745098039,10,0.0031372549019607,78.204,93.52,4.426,16.478,1.0571447080993652,11.30108492614746,state_dict_ema,/groups/golan_neurogroup/bml_group/tomerash/advmodels/results/models/convnext_small_linftrades_8_init2/pgd_eval/pgd_validation_results.csv,convnext_small_linftrades_8_init2,l2_norm,,convnext_small_linftrades_8_init2,False,trades,linf,linf,2,8.0,linf,8.0,0.01568627450980392,convnext_small_linftrades_8_init2,linf,eps=8 init 2,trades
2026-04-01T07:37:27,model_best,/home/ashtomer/projects/ares/results/models/convnext_small_linftrades_8_init2/model_best.pth.tar,trades,linf,2,linf,8.0,0.0313725490196078,10,0.0062745098039215,78.204,93.52,0.542,3.284,1.0571447080993652,15.197355924072266,state_dict_ema,/groups/golan_neurogroup/bml_group/tomerash/advmodels/results/models/convnext_small_linftrades_8_init2/pgd_eval/pgd_validation_results.csv,convnext_small_linftrades_8_init2,l2_norm,,convnext_small_linftrades_8_init2,False,trades,linf,linf,2,8.0,linf,8.0,0.03137254901960784,convnext_small_linftrades_8_init2,linf,eps=8 init 2,trades
2026-04-01T09:41:42,model_best,/home/ashtomer/projects/ares/results/models/convnext_small_linftrades_8_init2/model_best.pth.tar,trades,linf,2,linf,16.0,0.0627450980392156,10,0.0125490196078431,78.204,93.52,0.246,1.158,1.0571447080993652,15.85908911743164,state_dict_ema,/groups/golan_neurogroup/bml_group/tomerash/advmodels/results/models/convnext_small_linftrades_8_init2/pgd_eval/pgd_validation_results.csv,convnext_small_linftrades_8_init2,l2_norm,,convnext_small_linftrades_8_init2,False,trades,linf,linf,2,8.0,linf,8.0,0.06274509803921569,convnext_small_linftrades_8_init2,linf,eps=8 init 2,trades
2026-04-01T11:45:50,model_best,/home/ashtomer/projects/ares/results/models/convnext_small_linftrades_8_init2/model_best.pth.tar,trades,linf,2,l2,1.0,1.0,10,0.2,78.204,93.52,34.704,66.662,1.0571447080993652,3.975398772888184,state_dict_ema,/groups/golan_neurogroup/bml_group/tomerash/advmodels/results/models/convnext_small_linftrades_8_init2/pgd_eval/pgd_validation_results.csv,convnext_small_linftrades_8_init2,l2_norm,,convnext_small_linftrades_8_init2,False,trades,linf,linf,2,8.0,linf,8.0,1.0,convnext_small_linftrades_8_init2,l2,eps=8 init 2,trades
2026-04-01T13:51:28,model_best,/home/ashtomer/projects/ares/results/models/convnext_small_linftrades_8_init2/model_best.pth.tar,trades,linf,2,l2,2.0,2.0,10,0.4,78.204,93.52,15.802,39.478,1.0571447080993652,7.331493857421875,state_dict_ema,/groups/golan_neurogroup/bml_group/tomerash/advmodels/results/models/convnext_small_linftrades_8_init2/pgd_eval/pgd_validation_results.csv,convnext_small_linftrades_8_init2,l2_norm,,convnext_small_linftrades_8_init2,False,trades,linf,linf,2,8.0,linf,8.0,2.0,convnext_small_linftrades_8_init2,l2,eps=8 init 2,trades
2026-04-01T15:56:18,model_best,/home/ashtomer/projects/ares/results/models/convnext_small_linftrades_8_init2/model_best.pth.tar,trades,linf,2,l2,4.0,4.0,10,0.8,78.204,93.52,5.898,16.022,1.0571447080993652,11.934400927124024,state_dict_ema,/groups/golan_neurogroup/bml_group/tomerash/advmodels/results/models/convnext_small_linftrades_8_init2/pgd_eval/pgd_validation_results.csv,convnext_small_linftrades_8_init2,l2_norm,,convnext_small_linftrades_8_init2,False,trades,linf,linf,2,8.0,linf,8.0,4.0,convnext_small_linftrades_8_init2,l2,eps=8 init 2,trades
2026-04-01T18:02:31,model_best,/home/ashtomer/projects/ares/results/models/convnext_small_linftrades_8_init2/model_best.pth.tar,trades,linf,2,l2,8.0,8.0,10,1.6,78.204,93.52,2.012,5.788,1.0571447080993652,15.239157240600584,state_dict_ema,/groups/golan_neurogroup/bml_group/tomerash/advmodels/results/models/convnext_small_linftrades_8_init2/pgd_eval/pgd_validation_results.csv,convnext_small_linftrades_8_init2,l2_norm,,convnext_small_linftrades_8_init2,False,trades,linf,linf,2,8.0,linf,8.0,8.0,convnext_small_linftrades_8_init2,l2,eps=8 init 2,trades
2026-04-01T20:08:30,model_best,/home/ashtomer/projects/ares/results/models/convnext_small_linftrades_8_init2/model_best.pth.tar,trades,linf,2,l2,16.0,16.0,10,3.2,78.204,93.52,1.978,4.038,1.0571447080993652,14.286217697753909,state_dict_ema,/groups/golan_neurogroup/bml_group/tomerash/advmodels/results/models/convnext_small_linftrades_8_init2/pgd_eval/pgd_validation_results.csv,convnext_small_linftrades_8_init2,l2_norm,,convnext_small_linftrades_8_init2,False,trades,linf,linf,2,8.0,linf,8.0,16.0,convnext_small_linftrades_8_init2,l2,eps=8 init 2,trades
2026-04-01T22:16:58,model_best,/home/ashtomer/projects/ares/results/models/convnext_small_linftrades_8_init2/model_best.pth.tar,trades,linf,2,l1,1.0,127.5,10,25.5,78.204,93.52,59.558,84.336,1.0571447080993652,1.9982107940673828,state_dict_ema,/groups/golan_neurogroup/bml_group/tomerash/advmodels/results/models/convnext_small_linftrades_8_init2/pgd_eval/pgd_validation_results.csv,convnext_small_linftrades_8_init2,l2_norm,,convnext_small_linftrades_8_init2,False,trades,linf,linf,2,8.0,linf,8.0,127.5,convnext_small_linftrades_8_init2,l1,eps=8 init 2,trades
2026-04-02T00:22:01,model_best,/home/ashtomer/projects/ares/results/models/convnext_small_linftrades_8_init2/model_best.pth.tar,trades,linf,2,l1,2.0,255.0,10,51.0,78.204,93.52,62.568,85.842,1.0571447080993652,1.8329993504333495,state_dict_ema,/groups/golan_neurogroup/bml_group/tomerash/advmodels/results/models/convnext_small_linftrades_8_init2/pgd_eval/pgd_validation_results.csv,convnext_small_linftrades_8_init2,l2_norm,,convnext_small_linftrades_8_init2,False,trades,linf,linf,2,8.0,linf,8.0,255.0,convnext_small_linftrades_8_init2,l1,eps=8 init 2,trades
2026-04-02T02:26:50,model_best,/home/ashtomer/projects/ares/results/models/convnext_small_linftrades_8_init2/model_best.pth.tar,trades,linf,2,l1,4.0,510.0,10,102.0,78.204,93.52,64.346,86.756,1.0571447080993652,1.742188531036377,state_dict_ema,/groups/golan_neurogroup/bml_group/tomerash/advmodels/results/models/convnext_small_linftrades_8_init2/pgd_eval/pgd_validation_results.csv,convnext_small_linftrades_8_init2,l2_norm,,convnext_small_linftrades_8_init2,False,trades,linf,linf,2,8.0,linf,8.0,510.0,convnext_small_linftrades_8_init2,l1,eps=8 init 2,trades
2026-04-02T04:31:06,model_best,/home/ashtomer/projects/ares/results/models/convnext_small_linftrades_8_init2/model_best.pth.tar,trades,linf,2,l1,8.0,1020.0,10,204.0,78.204,93.52,64.128,86.478,1.0571447080993652,1.754285486450195,state_dict_ema,/groups/golan_neurogroup/bml_group/tomerash/advmodels/results/models/convnext_small_linftrades_8_init2/pgd_eval/pgd_validation_results.csv,convnext_small_linftrades_8_init2,l2_norm,,convnext_small_linftrades_8_init2,False,trades,linf,linf,2,8.0,linf,8.0,1020.0,convnext_small_linftrades_8_init2,l1,eps=8 init 2,trades
2026-04-02T06:35:21,model_best,/home/ashtomer/projects/ares/results/models/convnext_small_linftrades_8_init2/model_best.pth.tar,trades,linf,2,l1,16.0,2040.0,10,408.0,78.204,93.52,66.14,87.45,1.0571447080993652,1.6522894577789309,state_dict_ema,/groups/golan_neurogroup/bml_group/tomerash/advmodels/results/models/convnext_small_linftrades_8_init2/pgd_eval/pgd_validation_results.csv,convnext_small_linftrades_8_init2,l2_norm,,convnext_small_linftrades_8_init2,False,trades,linf,linf,2,8.0,linf,8.0,2040.0,convnext_small_linftrades_8_init2,l1,eps=8 init 2,trades
2026-03-24T14:54:42,model_best,/home/ashtomer/projects/ares/results/models/convnext_small_baseline_init1/model_best.pth.tar,baseline,unknown,1,linf,1.0,0.0039215686274509,10,0.0007843137254901,81.164,95.498,5.99,23.568,0.7466426676940918,12.894995858154298,state_dict_ema,/groups/golan_neurogroup/bml_group/tomerash/advmodels/results/models/convnext_small_baseline_init1/pgd_eval/pgd_validation_results.csv,convnext_small_baseline_init1,,,convnext_small_baseline_init1,True,baseline,unknown,baseline,1,,linf,,0.00392156862745098,convnext_small_baseline_init1,linf,baseline,trades
2026-03-24T16:52:51,model_best,/home/ashtomer/projects/ares/results/models/convnext_small_baseline_init1/model_best.pth.tar,baseline,unknown,1,linf,2.0,0.0078431372549019,10,0.0015686274509803,81.164,95.498,0.406,2.98,0.7466426676940918,18.096194407348637,state_dict_ema,/groups/golan_neurogroup/bml_group/tomerash/advmodels/results/models/convnext_small_baseline_init1/pgd_eval/pgd_validation_results.csv,convnext_small_baseline_init1,,,convnext_small_baseline_init1,True,baseline,unknown,baseline,1,,linf,,0.00784313725490196,convnext_small_baseline_init1,linf,baseline,trades
2026-03-24T18:50:54,model_best,/home/ashtomer/projects/ares/results/models/convnext_small_baseline_init1/model_best.pth.tar,baseline,unknown,1,linf,4.0,0.0156862745098039,10,0.0031372549019607,81.164,95.498,0.006,0.112,0.7466426676940918,21.41060130493164,state_dict_ema,/groups/golan_neurogroup/bml_group/tomerash/advmodels/results/models/convnext_small_baseline_init1/pgd_eval/pgd_validation_results.csv,convnext_small_baseline_init1,,,convnext_small_baseline_init1,True,baseline,unknown,baseline,1,,linf,,0.01568627450980392,convnext_small_baseline_init1,linf,baseline,trades
2026-03-24T20:48:55,model_best,/home/ashtomer/projects/ares/results/models/convnext_small_baseline_init1/model_best.pth.tar,baseline,unknown,1,linf,8.0,0.0313725490196078,10,0.0062745098039215,81.164,95.498,0.0,0.004,0.7466426676940918,23.356911959838868,state_dict_ema,/groups/golan_neurogroup/bml_group/tomerash/advmodels/results/models/convnext_small_baseline_init1/pgd_eval/pgd_validation_results.csv,convnext_small_baseline_init1,,,convnext_small_baseline_init1,True,baseline,unknown,baseline,1,,linf,,0.03137254901960784,convnext_small_baseline_init1,linf,baseline,trades
2026-03-24T22:47:05,model_best,/home/ashtomer/projects/ares/results/models/convnext_small_baseline_init1/model_best.pth.tar,baseline,unknown,1,linf,16.0,0.0627450980392156,10,0.0125490196078431,81.164,95.498,0.0,0.006,0.7466426676940918,23.910096939697265,state_dict_ema,/groups/golan_neurogroup/bml_group/tomerash/advmodels/results/models/convnext_small_baseline_init1/pgd_eval/pgd_validation_results.csv,convnext_small_baseline_init1,,,convnext_small_baseline_init1,True,baseline,unknown,baseline,1,,linf,,0.06274509803921569,convnext_small_baseline_init1,linf,baseline,trades
2026-03-25T02:43:49,model_best,/home/ashtomer/projects/ares/results/models/convnext_small_baseline_init1/model_best.pth.tar,baseline,unknown,1,l2,1.0,1.0,10,0.2,81.164,95.498,5.372,23.164,0.7466426676940918,13.02661659301758,state_dict_ema,/groups/golan_neurogroup/bml_group/tomerash/advmodels/results/models/convnext_small_baseline_init1/pgd_eval/pgd_validation_results.csv,convnext_small_baseline_init1,,,convnext_small_baseline_init1,True,baseline,unknown,baseline,1,,linf,,1.0,convnext_small_baseline_init1,l2,baseline,trades
2026-03-25T04:42:13,model_best,/home/ashtomer/projects/ares/results/models/convnext_small_baseline_init1/model_best.pth.tar,baseline,unknown,1,l2,2.0,2.0,10,0.4,81.164,95.498,0.618,5.186,0.7466426676940918,17.831239537353515,state_dict_ema,/groups/golan_neurogroup/bml_group/tomerash/advmodels/results/models/convnext_small_baseline_init1/pgd_eval/pgd_validation_results.csv,convnext_small_baseline_init1,,,convnext_small_baseline_init1,True,baseline,unknown,baseline,1,,linf,,2.0,convnext_small_baseline_init1,l2,baseline,trades
2026-03-25T06:40:17,model_best,/home/ashtomer/projects/ares/results/models/convnext_small_baseline_init1/model_best.pth.tar,baseline,unknown,1,l2,4.0,4.0,10,0.8,81.164,95.498,0.022,0.736,0.7466426676940918,21.26856814453125,state_dict_ema,/groups/golan_neurogroup/bml_group/tomerash/advmodels/results/models/convnext_small_baseline_init1/pgd_eval/pgd_validation_results.csv,convnext_small_baseline_init1,,,convnext_small_baseline_init1,True,baseline,unknown,baseline,1,,linf,,4.0,convnext_small_baseline_init1,l2,baseline,trades
2026-03-25T08:38:11,model_best,/home/ashtomer/projects/ares/results/models/convnext_small_baseline_init1/model_best.pth.tar,baseline,unknown,1,l2,8.0,8.0,10,1.6,81.164,95.498,0.0,0.09,0.7466426676940918,23.37639285522461,state_dict_ema,/groups/golan_neurogroup/bml_group/tomerash/advmodels/results/models/convnext_small_baseline_init1/pgd_eval/pgd_validation_results.csv,convnext_small_baseline_init1,,,convnext_small_baseline_init1,True,baseline,unknown,baseline,1,,linf,,8.0,convnext_small_baseline_init1,l2,baseline,trades
2026-03-25T10:36:23,model_best,/home/ashtomer/projects/ares/results/models/convnext_small_baseline_init1/model_best.pth.tar,baseline,unknown,1,l2,16.0,16.0,10,3.2,81.164,95.498,0.0,0.014,0.7466426676940918,24.28835455993652,state_dict_ema,/groups/golan_neurogroup/bml_group/tomerash/advmodels/results/models/convnext_small_baseline_init1/pgd_eval/pgd_validation_results.csv,convnext_small_baseline_init1,,,convnext_small_baseline_init1,True,baseline,unknown,baseline,1,,linf,,16.0,convnext_small_baseline_init1,l2,baseline,trades
2026-03-29T16:19:48,model_best,/home/ashtomer/projects/ares/results/models/convnext_small_baseline_init1/model_best.pth.tar,baseline,unknown,1,l1,1.0,127.5,10,25.5,81.164,95.498,12.358,55.164,0.7466426676940918,7.308053318481445,state_dict_ema,/groups/golan_neurogroup/bml_group/tomerash/advmodels/results/models/convnext_small_baseline_init1/pgd_eval_l1_apgd/pgd_validation_results_l1_apgd.csv,convnext_small_baseline_init1,l1_apgd,0.05,convnext_small_baseline_init1,True,baseline,unknown,baseline,1,,linf,,127.5,convnext_small_baseline_init1,l1_apgd,baseline,trades
2026-03-29T18:27:12,model_best,/home/ashtomer/projects/ares/results/models/convnext_small_baseline_init1/model_best.pth.tar,baseline,unknown,1,l1,2.0,255.0,10,51.0,81.164,95.498,12.45,53.71,0.7466426676940918,7.182674982910156,state_dict_ema,/groups/golan_neurogroup/bml_group/tomerash/advmodels/results/models/convnext_small_baseline_init1/pgd_eval_l1_apgd/pgd_validation_results_l1_apgd.csv,convnext_small_baseline_init1,l1_apgd,0.05,convnext_small_baseline_init1,True,baseline,unknown,baseline,1,,linf,,255.0,convnext_small_baseline_init1,l1_apgd,baseline,trades
2026-03-29T20:34:14,model_best,/home/ashtomer/projects/ares/results/models/convnext_small_baseline_init1/model_best.pth.tar,baseline,unknown,1,l1,4.0,510.0,10,102.0,81.164,95.498,14.96,53.96,0.7466426676940918,6.659770849761963,state_dict_ema,/groups/golan_neurogroup/bml_group/tomerash/advmodels/results/models/convnext_small_baseline_init1/pgd_eval_l1_apgd/pgd_validation_results_l1_apgd.csv,convnext_small_baseline_init1,l1_apgd,0.05,convnext_small_baseline_init1,True,baseline,unknown,baseline,1,,linf,,510.0,convnext_small_baseline_init1,l1_apgd,baseline,trades
2026-03-29T22:40:57,model_best,/home/ashtomer/projects/ares/results/models/convnext_small_baseline_init1/model_best.pth.tar,baseline,unknown,1,l1,8.0,1020.0,10,204.0,81.164,95.498,19.938,58.048,0.7466426676940918,5.763472031402588,state_dict_ema,/groups/golan_neurogroup/bml_group/tomerash/advmodels/results/models/convnext_small_baseline_init1/pgd_eval_l1_apgd/pgd_validation_results_l1_apgd.csv,convnext_small_baseline_init1,l1_apgd,0.05,convnext_small_baseline_init1,True,baseline,unknown,baseline,1,,linf,,1020.0,convnext_small_baseline_init1,l1_apgd,baseline,trades
2026-03-30T00:47:11,model_best,/home/ashtomer/projects/ares/results/models/convnext_small_baseline_init1/model_best.pth.tar,baseline,unknown,1,l1,16.0,2040.0,10,408.0,81.164,95.498,27.454,65.528,0.7466426676940918,4.444194863128662,state_dict_ema,/groups/golan_neurogroup/bml_group/tomerash/advmodels/results/models/convnext_small_baseline_init1/pgd_eval_l1_apgd/pgd_validation_results_l1_apgd.csv,convnext_small_baseline_init1,l1_apgd,0.05,convnext_small_baseline_init1,True,baseline,unknown,baseline,1,,linf,,2040.0,convnext_small_baseline_init1,l1_apgd,baseline,trades
2026-03-24T15:05:33,model_best,/home/ashtomer/projects/ares/results/models/convnext_small_baseline_init2/model_best.pth.tar,baseline,unknown,2,linf,1.0,0.0039215686274509,10,0.0007843137254901,78.038,93.274,3.656,9.87,1.0900927336883546,14.643175200805665,state_dict_ema,/groups/golan_neurogroup/bml_group/tomerash/advmodels/results/models/convnext_small_baseline_init2/pgd_eval/pgd_validation_results.csv,convnext_small_baseline_init2,,,convnext_small_baseline_init2,True,baseline,unknown,baseline,2,,linf,,0.00392156862745098,convnext_small_baseline_init2,linf,baseline,trades
2026-03-24T17:09:01,model_best,/home/ashtomer/projects/ares/results/models/convnext_small_baseline_init2/model_best.pth.tar,baseline,unknown,2,linf,2.0,0.0078431372549019,10,0.0015686274509803,78.038,93.274,0.218,0.79,1.0900927336883546,20.825950629272462,state_dict_ema,/groups/golan_neurogroup/bml_group/tomerash/advmodels/results/models/convnext_small_baseline_init2/pgd_eval/pgd_validation_results.csv,convnext_small_baseline_init2,,,convnext_small_baseline_init2,True,baseline,unknown,baseline,2,,linf,,0.00784313725490196,convnext_small_baseline_init2,linf,baseline,trades
2026-03-24T19:12:28,model_best,/home/ashtomer/projects/ares/results/models/convnext_small_baseline_init2/model_best.pth.tar,baseline,unknown,2,linf,4.0,0.0156862745098039,10,0.0031372549019607,78.038,93.274,0.006,0.03,1.0900927336883546,24.26627750854492,state_dict_ema,/groups/golan_neurogroup/bml_group/tomerash/advmodels/results/models/convnext_small_baseline_init2/pgd_eval/pgd_validation_results.csv,convnext_small_baseline_init2,,,convnext_small_baseline_init2,True,baseline,unknown,baseline,2,,linf,,0.01568627450980392,convnext_small_baseline_init2,linf,baseline,trades
2026-03-24T21:15:47,model_best,/home/ashtomer/projects/ares/results/models/convnext_small_baseline_init2/model_best.pth.tar,baseline,unknown,2,linf,8.0,0.0313725490196078,10,0.0062745098039215,78.038,93.274,0.0,0.0,1.0900927336883546,25.6059144732666,state_dict_ema,/groups/golan_neurogroup/bml_group/tomerash/advmodels/results/models/convnext_small_baseline_init2/pgd_eval/pgd_validation_results.csv,convnext_small_baseline_init2,,,convnext_small_baseline_init2,True,baseline,unknown,baseline,2,,linf,,0.03137254901960784,convnext_small_baseline_init2,linf,baseline,trades
2026-03-24T23:18:49,model_best,/home/ashtomer/projects/ares/results/models/convnext_small_baseline_init2/model_best.pth.tar,baseline,unknown,2,linf,16.0,0.0627450980392156,10,0.0125490196078431,78.038,93.274,0.0,0.0,1.0900927336883546,25.50090451049805,state_dict_ema,/groups/golan_neurogroup/bml_group/tomerash/advmodels/results/models/convnext_small_baseline_init2/pgd_eval/pgd_validation_results.csv,convnext_small_baseline_init2,,,convnext_small_baseline_init2,True,baseline,unknown,baseline,2,,linf,,0.06274509803921569,convnext_small_baseline_init2,linf,baseline,trades
2026-03-25T03:25:30,model_best,/home/ashtomer/projects/ares/results/models/convnext_small_baseline_init2/model_best.pth.tar,baseline,unknown,2,l2,1.0,1.0,10,0.2,78.038,93.274,3.89,11.532,1.0900927336883546,14.013167982177734,state_dict_ema,/groups/golan_neurogroup/bml_group/tomerash/advmodels/results/models/convnext_small_baseline_init2/pgd_eval/pgd_validation_results.csv,convnext_small_baseline_init2,,,convnext_small_baseline_init2,True,baseline,unknown,baseline,2,,linf,,1.0,convnext_small_baseline_init2,l2,baseline,trades
2026-03-25T05:28:43,model_best,/home/ashtomer/projects/ares/results/models/convnext_small_baseline_init2/model_best.pth.tar,baseline,unknown,2,l2,2.0,2.0,10,0.4,78.038,93.274,0.408,1.858,1.0900927336883546,19.96371116088867,state_dict_ema,/groups/golan_neurogroup/bml_group/tomerash/advmodels/results/models/convnext_small_baseline_init2/pgd_eval/pgd_validation_results.csv,convnext_small_baseline_init2,,,convnext_small_baseline_init2,True,baseline,unknown,baseline,2,,linf,,2.0,convnext_small_baseline_init2,l2,baseline,trades
2026-03-25T07:31:40,model_best,/home/ashtomer/projects/ares/results/models/convnext_small_baseline_init2/model_best.pth.tar,baseline,unknown,2,l2,4.0,4.0,10,0.8,78.038,93.274,0.016,0.18,1.0900927336883546,24.052646446533203,state_dict_ema,/groups/golan_neurogroup/bml_group/tomerash/advmodels/results/models/convnext_small_baseline_init2/pgd_eval/pgd_validation_results.csv,convnext_small_baseline_init2,,,convnext_small_baseline_init2,True,baseline,unknown,baseline,2,,linf,,4.0,convnext_small_baseline_init2,l2,baseline,trades
2026-03-25T09:34:31,model_best,/home/ashtomer/projects/ares/results/models/convnext_small_baseline_init2/model_best.pth.tar,baseline,unknown,2,l2,8.0,8.0,10,1.6,78.038,93.274,0.0,0.014,1.0900927336883546,25.9160859375,state_dict_ema,/groups/golan_neurogroup/bml_group/tomerash/advmodels/results/models/convnext_small_baseline_init2/pgd_eval/pgd_validation_results.csv,convnext_small_baseline_init2,,,convnext_small_baseline_init2,True,baseline,unknown,baseline,2,,linf,,8.0,convnext_small_baseline_init2,l2,baseline,trades
2026-03-25T11:37:49,model_best,/home/ashtomer/projects/ares/results/models/convnext_small_baseline_init2/model_best.pth.tar,baseline,unknown,2,l2,16.0,16.0,10,3.2,78.038,93.274,0.0,0.002,1.0900927336883546,26.21374773376465,state_dict_ema,/groups/golan_neurogroup/bml_group/tomerash/advmodels/results/models/convnext_small_baseline_init2/pgd_eval/pgd_validation_results.csv,convnext_small_baseline_init2,,,convnext_small_baseline_init2,True,baseline,unknown,baseline,2,,linf,,16.0,convnext_small_baseline_init2,l2,baseline,trades
2026-03-30T02:47:33,model_best,/home/ashtomer/projects/ares/results/models/convnext_small_baseline_init2/model_best.pth.tar,baseline,unknown,2,l1,1.0,127.5,10,25.5,78.038,93.274,18.944,44.326,1.0900927336883546,6.223387974853516,state_dict_ema,/groups/golan_neurogroup/bml_group/tomerash/advmodels/results/models/convnext_small_baseline_init2/pgd_eval_l1_apgd/pgd_validation_results_l1_apgd.csv,convnext_small_baseline_init2,l1_apgd,0.05,convnext_small_baseline_init2,True,baseline,unknown,baseline,2,,linf,,127.5,convnext_small_baseline_init2,l1_apgd,baseline,trades
2026-03-30T04:46:11,model_best,/home/ashtomer/projects/ares/results/models/convnext_small_baseline_init2/model_best.pth.tar,baseline,unknown,2,l1,2.0,255.0,10,51.0,78.038,93.274,19.368,42.216,1.0900927336883546,6.118782602386474,state_dict_ema,/groups/golan_neurogroup/bml_group/tomerash/advmodels/results/models/convnext_small_baseline_init2/pgd_eval_l1_apgd/pgd_validation_results_l1_apgd.csv,convnext_small_baseline_init2,l1_apgd,0.05,convnext_small_baseline_init2,True,baseline,unknown,baseline,2,,linf,,255.0,convnext_small_baseline_init2,l1_apgd,baseline,trades
2026-03-30T06:44:56,model_best,/home/ashtomer/projects/ares/results/models/convnext_small_baseline_init2/model_best.pth.tar,baseline,unknown,2,l1,4.0,510.0,10,102.0,78.038,93.274,21.12,43.874,1.0900927336883546,5.704035775146484,state_dict_ema,/groups/golan_neurogroup/bml_group/tomerash/advmodels/results/models/convnext_small_baseline_init2/pgd_eval_l1_apgd/pgd_validation_results_l1_apgd.csv,convnext_small_baseline_init2,l1_apgd,0.05,convnext_small_baseline_init2,True,baseline,unknown,baseline,2,,linf,,510.0,convnext_small_baseline_init2,l1_apgd,baseline,trades
2026-03-30T08:43:55,model_best,/home/ashtomer/projects/ares/results/models/convnext_small_baseline_init2/model_best.pth.tar,baseline,unknown,2,l1,8.0,1020.0,10,204.0,78.038,93.274,25.926,50.742,1.0900927336883546,4.876596847229004,state_dict_ema,/groups/golan_neurogroup/bml_group/tomerash/advmodels/results/models/convnext_small_baseline_init2/pgd_eval_l1_apgd/pgd_validation_results_l1_apgd.csv,convnext_small_baseline_init2,l1_apgd,0.05,convnext_small_baseline_init2,True,baseline,unknown,baseline,2,,linf,,1020.0,convnext_small_baseline_init2,l1_apgd,baseline,trades
2026-03-30T10:42:45,model_best,/home/ashtomer/projects/ares/results/models/convnext_small_baseline_init2/model_best.pth.tar,baseline,unknown,2,l1,16.0,2040.0,10,408.0,78.038,93.274,31.272,57.116,1.0900927336883546,4.18918846786499,state_dict_ema,/groups/golan_neurogroup/bml_group/tomerash/advmodels/results/models/convnext_small_baseline_init2/pgd_eval_l1_apgd/pgd_validation_results_l1_apgd.csv,convnext_small_baseline_init2,l1_apgd,0.05,convnext_small_baseline_init2,True,baseline,unknown,baseline,2,,linf,,2040.0,convnext_small_baseline_init2,l1_apgd,baseline,trades
2026-03-24T14:54:42,model_best,/home/ashtomer/projects/ares/results/models/convnext_small_baseline_init1/model_best.pth.tar,baseline,unknown,1,linf,1.0,0.0039215686274509,10,0.0007843137254901,81.164,95.498,5.99,23.568,0.7466426676940918,12.894995858154298,state_dict_ema,/groups/golan_neurogroup/bml_group/tomerash/advmodels/results/models/convnext_small_baseline_init1/pgd_eval/pgd_validation_results.csv,convnext_small_baseline_init1,,,convnext_small_baseline_init1,True,baseline,unknown,baseline,1,,l2,,0.00392156862745098,convnext_small_baseline_init1,linf,baseline,trades
2026-03-24T16:52:51,model_best,/home/ashtomer/projects/ares/results/models/convnext_small_baseline_init1/model_best.pth.tar,baseline,unknown,1,linf,2.0,0.0078431372549019,10,0.0015686274509803,81.164,95.498,0.406,2.98,0.7466426676940918,18.096194407348637,state_dict_ema,/groups/golan_neurogroup/bml_group/tomerash/advmodels/results/models/convnext_small_baseline_init1/pgd_eval/pgd_validation_results.csv,convnext_small_baseline_init1,,,convnext_small_baseline_init1,True,baseline,unknown,baseline,1,,l2,,0.00784313725490196,convnext_small_baseline_init1,linf,baseline,trades
2026-03-24T18:50:54,model_best,/home/ashtomer/projects/ares/results/models/convnext_small_baseline_init1/model_best.pth.tar,baseline,unknown,1,linf,4.0,0.0156862745098039,10,0.0031372549019607,81.164,95.498,0.006,0.112,0.7466426676940918,21.41060130493164,state_dict_ema,/groups/golan_neurogroup/bml_group/tomerash/advmodels/results/models/convnext_small_baseline_init1/pgd_eval/pgd_validation_results.csv,convnext_small_baseline_init1,,,convnext_small_baseline_init1,True,baseline,unknown,baseline,1,,l2,,0.01568627450980392,convnext_small_baseline_init1,linf,baseline,trades
2026-03-24T20:48:55,model_best,/home/ashtomer/projects/ares/results/models/convnext_small_baseline_init1/model_best.pth.tar,baseline,unknown,1,linf,8.0,0.0313725490196078,10,0.0062745098039215,81.164,95.498,0.0,0.004,0.7466426676940918,23.356911959838868,state_dict_ema,/groups/golan_neurogroup/bml_group/tomerash/advmodels/results/models/convnext_small_baseline_init1/pgd_eval/pgd_validation_results.csv,convnext_small_baseline_init1,,,convnext_small_baseline_init1,True,baseline,unknown,baseline,1,,l2,,0.03137254901960784,convnext_small_baseline_init1,linf,baseline,trades
2026-03-24T22:47:05,model_best,/home/ashtomer/projects/ares/results/models/convnext_small_baseline_init1/model_best.pth.tar,baseline,unknown,1,linf,16.0,0.0627450980392156,10,0.0125490196078431,81.164,95.498,0.0,0.006,0.7466426676940918,23.910096939697265,state_dict_ema,/groups/golan_neurogroup/bml_group/tomerash/advmodels/results/models/convnext_small_baseline_init1/pgd_eval/pgd_validation_results.csv,convnext_small_baseline_init1,,,convnext_small_baseline_init1,True,baseline,unknown,baseline,1,,l2,,0.06274509803921569,convnext_small_baseline_init1,linf,baseline,trades
2026-03-25T02:43:49,model_best,/home/ashtomer/projects/ares/results/models/convnext_small_baseline_init1/model_best.pth.tar,baseline,unknown,1,l2,1.0,1.0,10,0.2,81.164,95.498,5.372,23.164,0.7466426676940918,13.02661659301758,state_dict_ema,/groups/golan_neurogroup/bml_group/tomerash/advmodels/results/models/convnext_small_baseline_init1/pgd_eval/pgd_validation_results.csv,convnext_small_baseline_init1,,,convnext_small_baseline_init1,True,baseline,unknown,baseline,1,,l2,,1.0,convnext_small_baseline_init1,l2,baseline,trades
2026-03-25T04:42:13,model_best,/home/ashtomer/projects/ares/results/models/convnext_small_baseline_init1/model_best.pth.tar,baseline,unknown,1,l2,2.0,2.0,10,0.4,81.164,95.498,0.618,5.186,0.7466426676940918,17.831239537353515,state_dict_ema,/groups/golan_neurogroup/bml_group/tomerash/advmodels/results/models/convnext_small_baseline_init1/pgd_eval/pgd_validation_results.csv,convnext_small_baseline_init1,,,convnext_small_baseline_init1,True,baseline,unknown,baseline,1,,l2,,2.0,convnext_small_baseline_init1,l2,baseline,trades
2026-03-25T06:40:17,model_best,/home/ashtomer/projects/ares/results/models/convnext_small_baseline_init1/model_best.pth.tar,baseline,unknown,1,l2,4.0,4.0,10,0.8,81.164,95.498,0.022,0.736,0.7466426676940918,21.26856814453125,state_dict_ema,/groups/golan_neurogroup/bml_group/tomerash/advmodels/results/models/convnext_small_baseline_init1/pgd_eval/pgd_validation_results.csv,convnext_small_baseline_init1,,,convnext_small_baseline_init1,True,baseline,unknown,baseline,1,,l2,,4.0,convnext_small_baseline_init1,l2,baseline,trades
2026-03-25T08:38:11,model_best,/home/ashtomer/projects/ares/results/models/convnext_small_baseline_init1/model_best.pth.tar,baseline,unknown,1,l2,8.0,8.0,10,1.6,81.164,95.498,0.0,0.09,0.7466426676940918,23.37639285522461,state_dict_ema,/groups/golan_neurogroup/bml_group/tomerash/advmodels/results/models/convnext_small_baseline_init1/pgd_eval/pgd_validation_results.csv,convnext_small_baseline_init1,,,convnext_small_baseline_init1,True,baseline,unknown,baseline,1,,l2,,8.0,convnext_small_baseline_init1,l2,baseline,trades
2026-03-25T10:36:23,model_best,/home/ashtomer/projects/ares/results/models/convnext_small_baseline_init1/model_best.pth.tar,baseline,unknown,1,l2,16.0,16.0,10,3.2,81.164,95.498,0.0,0.014,0.7466426676940918,24.28835455993652,state_dict_ema,/groups/golan_neurogroup/bml_group/tomerash/advmodels/results/models/convnext_small_baseline_init1/pgd_eval/pgd_validation_results.csv,convnext_small_baseline_init1,,,convnext_small_baseline_init1,True,baseline,unknown,baseline,1,,l2,,16.0,convnext_small_baseline_init1,l2,baseline,trades
2026-03-29T16:19:48,model_best,/home/ashtomer/projects/ares/results/models/convnext_small_baseline_init1/model_best.pth.tar,baseline,unknown,1,l1,1.0,127.5,10,25.5,81.164,95.498,12.358,55.164,0.7466426676940918,7.308053318481445,state_dict_ema,/groups/golan_neurogroup/bml_group/tomerash/advmodels/results/models/convnext_small_baseline_init1/pgd_eval_l1_apgd/pgd_validation_results_l1_apgd.csv,convnext_small_baseline_init1,l1_apgd,0.05,convnext_small_baseline_init1,True,baseline,unknown,baseline,1,,l2,,127.5,convnext_small_baseline_init1,l1_apgd,baseline,trades
2026-03-29T18:27:12,model_best,/home/ashtomer/projects/ares/results/models/convnext_small_baseline_init1/model_best.pth.tar,baseline,unknown,1,l1,2.0,255.0,10,51.0,81.164,95.498,12.45,53.71,0.7466426676940918,7.182674982910156,state_dict_ema,/groups/golan_neurogroup/bml_group/tomerash/advmodels/results/models/convnext_small_baseline_init1/pgd_eval_l1_apgd/pgd_validation_results_l1_apgd.csv,convnext_small_baseline_init1,l1_apgd,0.05,convnext_small_baseline_init1,True,baseline,unknown,baseline,1,,l2,,255.0,convnext_small_baseline_init1,l1_apgd,baseline,trades
2026-03-29T20:34:14,model_best,/home/ashtomer/projects/ares/results/models/convnext_small_baseline_init1/model_best.pth.tar,baseline,unknown,1,l1,4.0,510.0,10,102.0,81.164,95.498,14.96,53.96,0.7466426676940918,6.659770849761963,state_dict_ema,/groups/golan_neurogroup/bml_group/tomerash/advmodels/results/models/convnext_small_baseline_init1/pgd_eval_l1_apgd/pgd_validation_results_l1_apgd.csv,convnext_small_baseline_init1,l1_apgd,0.05,convnext_small_baseline_init1,True,baseline,unknown,baseline,1,,l2,,510.0,convnext_small_baseline_init1,l1_apgd,baseline,trades
2026-03-29T22:40:57,model_best,/home/ashtomer/projects/ares/results/models/convnext_small_baseline_init1/model_best.pth.tar,baseline,unknown,1,l1,8.0,1020.0,10,204.0,81.164,95.498,19.938,58.048,0.7466426676940918,5.763472031402588,state_dict_ema,/groups/golan_neurogroup/bml_group/tomerash/advmodels/results/models/convnext_small_baseline_init1/pgd_eval_l1_apgd/pgd_validation_results_l1_apgd.csv,convnext_small_baseline_init1,l1_apgd,0.05,convnext_small_baseline_init1,True,baseline,unknown,baseline,1,,l2,,1020.0,convnext_small_baseline_init1,l1_apgd,baseline,trades
2026-03-30T00:47:11,model_best,/home/ashtomer/projects/ares/results/models/convnext_small_baseline_init1/model_best.pth.tar,baseline,unknown,1,l1,16.0,2040.0,10,408.0,81.164,95.498,27.454,65.528,0.7466426676940918,4.444194863128662,state_dict_ema,/groups/golan_neurogroup/bml_group/tomerash/advmodels/results/models/convnext_small_baseline_init1/pgd_eval_l1_apgd/pgd_validation_results_l1_apgd.csv,convnext_small_baseline_init1,l1_apgd,0.05,convnext_small_baseline_init1,True,baseline,unknown,baseline,1,,l2,,2040.0,convnext_small_baseline_init1,l1_apgd,baseline,trades
2026-03-24T15:05:33,model_best,/home/ashtomer/projects/ares/results/models/convnext_small_baseline_init2/model_best.pth.tar,baseline,unknown,2,linf,1.0,0.0039215686274509,10,0.0007843137254901,78.038,93.274,3.656,9.87,1.0900927336883546,14.643175200805665,state_dict_ema,/groups/golan_neurogroup/bml_group/tomerash/advmodels/results/models/convnext_small_baseline_init2/pgd_eval/pgd_validation_results.csv,convnext_small_baseline_init2,,,convnext_small_baseline_init2,True,baseline,unknown,baseline,2,,l2,,0.00392156862745098,convnext_small_baseline_init2,linf,baseline,trades
2026-03-24T17:09:01,model_best,/home/ashtomer/projects/ares/results/models/convnext_small_baseline_init2/model_best.pth.tar,baseline,unknown,2,linf,2.0,0.0078431372549019,10,0.0015686274509803,78.038,93.274,0.218,0.79,1.0900927336883546,20.825950629272462,state_dict_ema,/groups/golan_neurogroup/bml_group/tomerash/advmodels/results/models/convnext_small_baseline_init2/pgd_eval/pgd_validation_results.csv,convnext_small_baseline_init2,,,convnext_small_baseline_init2,True,baseline,unknown,baseline,2,,l2,,0.00784313725490196,convnext_small_baseline_init2,linf,baseline,trades
2026-03-24T19:12:28,model_best,/home/ashtomer/projects/ares/results/models/convnext_small_baseline_init2/model_best.pth.tar,baseline,unknown,2,linf,4.0,0.0156862745098039,10,0.0031372549019607,78.038,93.274,0.006,0.03,1.0900927336883546,24.26627750854492,state_dict_ema,/groups/golan_neurogroup/bml_group/tomerash/advmodels/results/models/convnext_small_baseline_init2/pgd_eval/pgd_validation_results.csv,convnext_small_baseline_init2,,,convnext_small_baseline_init2,True,baseline,unknown,baseline,2,,l2,,0.01568627450980392,convnext_small_baseline_init2,linf,baseline,trades
2026-03-24T21:15:47,model_best,/home/ashtomer/projects/ares/results/models/convnext_small_baseline_init2/model_best.pth.tar,baseline,unknown,2,linf,8.0,0.0313725490196078,10,0.0062745098039215,78.038,93.274,0.0,0.0,1.0900927336883546,25.6059144732666,state_dict_ema,/groups/golan_neurogroup/bml_group/tomerash/advmodels/results/models/convnext_small_baseline_init2/pgd_eval/pgd_validation_results.csv,convnext_small_baseline_init2,,,convnext_small_baseline_init2,True,baseline,unknown,baseline,2,,l2,,0.03137254901960784,convnext_small_baseline_init2,linf,baseline,trades
2026-03-24T23:18:49,model_best,/home/ashtomer/projects/ares/results/models/convnext_small_baseline_init2/model_best.pth.tar,baseline,unknown,2,linf,16.0,0.0627450980392156,10,0.0125490196078431,78.038,93.274,0.0,0.0,1.0900927336883546,25.50090451049805,state_dict_ema,/groups/golan_neurogroup/bml_group/tomerash/advmodels/results/models/convnext_small_baseline_init2/pgd_eval/pgd_validation_results.csv,convnext_small_baseline_init2,,,convnext_small_baseline_init2,True,baseline,unknown,baseline,2,,l2,,0.06274509803921569,convnext_small_baseline_init2,linf,baseline,trades
2026-03-25T03:25:30,model_best,/home/ashtomer/projects/ares/results/models/convnext_small_baseline_init2/model_best.pth.tar,baseline,unknown,2,l2,1.0,1.0,10,0.2,78.038,93.274,3.89,11.532,1.0900927336883546,14.013167982177734,state_dict_ema,/groups/golan_neurogroup/bml_group/tomerash/advmodels/results/models/convnext_small_baseline_init2/pgd_eval/pgd_validation_results.csv,convnext_small_baseline_init2,,,convnext_small_baseline_init2,True,baseline,unknown,baseline,2,,l2,,1.0,convnext_small_baseline_init2,l2,baseline,trades
2026-03-25T05:28:43,model_best,/home/ashtomer/projects/ares/results/models/convnext_small_baseline_init2/model_best.pth.tar,baseline,unknown,2,l2,2.0,2.0,10,0.4,78.038,93.274,0.408,1.858,1.0900927336883546,19.96371116088867,state_dict_ema,/groups/golan_neurogroup/bml_group/tomerash/advmodels/results/models/convnext_small_baseline_init2/pgd_eval/pgd_validation_results.csv,convnext_small_baseline_init2,,,convnext_small_baseline_init2,True,baseline,unknown,baseline,2,,l2,,2.0,convnext_small_baseline_init2,l2,baseline,trades
2026-03-25T07:31:40,model_best,/home/ashtomer/projects/ares/results/models/convnext_small_baseline_init2/model_best.pth.tar,baseline,unknown,2,l2,4.0,4.0,10,0.8,78.038,93.274,0.016,0.18,1.0900927336883546,24.052646446533203,state_dict_ema,/groups/golan_neurogroup/bml_group/tomerash/advmodels/results/models/convnext_small_baseline_init2/pgd_eval/pgd_validation_results.csv,convnext_small_baseline_init2,,,convnext_small_baseline_init2,True,baseline,unknown,baseline,2,,l2,,4.0,convnext_small_baseline_init2,l2,baseline,trades
2026-03-25T09:34:31,model_best,/home/ashtomer/projects/ares/results/models/convnext_small_baseline_init2/model_best.pth.tar,baseline,unknown,2,l2,8.0,8.0,10,1.6,78.038,93.274,0.0,0.014,1.0900927336883546,25.9160859375,state_dict_ema,/groups/golan_neurogroup/bml_group/tomerash/advmodels/results/models/convnext_small_baseline_init2/pgd_eval/pgd_validation_results.csv,convnext_small_baseline_init2,,,convnext_small_baseline_init2,True,baseline,unknown,baseline,2,,l2,,8.0,convnext_small_baseline_init2,l2,baseline,trades
2026-03-25T11:37:49,model_best,/home/ashtomer/projects/ares/results/models/convnext_small_baseline_init2/model_best.pth.tar,baseline,unknown,2,l2,16.0,16.0,10,3.2,78.038,93.274,0.0,0.002,1.0900927336883546,26.21374773376465,state_dict_ema,/groups/golan_neurogroup/bml_group/tomerash/advmodels/results/models/convnext_small_baseline_init2/pgd_eval/pgd_validation_results.csv,convnext_small_baseline_init2,,,convnext_small_baseline_init2,True,baseline,unknown,baseline,2,,l2,,16.0,convnext_small_baseline_init2,l2,baseline,trades
2026-03-30T02:47:33,model_best,/home/ashtomer/projects/ares/results/models/convnext_small_baseline_init2/model_best.pth.tar,baseline,unknown,2,l1,1.0,127.5,10,25.5,78.038,93.274,18.944,44.326,1.0900927336883546,6.223387974853516,state_dict_ema,/groups/golan_neurogroup/bml_group/tomerash/advmodels/results/models/convnext_small_baseline_init2/pgd_eval_l1_apgd/pgd_validation_results_l1_apgd.csv,convnext_small_baseline_init2,l1_apgd,0.05,convnext_small_baseline_init2,True,baseline,unknown,baseline,2,,l2,,127.5,convnext_small_baseline_init2,l1_apgd,baseline,trades
2026-03-30T04:46:11,model_best,/home/ashtomer/projects/ares/results/models/convnext_small_baseline_init2/model_best.pth.tar,baseline,unknown,2,l1,2.0,255.0,10,51.0,78.038,93.274,19.368,42.216,1.0900927336883546,6.118782602386474,state_dict_ema,/groups/golan_neurogroup/bml_group/tomerash/advmodels/results/models/convnext_small_baseline_init2/pgd_eval_l1_apgd/pgd_validation_results_l1_apgd.csv,convnext_small_baseline_init2,l1_apgd,0.05,convnext_small_baseline_init2,True,baseline,unknown,baseline,2,,l2,,255.0,convnext_small_baseline_init2,l1_apgd,baseline,trades
2026-03-30T06:44:56,model_best,/home/ashtomer/projects/ares/results/models/convnext_small_baseline_init2/model_best.pth.tar,baseline,unknown,2,l1,4.0,510.0,10,102.0,78.038,93.274,21.12,43.874,1.0900927336883546,5.704035775146484,state_dict_ema,/groups/golan_neurogroup/bml_group/tomerash/advmodels/results/models/convnext_small_baseline_init2/pgd_eval_l1_apgd/pgd_validation_results_l1_apgd.csv,convnext_small_baseline_init2,l1_apgd,0.05,convnext_small_baseline_init2,True,baseline,unknown,baseline,2,,l2,,510.0,convnext_small_baseline_init2,l1_apgd,baseline,trades
2026-03-30T08:43:55,model_best,/home/ashtomer/projects/ares/results/models/convnext_small_baseline_init2/model_best.pth.tar,baseline,unknown,2,l1,8.0,1020.0,10,204.0,78.038,93.274,25.926,50.742,1.0900927336883546,4.876596847229004,state_dict_ema,/groups/golan_neurogroup/bml_group/tomerash/advmodels/results/models/convnext_small_baseline_init2/pgd_eval_l1_apgd/pgd_validation_results_l1_apgd.csv,convnext_small_baseline_init2,l1_apgd,0.05,convnext_small_baseline_init2,True,baseline,unknown,baseline,2,,l2,,1020.0,convnext_small_baseline_init2,l1_apgd,baseline,trades
2026-03-30T10:42:45,model_best,/home/ashtomer/projects/ares/results/models/convnext_small_baseline_init2/model_best.pth.tar,baseline,unknown,2,l1,16.0,2040.0,10,408.0,78.038,93.274,31.272,57.116,1.0900927336883546,4.18918846786499,state_dict_ema,/groups/golan_neurogroup/bml_group/tomerash/advmodels/results/models/convnext_small_baseline_init2/pgd_eval_l1_apgd/pgd_validation_results_l1_apgd.csv,convnext_small_baseline_init2,l1_apgd,0.05,convnext_small_baseline_init2,True,baseline,unknown,baseline,2,,l2,,2040.0,convnext_small_baseline_init2,l1_apgd,baseline,trades
